# Blender v3.0.1 OBJ File: ''
# www.blender.org
mtllib frog_fixed.mtl
o hunyuan3d_mv_mesh
v -0.411856 -0.999634 -0.537847
v -0.432944 -0.987470 -0.558599
v -0.416642 -0.988218 -0.571428
v -0.379891 -0.996934 -0.558398
v -0.357506 -0.990431 -0.562563
v -0.343777 -0.991256 -0.541852
v -0.371766 -1.000598 -0.520564
v -0.423954 -0.994610 -0.512682
v -0.338578 -0.987621 -0.518281
v -0.396186 -0.991938 -0.494803
v -0.373949 -0.989210 -0.496740
v -0.441410 -0.975915 -0.569696
v -0.376761 -0.981620 -0.579534
v -0.477928 -0.960611 -0.532221
v -0.451293 -0.981652 -0.519240
v -0.319471 -0.975933 -0.542042
v -0.449366 -0.976169 -0.496520
v -0.346505 -0.980150 -0.499018
v -0.423777 -0.975668 -0.477202
v -0.391966 -0.979727 -0.481851
v -0.339331 -0.968155 -0.593001
v -0.322342 -0.971613 -0.574133
v -0.324749 -0.972874 -0.519934
v -0.327182 -0.955968 -0.498061
v -0.345552 -0.963189 -0.494205
v -0.355529 -0.955624 -0.603571
v -0.428170 -0.945067 -0.593767
v -0.321438 -0.957607 -0.592918
v -0.287667 -0.964087 -0.550747
v -0.294033 -0.958429 -0.581837
v -0.484295 -0.946918 -0.555056
v -0.289074 -0.963205 -0.526397
v -0.503994 -0.936066 -0.502224
v -0.296628 -0.956956 -0.503022
v -0.498296 -0.930522 -0.476797
v -0.389216 -0.948224 -0.470508
v -0.458442 -0.947451 -0.580554
v -0.307990 -0.941585 -0.485728
v -0.460922 -0.944921 -0.468971
v -0.417672 -0.946122 -0.462367
v -0.402036 -0.924030 -0.609015
v -0.330864 -0.938497 -0.600410
v -0.355909 -0.937343 -0.608548
v -0.301880 -0.930600 -0.607659
v -0.280983 -0.941402 -0.590593
v -0.261165 -0.941657 -0.566116
v -0.245965 -0.932565 -0.534100
v -0.524663 -0.913098 -0.524186
v -0.510656 -0.920861 -0.546163
v -0.267764 -0.938269 -0.509305
v -0.283777 -0.942209 -0.496625
v -0.362143 -0.924748 -0.480875
v -0.422431 -0.919467 -0.459256
v -0.450185 -0.934648 -0.459521
v -0.320201 -0.923502 -0.608103
v -0.469170 -0.921209 -0.587404
v -0.492748 -0.922505 -0.569039
v -0.262584 -0.927929 -0.582000
v -0.340571 -0.915498 -0.471603
v -0.296595 -0.921260 -0.479093
v -0.371398 -0.908293 -0.472590
v -0.493983 -0.911631 -0.449760
v -0.399932 -0.918889 -0.463374
v -0.437218 -0.900631 -0.605706
v -0.367597 -0.907463 -0.612400
v -0.343781 -0.914773 -0.602781
v -0.283045 -0.913560 -0.602469
v -0.487873 -0.895098 -0.585434
v -0.236733 -0.909545 -0.569078
v -0.232730 -0.912988 -0.539754
v -0.240437 -0.909797 -0.499132
v -0.274327 -0.918131 -0.490873
v -0.251905 -0.906273 -0.483445
v -0.531699 -0.898616 -0.475038
v -0.520920 -0.891035 -0.447357
v -0.254057 -0.910591 -0.589071
v -0.515424 -0.890634 -0.562602
v -0.546284 -0.882022 -0.487528
v -0.284839 -0.904767 -0.479114
v -0.380054 -0.888390 -0.463494
v -0.343798 -0.889194 -0.456775
v -0.476238 -0.877062 -0.423015
v -0.411245 -0.876766 -0.610677
v -0.351025 -0.891563 -0.601403
v -0.535437 -0.878369 -0.541875
v -0.224185 -0.896317 -0.522947
v -0.549201 -0.870696 -0.516945
v -0.296518 -0.891047 -0.469190
v -0.385999 -0.864185 -0.454276
v -0.439245 -0.875449 -0.434015
v -0.479067 -0.873825 -0.590622
v -0.338471 -0.869049 -0.608299
v -0.317892 -0.876731 -0.610170
v -0.242090 -0.876291 -0.584526
v -0.545317 -0.866427 -0.452260
v -0.316049 -0.877065 -0.458460
v -0.290722 -0.868450 -0.442964
v -0.261121 -0.878574 -0.453304
v -0.364524 -0.853216 -0.440978
v -0.501807 -0.858141 -0.412256
v -0.463733 -0.873699 -0.423252
v -0.400221 -0.846148 -0.605118
v -0.463014 -0.843425 -0.597706
v -0.366940 -0.865519 -0.598305
v -0.354547 -0.874416 -0.599332
v -0.280710 -0.868761 -0.603067
v -0.524181 -0.865394 -0.560034
v -0.227346 -0.876074 -0.564371
v -0.233325 -0.849877 -0.452500
v -0.220027 -0.857775 -0.542336
v -0.567647 -0.834050 -0.484824
v -0.225204 -0.842645 -0.456926
v -0.423763 -0.861474 -0.428502
v -0.331749 -0.855465 -0.445499
v -0.546286 -0.836322 -0.420814
v -0.523002 -0.842898 -0.407559
v -0.481168 -0.857710 -0.404464
v -0.435442 -0.851013 -0.401914
v -0.362845 -0.854091 -0.598151
v -0.496327 -0.842712 -0.583141
v -0.526643 -0.839441 -0.554563
v -0.552464 -0.840632 -0.525561
v -0.218125 -0.859957 -0.506166
v -0.570111 -0.827816 -0.459510
v -0.562887 -0.805716 -0.410827
v -0.384017 -0.853566 -0.442369
v -0.272737 -0.859957 -0.436052
v -0.435865 -0.831440 -0.599980
v -0.379569 -0.830492 -0.590876
v -0.318903 -0.831038 -0.604677
v -0.514875 -0.827465 -0.567446
v -0.240998 -0.831401 -0.573324
v -0.563577 -0.824919 -0.508125
v -0.216912 -0.837846 -0.481045
v -0.345956 -0.839955 -0.433272
v -0.321526 -0.836720 -0.429100
v -0.256691 -0.822922 -0.426522
v -0.495526 -0.824668 -0.370330
v -0.447070 -0.827418 -0.360471
v -0.415535 -0.830520 -0.369567
v -0.355265 -0.826237 -0.603488
v -0.271525 -0.832124 -0.593388
v -0.323879 -0.828698 -0.419170
v -0.284675 -0.824731 -0.416852
v -0.371493 -0.828537 -0.382939
v -0.539269 -0.806086 -0.381534
v -0.550962 -0.802742 -0.528512
v -0.229004 -0.813266 -0.553099
v -0.215125 -0.815402 -0.517424
v -0.570404 -0.804640 -0.492003
v -0.580086 -0.786421 -0.444731
v -0.366037 -0.811016 -0.356071
v -0.389891 -0.801175 -0.339067
v -0.451092 -0.793933 -0.589522
v -0.397935 -0.807157 -0.585100
v -0.383401 -0.809814 -0.588720
v -0.252836 -0.812948 -0.574133
v -0.215083 -0.820359 -0.488526
v -0.579038 -0.782133 -0.463685
v -0.209328 -0.801155 -0.485441
v -0.571587 -0.785644 -0.407086
v -0.226321 -0.801722 -0.433914
v -0.293002 -0.811016 -0.393675
v -0.505755 -0.802012 -0.356379
v -0.447710 -0.791143 -0.331559
v -0.386182 -0.783592 -0.585784
v -0.356689 -0.792720 -0.596063
v -0.329500 -0.793225 -0.593869
v -0.490490 -0.793865 -0.575630
v -0.526283 -0.784272 -0.546224
v -0.209979 -0.793854 -0.456799
v -0.248221 -0.784215 -0.391577
v -0.268962 -0.795168 -0.380950
v -0.339792 -0.794599 -0.348571
v -0.212363 -0.788779 -0.496971
v -0.546528 -0.776934 -0.365644
v -0.270398 -0.781797 -0.368708
v -0.525090 -0.773619 -0.349437
v -0.488183 -0.775961 -0.334906
v -0.380914 -0.776363 -0.324655
v -0.413364 -0.741383 -0.586262
v -0.327477 -0.750652 -0.571220
v -0.517519 -0.752472 -0.551983
v -0.247878 -0.771119 -0.540647
v -0.536659 -0.754659 -0.530462
v -0.232974 -0.771766 -0.523295
v -0.565687 -0.763628 -0.489204
v -0.221825 -0.785969 -0.428883
v -0.580513 -0.753544 -0.411647
v -0.565918 -0.751899 -0.375943
v -0.325327 -0.776793 -0.342696
v -0.490239 -0.751269 -0.570447
v -0.455237 -0.755600 -0.583936
v -0.366477 -0.765180 -0.582369
v -0.219611 -0.766327 -0.489756
v -0.584234 -0.747136 -0.427378
v -0.213697 -0.762537 -0.446868
v -0.244837 -0.763435 -0.383054
v -0.340584 -0.754566 -0.327731
v -0.440289 -0.760735 -0.318160
v -0.405049 -0.755753 -0.314894
v -0.271448 -0.767567 -0.554409
v -0.218086 -0.758921 -0.422879
v -0.547101 -0.729109 -0.344316
v -0.269700 -0.742604 -0.359458
v -0.305283 -0.746514 -0.340216
v -0.519804 -0.729603 -0.329669
v -0.459822 -0.727628 -0.310448
v -0.240845 -0.729713 -0.522405
v -0.562923 -0.705769 -0.487012
v -0.232700 -0.744451 -0.395873
v -0.580852 -0.706696 -0.390366
v -0.495548 -0.730256 -0.320432
v -0.383563 -0.707911 -0.304490
v -0.469905 -0.721220 -0.571345
v -0.357891 -0.726426 -0.573993
v -0.279910 -0.721504 -0.546803
v -0.230318 -0.721778 -0.498075
v -0.221100 -0.726107 -0.462550
v -0.580770 -0.691882 -0.437838
v -0.221243 -0.719709 -0.430059
v -0.576353 -0.705510 -0.374355
v -0.252042 -0.731322 -0.374016
v -0.560096 -0.710117 -0.348068
v -0.498492 -0.709831 -0.553023
v -0.573755 -0.677642 -0.459344
v -0.583969 -0.702307 -0.410318
v -0.334702 -0.686372 -0.316967
v -0.318557 -0.691914 -0.327000
v -0.353476 -0.678957 -0.305883
v -0.430161 -0.686440 -0.566101
v -0.526610 -0.689485 -0.523683
v -0.510791 -0.675661 -0.530307
v -0.549227 -0.686117 -0.501364
v -0.563800 -0.644847 -0.472592
v -0.243662 -0.703051 -0.393968
v -0.545561 -0.689689 -0.320104
v -0.417650 -0.695711 -0.295814
v -0.464407 -0.694301 -0.296008
v -0.392616 -0.695379 -0.569509
v -0.241773 -0.708974 -0.511374
v -0.292794 -0.692454 -0.348700
v -0.523050 -0.655801 -0.286949
v -0.466499 -0.672416 -0.553323
v -0.343849 -0.679065 -0.548105
v -0.281439 -0.693972 -0.534210
v -0.237173 -0.693921 -0.483807
v -0.233314 -0.688084 -0.448239
v -0.241003 -0.691909 -0.415332
v -0.580959 -0.653549 -0.335912
v -0.478541 -0.645141 -0.534992
v -0.251754 -0.689465 -0.503798
v -0.597437 -0.637697 -0.397760
v -0.595477 -0.648688 -0.371182
v -0.270812 -0.682997 -0.376814
v -0.396827 -0.665812 -0.285634
v -0.379952 -0.668542 -0.552162
v -0.243795 -0.676231 -0.467504
v -0.589126 -0.641621 -0.428352
v -0.306961 -0.667633 -0.339061
v -0.559301 -0.639317 -0.296420
v -0.485305 -0.627646 -0.260637
v -0.440689 -0.635953 -0.264647
v -0.289316 -0.661669 -0.501029
v -0.266949 -0.660655 -0.456948
v -0.281847 -0.646195 -0.414770
v -0.286758 -0.654979 -0.378664
v -0.333942 -0.645794 -0.309728
v -0.455485 -0.642009 -0.538360
v -0.396171 -0.631567 -0.527607
v -0.336992 -0.643896 -0.516203
v -0.583192 -0.611735 -0.440164
v -0.308883 -0.627625 -0.354704
v -0.590132 -0.586749 -0.312223
v -0.362520 -0.628936 -0.285527
v -0.527064 -0.616308 -0.500843
v -0.307206 -0.629690 -0.461166
v -0.325604 -0.621738 -0.320099
v -0.533554 -0.601697 -0.259495
v -0.397656 -0.619389 -0.265731
v -0.448456 -0.606619 -0.520326
v -0.484283 -0.618878 -0.522658
v -0.566214 -0.602187 -0.459439
v -0.309001 -0.621697 -0.441727
v -0.299336 -0.624504 -0.403279
v -0.599368 -0.600598 -0.352330
v -0.555549 -0.585242 -0.263515
v -0.343139 -0.621318 -0.492290
v -0.594137 -0.586150 -0.404574
v -0.576025 -0.596777 -0.290669
v -0.467381 -0.588796 -0.238599
v -0.517641 -0.582629 -0.492215
v -0.398966 -0.604395 -0.506981
v -0.351520 -0.601038 -0.473410
v -0.599911 -0.566613 -0.368592
v -0.317548 -0.603938 -0.346629
v -0.392696 -0.587324 -0.256201
v -0.499546 -0.574037 -0.233718
v -0.428932 -0.584960 -0.242003
v -0.482680 -0.578682 -0.500781
v -0.550680 -0.556660 -0.457831
v -0.333057 -0.581429 -0.404544
v -0.320124 -0.596607 -0.384807
v -0.329346 -0.586551 -0.323360
v -0.335923 -0.581432 -0.308280
v -0.350233 -0.587483 -0.286929
v -0.365964 -0.566853 -0.270158
v -0.450768 -0.575868 -0.500503
v -0.391305 -0.575054 -0.478208
v -0.567800 -0.554423 -0.258205
v -0.578377 -0.535414 -0.261386
v -0.531743 -0.531832 -0.220790
v -0.450386 -0.539150 -0.472948
v -0.416007 -0.555161 -0.472304
v -0.356409 -0.561316 -0.419967
v -0.601122 -0.538720 -0.344490
v -0.391285 -0.550623 -0.449853
v -0.574763 -0.545774 -0.424250
v -0.346052 -0.543654 -0.370026
v -0.338816 -0.551579 -0.333142
v -0.345329 -0.549115 -0.298977
v -0.382286 -0.546319 -0.241639
v -0.412170 -0.540197 -0.217978
v -0.455181 -0.524115 -0.196296
v -0.503478 -0.526792 -0.464701
v -0.522963 -0.530148 -0.460475
v -0.589156 -0.524403 -0.383464
v -0.596390 -0.520091 -0.302788
v -0.585938 -0.519691 -0.268772
v -0.505470 -0.531357 -0.209138
v -0.477231 -0.526833 -0.198152
v -0.552977 -0.521354 -0.436513
v -0.360111 -0.538847 -0.266237
v -0.418380 -0.524459 -0.446420
v -0.533733 -0.491684 -0.434535
v -0.391523 -0.515500 -0.416290
v -0.371917 -0.514367 -0.393494
v -0.359131 -0.513860 -0.364169
v -0.346665 -0.518145 -0.323801
v -0.558404 -0.500380 -0.222250
v 0.640918 -0.569905 -0.609183
v 0.665650 -0.583293 -0.566751
v 0.624034 -0.571488 -0.585135
v 0.687654 -0.572211 -0.597540
v 0.717090 -0.579115 -0.547563
v 0.631311 -0.574789 -0.542852
v 0.690989 -0.583528 -0.537353
v 0.677052 -0.579881 -0.510502
v 0.645512 -0.571675 -0.509499
v 0.725860 -0.578756 -0.517525
v 0.709538 -0.575792 -0.492797
v -0.470604 -0.511914 -0.457115
v -0.595845 -0.496800 -0.314902
v -0.346226 -0.524024 -0.295533
v -0.357141 -0.513057 -0.261969
v -0.368972 -0.508309 -0.235975
v -0.382436 -0.490347 -0.210363
v -0.419202 -0.508138 -0.195389
v 0.672896 -0.561786 -0.620924
v 0.734123 -0.560757 -0.578675
v 0.594903 -0.557131 -0.578473
v 0.605722 -0.560654 -0.539300
v 0.748745 -0.554442 -0.570217
v 0.756054 -0.560035 -0.538062
v 0.769109 -0.559430 -0.496818
v 0.650587 -0.558499 -0.481990
v 0.755791 -0.562810 -0.475412
v 0.691307 -0.564630 -0.469677
v -0.512323 -0.495091 -0.444954
v -0.446537 -0.494424 -0.439688
v -0.555643 -0.471754 -0.400980
v -0.348312 -0.499157 -0.293700
v -0.571777 -0.466984 -0.218708
v -0.396517 -0.477165 -0.191509
v 0.638748 -0.552083 -0.638593
v 0.605348 -0.551879 -0.625999
v 0.696796 -0.552777 -0.618596
v 0.721384 -0.552441 -0.600976
v 0.578764 -0.531586 -0.518218
v 0.606848 -0.540731 -0.496496
v 0.648996 -0.539387 -0.463846
v 0.769091 -0.553334 -0.456099
v 0.707897 -0.550788 -0.452956
v 0.738081 -0.548454 -0.446845
v 0.755539 -0.542418 -0.430398
v -0.589554 -0.469673 -0.333620
v -0.542974 -0.468067 -0.191966
v -0.516985 -0.465338 -0.177554
v -0.474434 -0.488486 -0.179415
v 0.650352 -0.535085 -0.653783
v 0.576024 -0.531815 -0.634635
v 0.539343 -0.507492 -0.635477
v 0.733163 -0.539379 -0.609930
v 0.562028 -0.527967 -0.552058
v 0.769717 -0.542496 -0.541785
v 0.783112 -0.544915 -0.486240
v -0.469988 -0.476630 -0.436913
v 0.794040 -0.531889 -0.448381
v 0.672631 -0.532565 -0.451064
v 0.769872 -0.542847 -0.433881
v -0.404468 -0.467863 -0.389573
v -0.575883 -0.472468 -0.372788
v -0.357337 -0.489660 -0.331397
v -0.591030 -0.472746 -0.273110
v -0.583885 -0.456201 -0.242650
v -0.361484 -0.467869 -0.225395
v -0.425913 -0.481554 -0.180356
v 0.607384 -0.530968 -0.658340
v 0.705621 -0.535163 -0.627383
v 0.543810 -0.516983 -0.590609
v 0.755554 -0.532655 -0.586923
v 0.788061 -0.531462 -0.490822
v -0.454754 -0.464636 -0.419515
v 0.720261 -0.529017 -0.437951
v 0.786515 -0.528152 -0.423986
v 0.742675 -0.524204 -0.419958
v 0.777204 -0.522619 -0.412826
v -0.384081 -0.474814 -0.371959
v -0.370312 -0.471226 -0.347657
v -0.590227 -0.453064 -0.308566
v -0.349568 -0.469932 -0.291514
v -0.349364 -0.465711 -0.257805
v -0.430996 -0.458259 -0.164783
v 0.625394 -0.511654 -0.675311
v 0.574298 -0.510387 -0.667265
v 0.713158 -0.517502 -0.640528
v 0.743353 -0.507733 -0.618770
v 0.771741 -0.511158 -0.567028
v 0.577722 -0.512029 -0.496337
v 0.598416 -0.503155 -0.475555
v 0.797220 -0.515849 -0.454809
v 0.647434 -0.515932 -0.453421
v 0.687931 -0.511089 -0.441631
v 0.705505 -0.516180 -0.430795
v 0.694655 -0.505469 -0.406453
v 0.721368 -0.513936 -0.401016
v 0.761073 -0.511828 -0.403372
v -0.481544 -0.450538 -0.161693
v -0.410229 -0.452792 -0.169904
v 0.546652 -0.501660 -0.659774
v -0.512032 -0.411998 -0.384822
v -0.481107 -0.454325 -0.417573
v 0.796540 -0.509627 -0.422140
v -0.436085 -0.431400 -0.387530
v -0.574593 -0.441960 -0.349228
v -0.352892 -0.437845 -0.287202
v -0.350705 -0.445468 -0.236867
v -0.571012 -0.423626 -0.203497
v 0.573491 -0.486584 -0.690943
v 0.546630 -0.483118 -0.682326
v 0.671273 -0.485566 -0.674880
v 0.694878 -0.499836 -0.659087
v 0.505802 -0.483952 -0.625564
v 0.512074 -0.490076 -0.578774
v 0.750146 -0.486626 -0.615882
v 0.784924 -0.498273 -0.504861
v 0.523236 -0.472183 -0.513078
v 0.558488 -0.474960 -0.488536
v 0.656845 -0.489412 -0.443574
v 0.654919 -0.496483 -0.451232
v 0.794679 -0.496103 -0.438985
v -0.536068 -0.405881 -0.369285
v 0.656786 -0.484486 -0.422018
v 0.804659 -0.499177 -0.417980
v 0.797522 -0.495974 -0.398893
v 0.707038 -0.499014 -0.385367
v 0.762791 -0.501853 -0.387157
v 0.747181 -0.479821 -0.361228
v -0.363757 -0.425236 -0.307381
v -0.587785 -0.424990 -0.279447
v -0.585283 -0.412534 -0.257600
v -0.556665 -0.414375 -0.182044
v -0.525482 -0.418355 -0.162871
v 0.599865 -0.473956 -0.698850
v 0.758916 -0.477594 -0.598173
v 0.774747 -0.483079 -0.549968
v 0.510085 -0.473881 -0.535355
v 0.583791 -0.461871 -0.473749
v 0.641717 -0.479268 -0.453898
v 0.658824 -0.475582 -0.407509
v 0.791365 -0.475906 -0.373634
v -0.571118 -0.413041 -0.334146
v -0.576724 -0.399688 -0.300114
v -0.348047 -0.425334 -0.260436
v -0.577290 -0.398369 -0.217051
v -0.361575 -0.426986 -0.200734
v -0.374462 -0.390412 -0.165297
v -0.467660 -0.419954 -0.146601
v -0.424053 -0.403509 -0.142210
v 0.618438 -0.465468 -0.698945
v 0.502916 -0.450925 -0.686192
v 0.725282 -0.461665 -0.650743
v 0.469407 -0.455983 -0.565288
v 0.531530 -0.464046 -0.496143
v 0.784339 -0.474244 -0.458750
v 0.815924 -0.470102 -0.426379
v -0.457181 -0.402010 -0.375128
v 0.822633 -0.467911 -0.412948
v 0.822344 -0.465019 -0.400267
v 0.684454 -0.466552 -0.377009
v 0.808665 -0.465524 -0.378883
v 0.717270 -0.471914 -0.360540
v -0.400631 -0.391719 -0.335221
v -0.386003 -0.376092 -0.309068
v -0.347762 -0.424272 -0.238290
v -0.400683 -0.400313 -0.150571
v 0.554939 -0.442100 -0.712530
v 0.465977 -0.441841 -0.654642
v 0.702463 -0.450703 -0.669370
v 0.467258 -0.454958 -0.619254
v 0.756422 -0.455867 -0.593601
v 0.617465 -0.452389 -0.446501
v 0.612452 -0.459968 -0.463594
v 0.789550 -0.454537 -0.458662
v -0.418375 -0.371406 -0.337172
v 0.779801 -0.447598 -0.347331
v -0.350759 -0.416399 -0.216754
v 0.508399 -0.425033 -0.711660
v 0.734690 -0.441778 -0.635545
v 0.762164 -0.448950 -0.541276
v 0.771054 -0.454395 -0.501156
v 0.477845 -0.436012 -0.514163
v 0.548073 -0.445703 -0.474757
v 0.775525 -0.460656 -0.475330
v 0.635923 -0.432905 -0.411823
v -0.473010 -0.374047 -0.358711
v -0.551756 -0.385693 -0.339838
v 0.696747 -0.452134 -0.365643
v 0.800044 -0.429137 -0.348976
v 0.741376 -0.455957 -0.347541
v -0.357921 -0.363612 -0.256058
v -0.346380 -0.384204 -0.219589
v -0.502710 -0.370092 -0.130669
v 0.565893 -0.428438 -0.716976
v 0.652790 -0.416269 -0.698231
v 0.676289 -0.423464 -0.687827
v 0.459498 -0.420252 -0.677692
v 0.433885 -0.433488 -0.612234
v 0.433215 -0.434281 -0.566892
v 0.434721 -0.423817 -0.545920
v 0.484927 -0.412829 -0.488205
v 0.766831 -0.441819 -0.487202
v 0.582108 -0.420454 -0.459137
v 0.604553 -0.430257 -0.451984
v 0.825490 -0.434388 -0.417068
v -0.515250 -0.370803 -0.351463
v 0.656212 -0.442424 -0.395089
v 0.689449 -0.443742 -0.364335
v 0.691820 -0.440339 -0.348460
v 0.706608 -0.438107 -0.338650
v 0.750635 -0.433707 -0.332779
v -0.366938 -0.354264 -0.270085
v -0.352231 -0.387839 -0.193296
v -0.569993 -0.362758 -0.180334
v -0.553648 -0.367998 -0.159607
v -0.453972 -0.374009 -0.122856
v 0.523498 -0.421377 -0.718052
v 0.427553 -0.419296 -0.648329
v 0.746908 -0.433696 -0.598716
v 0.420341 -0.435229 -0.593322
v 0.388240 -0.428801 -0.565350
v 0.526318 -0.413358 -0.466283
v 0.769731 -0.421439 -0.490415
v 0.820446 -0.421411 -0.432145
v 0.643303 -0.432845 -0.397167
v 0.643014 -0.427692 -0.374951
v 0.832757 -0.411343 -0.396858
v 0.826942 -0.421540 -0.376343
v -0.441790 -0.346849 -0.334900
v 0.817548 -0.420140 -0.360305
v -0.573634 -0.365445 -0.238194
v -0.351149 -0.367267 -0.238227
v -0.529254 -0.370392 -0.142324
v -0.393810 -0.339498 -0.115706
v 0.464023 -0.406469 -0.691457
v 0.372015 -0.420696 -0.618672
v 0.315250 -0.413104 -0.599415
v 0.278691 -0.410431 -0.573700
v 0.286208 -0.412357 -0.553872
v 0.384932 -0.422054 -0.540727
v 0.318112 -0.413242 -0.533967
v 0.442233 -0.405997 -0.520063
v 0.753507 -0.426679 -0.511627
v 0.782153 -0.409999 -0.473160
v 0.806965 -0.412851 -0.450113
v 0.610265 -0.423015 -0.430937
v 0.614196 -0.419140 -0.400895
v -0.532820 -0.344516 -0.323026
v 0.658672 -0.412817 -0.344112
v -0.547853 -0.337529 -0.295193
v 0.692226 -0.408487 -0.324329
v 0.726958 -0.412201 -0.320237
v 0.772885 -0.413183 -0.329079
v -0.571308 -0.330642 -0.211626
v -0.347067 -0.364400 -0.202623
v -0.365277 -0.363807 -0.156064
v -0.426906 -0.358278 -0.116101
v 0.412999 -0.403378 -0.668371
v 0.694954 -0.400786 -0.672469
v 0.358059 -0.410176 -0.635059
v 0.307753 -0.396379 -0.629878
v 0.727244 -0.405931 -0.619876
v 0.240868 -0.400302 -0.588890
v 0.172076 -0.392529 -0.561403
v 0.736581 -0.410232 -0.578742
v 0.263357 -0.403854 -0.522463
v 0.384331 -0.408403 -0.520005
v 0.345131 -0.404948 -0.514279
v 0.431662 -0.399942 -0.517452
v 0.736703 -0.411918 -0.542384
v 0.292655 -0.394856 -0.496443
v 0.500271 -0.388061 -0.463328
v 0.549579 -0.404112 -0.447737
v 0.576080 -0.409422 -0.433536
v -0.564554 -0.349274 -0.264949
v -0.346793 -0.341782 -0.184657
v -0.355987 -0.346792 -0.160616
v -0.523507 -0.328601 -0.126676
v -0.445376 -0.329624 -0.101544
v -0.488766 -0.329382 -0.113609
v 0.498150 -0.397064 -0.718034
v 0.622712 -0.380074 -0.711068
v 0.409560 -0.393495 -0.677392
v 0.660959 -0.385649 -0.696507
v 0.367751 -0.397846 -0.658083
v 0.240230 -0.392445 -0.609185
v 0.152459 -0.385816 -0.590222
v 0.095543 -0.376732 -0.543017
v 0.181308 -0.382383 -0.510973
v 0.739572 -0.402434 -0.524807
v 0.237674 -0.383193 -0.493090
v 0.334193 -0.385775 -0.485699
v 0.373046 -0.382841 -0.494937
v 0.563448 -0.389670 -0.422252
v 0.804992 -0.385303 -0.449730
v 0.637645 -0.399712 -0.354105
v -0.505513 -0.330790 -0.329069
v -0.476678 -0.332422 -0.331336
v -0.430049 -0.335726 -0.325772
v 0.824314 -0.385575 -0.358382
v -0.411174 -0.323222 -0.309980
v 0.681608 -0.386406 -0.320104
v -0.347156 -0.325522 -0.205323
v -0.569254 -0.323537 -0.187573
v -0.561246 -0.326461 -0.159298
v -0.544908 -0.313514 -0.138853
v -0.407552 -0.348095 -0.053679
v -0.395871 -0.347244 -0.039219
v -0.412499 -0.347465 -0.044885
v 0.517980 -0.376211 -0.727984
v 0.544610 -0.377633 -0.726922
v 0.369200 -0.381477 -0.672783
v 0.324418 -0.381458 -0.655059
v 0.689645 -0.355868 -0.656377
v 0.242235 -0.372926 -0.642453
v 0.172441 -0.371586 -0.628899
v 0.058755 -0.373738 -0.580357
v 0.071715 -0.369956 -0.606527
v 0.056687 -0.373964 -0.562178
v 0.058496 -0.363593 -0.524015
v -0.444519 -0.344900 -0.509059
v -0.440615 -0.351404 -0.480680
v -0.502220 -0.353049 -0.476070
v 0.395370 -0.360084 -0.487568
v 0.425840 -0.368238 -0.497634
v 0.444726 -0.362514 -0.494595
v 0.751009 -0.387514 -0.503006
v 0.289530 -0.365749 -0.466558
v 0.229343 -0.359342 -0.471290
v 0.472880 -0.361537 -0.469916
v -0.483727 -0.354271 -0.433190
v -0.415516 -0.350925 -0.447736
v -0.533836 -0.347674 -0.449669
v -0.535167 -0.344951 -0.414420
v 0.543365 -0.375919 -0.431831
v -0.446754 -0.347499 -0.401520
v 0.822021 -0.391961 -0.425299
v -0.500612 -0.337320 -0.363715
v 0.589487 -0.376555 -0.385752
v 0.808935 -0.372899 -0.337112
v 0.656076 -0.388126 -0.332103
v 0.733851 -0.356389 -0.304685
v -0.386619 -0.314237 -0.282600
v -0.373996 -0.322481 -0.123953
v -0.434596 -0.334591 -0.067177
v -0.435253 -0.336559 -0.076682
v -0.403095 -0.335901 -0.081112
v -0.355021 -0.338129 -0.048079
v -0.410618 -0.337437 -0.051651
v -0.397246 -0.336306 -0.036200
v -0.369920 -0.338450 -0.026535
v -0.383376 -0.335268 -0.025849
v 0.422528 -0.355803 -0.696177
v 0.331419 -0.364338 -0.669013
v 0.287691 -0.368287 -0.659595
v -0.003585 -0.357654 -0.628875
v 0.078875 -0.359445 -0.631086
v -0.081265 -0.357008 -0.598147
v -0.074525 -0.355261 -0.613000
v -0.078780 -0.355152 -0.568058
v 0.722446 -0.372771 -0.565701
v -0.060759 -0.350510 -0.543235
v 0.724577 -0.379103 -0.525986
v -0.496090 -0.338969 -0.527715
v -0.546666 -0.334457 -0.517448
v 0.083100 -0.354539 -0.501694
v -0.412790 -0.344940 -0.488932
v -0.562420 -0.332164 -0.462004
v -0.352195 -0.332282 -0.450223
v 0.769513 -0.375833 -0.488194
v 0.327376 -0.364894 -0.466832
v -0.554090 -0.334731 -0.412804
v -0.381148 -0.340004 -0.410652
v 0.507882 -0.351808 -0.441653
v -0.393590 -0.337232 -0.375505
v -0.537275 -0.334044 -0.375442
v -0.441870 -0.330992 -0.343943
v 0.823257 -0.351515 -0.376378
v 0.627564 -0.360752 -0.345481
v -0.453320 -0.333762 -0.334712
v 0.771470 -0.365761 -0.313725
v -0.555796 -0.297379 -0.228360
v -0.355441 -0.284609 -0.227965
v -0.345007 -0.317417 -0.181548
v -0.569283 -0.317585 -0.133786
v -0.583566 -0.321909 -0.113860
v -0.604967 -0.321206 -0.130686
v -0.608084 -0.331419 -0.118098
v -0.629762 -0.319013 -0.100498
v -0.603878 -0.325253 -0.102371
v -0.383967 -0.325759 -0.113372
v -0.615676 -0.318337 -0.091271
v -0.472099 -0.311688 -0.101577
v -0.402878 -0.325661 -0.102826
v -0.432424 -0.325873 -0.092591
v -0.363289 -0.327084 -0.100927
v -0.451527 -0.315988 -0.090059
v -0.434489 -0.327413 -0.071962
v -0.342630 -0.327739 -0.058741
v -0.364604 -0.327825 -0.047321
v -0.354418 -0.327579 -0.043274
v 0.473830 -0.358299 -0.721236
v 0.079553 -0.344071 -0.650148
v 0.169355 -0.350606 -0.650430
v -0.207280 -0.347641 -0.612059
v -0.204616 -0.341869 -0.642571
v -0.088672 -0.348708 -0.630853
v -0.194710 -0.347160 -0.584298
v -0.174129 -0.336007 -0.547585
v -0.499618 -0.318023 -0.554359
v -0.453995 -0.326062 -0.534993
v -0.532173 -0.325619 -0.544610
v -0.555848 -0.316941 -0.548240
v -0.403987 -0.330282 -0.511624
v -0.073775 -0.337225 -0.524712
v -0.579128 -0.315743 -0.506626
v -0.350906 -0.323510 -0.488034
v 0.736852 -0.357999 -0.513796
v 0.125529 -0.343461 -0.481834
v 0.375770 -0.349637 -0.471808
v 0.544257 -0.348277 -0.420169
v -0.595590 -0.293168 -0.388463
v -0.370082 -0.326781 -0.350301
v -0.504881 -0.327042 -0.341564
v -0.523339 -0.310642 -0.317712
v -0.419936 -0.323944 -0.334195
v -0.507072 -0.322298 -0.331613
v -0.423788 -0.325724 -0.325386
v -0.517611 -0.318601 -0.313435
v -0.525895 -0.308368 -0.298314
v 0.716158 -0.349491 -0.307238
v 0.671094 -0.351630 -0.318162
v -0.534669 -0.296189 -0.276218
v -0.377487 -0.301750 -0.268421
v -0.366163 -0.291930 -0.248632
v -0.346195 -0.296274 -0.160658
v -0.588374 -0.309704 -0.134540
v -0.561727 -0.305146 -0.136041
v -0.559939 -0.312048 -0.121444
v -0.598009 -0.291235 -0.107636
v -0.635031 -0.303890 -0.094653
v -0.575143 -0.302411 -0.107819
v -0.351729 -0.320269 -0.104202
v -0.633313 -0.309229 -0.088334
v -0.397423 -0.314479 -0.087210
v -0.344259 -0.318115 -0.060373
v 0.625217 -0.347697 -0.708441
v 0.350836 -0.319469 -0.691130
v 0.648902 -0.342055 -0.693633
v -0.234258 -0.330276 -0.658742
v -0.166008 -0.326903 -0.669489
v -0.089895 -0.338514 -0.650289
v 0.235326 -0.348388 -0.660664
v 0.284072 -0.348079 -0.670937
v -0.304612 -0.326146 -0.632725
v -0.017274 -0.335027 -0.658873
v -0.321764 -0.324106 -0.607267
v 0.699548 -0.318687 -0.602332
v -0.275955 -0.328616 -0.578980
v 0.713747 -0.360664 -0.600000
v -0.253906 -0.321361 -0.553410
v -0.581547 -0.308880 -0.533105
v 0.717323 -0.345676 -0.565231
v 0.724094 -0.337891 -0.542648
v -0.016081 -0.331434 -0.502248
v -0.613150 -0.286620 -0.484151
v -0.328309 -0.313833 -0.476866
v 0.335736 -0.338290 -0.456170
v 0.298087 -0.329334 -0.451058
v -0.606990 -0.288706 -0.415745
v -0.331313 -0.317696 -0.367405
v -0.557562 -0.312871 -0.361616
v 0.578485 -0.345994 -0.388467
v -0.330720 -0.308485 -0.328306
v 0.824487 -0.356128 -0.357406
v -0.545504 -0.286947 -0.282254
v -0.405788 -0.313972 -0.316972
v 0.641514 -0.345060 -0.331803
v -0.403673 -0.313089 -0.302715
v 0.809270 -0.353492 -0.338239
v -0.555137 -0.280517 -0.215554
v -0.554610 -0.277058 -0.180657
v -0.549195 -0.281026 -0.158050
v -0.355928 -0.294413 -0.132537
v -0.531556 -0.294473 -0.125621
v -0.540618 -0.302745 -0.123474
v -0.522347 -0.290819 -0.123246
v -0.543094 -0.298830 -0.112555
v -0.499437 -0.294531 -0.112025
v -0.363069 -0.300845 -0.114017
v -0.600037 -0.289550 -0.083449
v -0.498420 -0.301656 -0.091121
v -0.483034 -0.307025 -0.088662
v -0.339191 -0.299850 -0.105086
v -0.332383 -0.299531 -0.093723
v -0.639399 -0.292583 -0.079568
v -0.622932 -0.298844 -0.078261
v -0.431419 -0.304055 -0.088244
v -0.387538 -0.307357 -0.093022
v -0.363966 -0.308512 -0.092302
v -0.342703 -0.295413 -0.087770
v 0.490790 -0.335163 -0.728579
v -0.103824 -0.322219 -0.670042
v -0.321218 -0.313275 -0.653088
v 0.059026 -0.326359 -0.663690
v -0.354258 -0.313039 -0.582384
v -0.544411 -0.290341 -0.586273
v -0.390518 -0.288574 -0.539862
v -0.181183 -0.311809 -0.522329
v -0.349986 -0.283089 -0.524054
v -0.088490 -0.314342 -0.506262
v 0.020426 -0.313764 -0.483232
v 0.402020 -0.331698 -0.481862
v 0.445834 -0.325708 -0.484904
v 0.099297 -0.308415 -0.468345
v 0.483879 -0.323399 -0.453644
v -0.299246 -0.302499 -0.429931
v 0.204526 -0.318721 -0.456745
v 0.785658 -0.332146 -0.448755
v -0.304195 -0.305514 -0.391777
v 0.808046 -0.330572 -0.405093
v -0.297104 -0.291619 -0.324246
v -0.585902 -0.288575 -0.345352
v -0.384874 -0.300878 -0.290588
v -0.328084 -0.291673 -0.288529
v -0.532034 -0.297775 -0.295169
v 0.775844 -0.351282 -0.318495
v 0.742141 -0.337329 -0.310717
v -0.547735 -0.289938 -0.247394
v -0.343695 -0.273264 -0.203925
v -0.533450 -0.286176 -0.131543
v -0.559267 -0.286835 -0.127855
v -0.542042 -0.288558 -0.124657
v -0.530083 -0.296255 -0.110706
v -0.532225 -0.270118 -0.092687
v -0.519093 -0.295810 -0.100108
v -0.492559 -0.292690 -0.102425
v -0.635056 -0.283785 -0.084369
v -0.542927 -0.269675 -0.090619
v -0.506097 -0.293391 -0.088358
v -0.474150 -0.287914 -0.086732
v -0.631941 -0.278036 -0.071115
v 0.533199 -0.336576 -0.728325
v 0.461785 -0.326272 -0.723034
v 0.581719 -0.330439 -0.719463
v 0.427211 -0.319009 -0.712184
v -0.298558 -0.302534 -0.675889
v -0.249092 -0.298143 -0.693010
v -0.167496 -0.309594 -0.686460
v -0.054256 -0.306975 -0.680043
v 0.242593 -0.321614 -0.674107
v 0.161832 -0.315288 -0.670041
v -0.401068 -0.300006 -0.629891
v -0.443469 -0.292925 -0.606064
v -0.428007 -0.294942 -0.588224
v -0.473192 -0.286732 -0.577083
v -0.357902 -0.301137 -0.559587
v -0.600655 -0.282507 -0.561772
v -0.421818 -0.288541 -0.553681
v -0.446962 -0.287069 -0.565551
v -0.276088 -0.297192 -0.529710
v -0.229519 -0.299560 -0.525862
v -0.619039 -0.277782 -0.535696
v 0.429753 -0.315476 -0.485834
v 0.375816 -0.327635 -0.466092
v 0.336955 -0.305795 -0.450205
v 0.539853 -0.307329 -0.419180
v 0.820452 -0.341676 -0.358298
v 0.642238 -0.317810 -0.332157
v 0.692597 -0.326407 -0.311786
v 0.792629 -0.329041 -0.325107
v -0.372466 -0.292125 -0.273868
v 0.762700 -0.324530 -0.312370
v -0.542474 -0.284418 -0.264288
v -0.523595 -0.282339 -0.123175
v -0.521453 -0.284000 -0.112512
v -0.303834 -0.291700 -0.112986
v -0.278293 -0.293421 -0.131835
v -0.287046 -0.294547 -0.115594
v -0.260990 -0.289611 -0.128238
v -0.294310 -0.278669 -0.106740
v -0.594285 -0.260334 -0.093393
v -0.646355 -0.269064 -0.079511
v -0.596240 -0.267802 -0.075725
v -0.401018 -0.284713 -0.655474
v -0.458569 -0.284781 -0.623933
v -0.515799 -0.273047 -0.604952
v -0.578591 -0.276700 -0.590930
v -0.431959 -0.288976 -0.570010
v -0.393439 -0.285464 -0.550055
v -0.361290 -0.281919 -0.537128
v -0.164227 -0.290047 -0.506688
v 0.740377 -0.321734 -0.506994
v -0.280577 -0.276184 -0.474944
v -0.647926 -0.262893 -0.454030
v -0.277258 -0.284202 -0.448864
v 0.275670 -0.303786 -0.447447
v -0.633728 -0.272547 -0.385741
v 0.581548 -0.316676 -0.385489
v -0.616756 -0.267077 -0.323604
v -0.277287 -0.277885 -0.360941
v 0.818106 -0.316996 -0.353957
v -0.554146 -0.275470 -0.261067
v -0.362236 -0.284343 -0.260267
v -0.552048 -0.273355 -0.242810
v -0.360243 -0.279369 -0.246831
v -0.340116 -0.252435 -0.174649
v -0.544508 -0.257236 -0.152214
v -0.352729 -0.273000 -0.116319
v -0.269738 -0.281282 -0.137235
v -0.244901 -0.277075 -0.145207
v -0.257382 -0.290253 -0.137687
v -0.232308 -0.279909 -0.138874
v -0.302815 -0.278975 -0.117982
v -0.546093 -0.263762 -0.111430
v -0.518659 -0.270579 -0.112988
v -0.322651 -0.273900 -0.105867
v -0.312401 -0.276056 -0.099596
v -0.633420 -0.246066 -0.083386
v -0.505313 -0.262112 -0.085984
v -0.478173 -0.262405 -0.089026
v -0.456318 -0.259474 -0.082862
v -0.430280 -0.246427 -0.077679
v -0.399252 -0.260868 -0.083406
v -0.343324 -0.261980 -0.094472
v 0.466382 -0.299176 -0.721322
v 0.546250 -0.298043 -0.720927
v -0.299750 -0.285307 -0.691905
v -0.089818 -0.286366 -0.694711
v 0.592081 -0.300085 -0.710325
v 0.021504 -0.292175 -0.680854
v 0.642232 -0.293208 -0.670896
v 0.683303 -0.280013 -0.602464
v -0.498900 -0.280259 -0.595927
v 0.716457 -0.280056 -0.535376
v -0.337587 -0.278232 -0.528297
v -0.308789 -0.271585 -0.515864
v -0.265593 -0.260725 -0.505601
v -0.311843 -0.274624 -0.508036
v -0.025865 -0.290003 -0.482864
v 0.777104 -0.313795 -0.456517
v 0.407570 -0.281161 -0.483292
v 0.367238 -0.287735 -0.461126
v -0.653288 -0.263258 -0.412016
v -0.261418 -0.274057 -0.424364
v -0.250627 -0.262178 -0.374578
v 0.808238 -0.305915 -0.395224
v 0.819205 -0.311736 -0.366180
v -0.680670 -0.249613 -0.346637
v 0.666140 -0.294066 -0.327113
v -0.579157 -0.252968 -0.224120
v -0.614506 -0.255030 -0.276756
v -0.289426 -0.266451 -0.266358
v 0.744364 -0.308231 -0.313118
v -0.563518 -0.264054 -0.234406
v -0.349189 -0.270750 -0.233444
v -0.560755 -0.258649 -0.192741
v -0.522552 -0.246519 -0.124727
v -0.711422 -0.258034 -0.134137
v -0.708964 -0.253460 -0.122909
v -0.718722 -0.251549 -0.130669
v -0.698923 -0.265016 -0.116209
v -0.706936 -0.253467 -0.120635
v -0.698222 -0.252636 -0.132005
v -0.684760 -0.252289 -0.111152
v -0.231389 -0.275308 -0.129946
v -0.696535 -0.251167 -0.103157
v -0.688319 -0.265665 -0.100249
v -0.678969 -0.260858 -0.092606
v -0.340801 -0.260770 -0.105172
v -0.300623 -0.260562 -0.117256
v -0.300205 -0.259162 -0.117231
v -0.687668 -0.254342 -0.089220
v -0.675225 -0.253372 -0.080036
v -0.662460 -0.257663 -0.077611
v -0.661569 -0.251156 -0.088470
v -0.636638 -0.243337 -0.090336
v -0.540389 -0.237013 -0.080914
v -0.505603 -0.232138 -0.079229
v -0.623928 -0.242424 -0.080921
v -0.463071 -0.255659 0.139589
v -0.487681 -0.259089 0.185205
v -0.513379 -0.248002 0.116925
v -0.532633 -0.252556 0.159639
v -0.520169 -0.256566 0.208493
v -0.425916 -0.256366 0.205596
v -0.404886 -0.256934 0.168964
v -0.560032 -0.249762 0.212535
v -0.482403 -0.252839 0.259655
v -0.566428 -0.245168 0.265378
v -0.549281 -0.246912 0.294958
v -0.481470 -0.243634 0.320502
v 0.509207 -0.283985 -0.720926
v -0.291736 -0.259404 -0.707854
v -0.237609 -0.274418 -0.708251
v -0.179947 -0.266743 -0.711468
v 0.328220 -0.293790 -0.692599
v 0.378418 -0.296816 -0.700663
v -0.390004 -0.258660 -0.681829
v 0.218596 -0.285294 -0.680832
v -0.522815 -0.256652 -0.630507
v -0.458731 -0.258841 -0.657406
v 0.663713 -0.288447 -0.640647
v -0.546565 -0.257875 -0.620849
v -0.634376 -0.253155 -0.574437
v -0.606140 -0.245186 -0.613796
v -0.672956 -0.231205 -0.564945
v -0.216833 -0.270003 -0.508170
v -0.097801 -0.272660 -0.490673
v -0.281237 -0.259733 -0.494703
v 0.432629 -0.271486 -0.490417
v 0.448492 -0.281068 -0.486315
v -0.259162 -0.262157 -0.459512
v 0.045109 -0.266706 -0.468284
v 0.130908 -0.273553 -0.459395
v 0.484430 -0.292704 -0.456024
v -0.238480 -0.250496 -0.336366
v 0.616369 -0.301448 -0.359041
v 0.799502 -0.304360 -0.340696
v 0.712426 -0.294380 -0.316830
v -0.254400 -0.256994 -0.300232
v -0.307290 -0.242311 -0.197359
v -0.332110 -0.245500 -0.184171
v -0.336534 -0.261447 -0.215339
v -0.559145 -0.250362 -0.176497
v -0.741588 -0.242484 -0.147224
v -0.713576 -0.244558 -0.140333
v -0.736048 -0.249554 -0.142464
v -0.759287 -0.245082 -0.121676
v -0.765913 -0.243086 -0.130803
v -0.740503 -0.241809 -0.132416
v -0.732369 -0.236985 -0.131961
v -0.699013 -0.243298 -0.131574
v -0.242887 -0.234954 -0.139197
v -0.224737 -0.262730 -0.139532
v -0.770386 -0.238167 -0.119826
v -0.708616 -0.245613 -0.120890
v -0.698227 -0.243671 -0.130977
v -0.350301 -0.234169 -0.117153
v -0.214396 -0.266847 -0.126941
v -0.249334 -0.245758 -0.120784
v -0.236062 -0.229197 -0.114961
v -0.655827 -0.231244 -0.100475
v -0.535018 -0.240161 -0.106491
v -0.300840 -0.258421 -0.116962
v -0.290039 -0.263526 -0.106808
v -0.290188 -0.269649 -0.107974
v -0.611476 -0.246229 -0.090584
v -0.636868 -0.232825 -0.080603
v -0.548130 -0.212795 -0.077166
v -0.477277 -0.239627 0.082696
v -0.409831 -0.243832 0.093498
v -0.375672 -0.249107 0.129000
v -0.568847 -0.241671 0.151704
v -0.585513 -0.241391 0.194322
v -0.340614 -0.246181 0.162973
v -0.334570 -0.243387 0.197536
v -0.394219 -0.247857 0.244899
v -0.607108 -0.233334 0.232347
v -0.433412 -0.244977 0.283193
v -0.604509 -0.238683 0.308628
v -0.554619 -0.240249 0.372978
v -0.519792 -0.243301 0.346226
v -0.615998 -0.234120 0.373122
v -0.650487 -0.225133 0.376682
v -0.476637 -0.235716 0.378594
v -0.610349 -0.229886 0.405221
v -0.538843 -0.231349 0.417075
v -0.579998 -0.224657 0.430737
v -0.639581 -0.233777 0.437610
v -0.679173 -0.228974 0.431808
v -0.658120 -0.229930 0.401565
v -0.604544 -0.230529 0.435710
v -0.626907 -0.228706 0.473362
v -0.664668 -0.223986 0.486138
v -0.610364 -0.229427 0.564527
v -0.616278 -0.225960 0.583474
v -0.627294 -0.226028 0.565726
v -0.635311 -0.222852 0.589743
v -0.123367 -0.263348 -0.707759
v 0.600738 -0.279662 -0.696806
v 0.163778 -0.279053 -0.679374
v -0.581200 -0.226146 -0.647495
v -0.667457 -0.243318 -0.526382
v 0.733344 -0.295562 -0.511635
v -0.282229 -0.261817 -0.504686
v -0.202035 -0.239253 -0.501478
v -0.680783 -0.241654 -0.470844
v -0.029432 -0.256663 -0.478335
v -0.729213 -0.227088 -0.422054
v 0.307767 -0.261991 -0.452004
v 0.354068 -0.266606 -0.459124
v -0.728184 -0.229445 -0.389830
v 0.805963 -0.292515 -0.360118
v 0.639570 -0.276992 -0.351624
v -0.680309 -0.234864 -0.293979
v 0.755199 -0.285704 -0.324590
v -0.265661 -0.241536 -0.240086
v -0.576456 -0.237308 -0.179858
v -0.557711 -0.233266 -0.153121
v -0.741042 -0.225447 -0.149080
v -0.729035 -0.225889 -0.146889
v -0.768523 -0.228344 -0.130515
v -0.758646 -0.210633 -0.111475
v -0.715339 -0.206757 -0.118510
v -0.703784 -0.226818 -0.113037
v -0.689588 -0.219096 -0.123678
v -0.255110 -0.211494 -0.131064
v -0.203062 -0.249088 -0.129021
v -0.770026 -0.213370 -0.113111
v -0.279519 -0.210343 -0.119739
v -0.675543 -0.209188 -0.096190
v -0.519759 -0.229759 -0.106975
v -0.270824 -0.218189 -0.108728
v -0.624797 -0.220985 -0.099225
v -0.345607 -0.237920 -0.096470
v -0.308021 -0.233295 -0.097653
v -0.664146 -0.206362 -0.091117
v -0.619571 -0.233748 -0.082007
v -0.582908 -0.215896 -0.077058
v -0.395127 -0.223511 -0.072397
v -0.524860 -0.223724 0.060510
v -0.547493 -0.230293 0.088551
v -0.594081 -0.220836 0.111494
v -0.358314 -0.239441 0.099833
v -0.309321 -0.234057 0.131958
v -0.622357 -0.222641 0.176014
v -0.637638 -0.223892 0.273817
v -0.343697 -0.235498 0.250253
v -0.383286 -0.226869 0.313099
v -0.659284 -0.222905 0.323875
v -0.399488 -0.224347 0.344637
v -0.420356 -0.230903 0.346868
v -0.673322 -0.216921 0.368329
v -0.686798 -0.220666 0.387380
v -0.422166 -0.226022 0.409799
v -0.720500 -0.202157 0.382459
v -0.704705 -0.219565 0.421898
v -0.466261 -0.221188 0.437222
v -0.563073 -0.221936 0.440752
v -0.516707 -0.216329 0.450412
v -0.701887 -0.218562 0.459236
v -0.725940 -0.208535 0.437499
v -0.596448 -0.221031 0.471700
v -0.571537 -0.207732 0.470199
v -0.697170 -0.209489 0.495856
v -0.611643 -0.210303 0.512442
v -0.637427 -0.212198 0.518142
v -0.640719 -0.214771 0.564330
v -0.624209 -0.210189 0.528727
v -0.599956 -0.211091 0.525322
v -0.597883 -0.214866 0.552404
v -0.664319 -0.203681 0.575883
v -0.619311 -0.208739 0.589728
v -0.659151 -0.206538 0.590141
v -0.639462 -0.212276 0.598256
v -0.357452 -0.239733 -0.700171
v -0.045461 -0.261763 -0.698043
v 0.396399 -0.270011 -0.699880
v 0.563477 -0.279381 -0.711274
v 0.025120 -0.265525 -0.688073
v 0.357069 -0.275269 -0.694647
v -0.526674 -0.234635 -0.654320
v -0.655545 -0.221470 -0.612566
v -0.238481 -0.233343 -0.499288
v -0.253870 -0.240030 -0.485681
v -0.703459 -0.232498 -0.456514
v 0.247443 -0.251083 -0.454182
v 0.530380 -0.273161 -0.433742
v -0.231878 -0.242693 -0.408410
v 0.785347 -0.275086 -0.420228
v 0.593575 -0.269540 -0.388454
v 0.802196 -0.284652 -0.391616
v -0.723361 -0.225563 -0.343638
v 0.726394 -0.273389 -0.329205
v -0.237958 -0.227159 -0.255400
v -0.648376 -0.214045 -0.212562
v -0.674128 -0.217731 -0.244757
v -0.343597 -0.230628 -0.137687
v -0.545570 -0.222198 -0.132753
v -0.771339 -0.201119 -0.120841
v -0.509857 -0.227640 -0.114519
v -0.277281 -0.210417 -0.119724
v -0.216033 -0.236116 -0.121128
v -0.206904 -0.246501 -0.118960
v -0.190913 -0.240085 -0.120825
v -0.650790 -0.207006 -0.107054
v -0.345615 -0.230175 -0.106887
v -0.316695 -0.223490 -0.107200
v -0.267395 -0.218348 -0.109603
v -0.561468 -0.208406 -0.103740
v -0.606153 -0.220638 -0.082534
v -0.353346 -0.227200 -0.087524
v -0.468651 -0.230156 -0.072527
v -0.469255 -0.221013 0.039839
v -0.408933 -0.220688 0.036985
v -0.362851 -0.218079 0.042948
v -0.571419 -0.214765 0.070358
v -0.304285 -0.224146 0.095827
v -0.279712 -0.225241 0.164515
v -0.299288 -0.227009 0.232590
v -0.669486 -0.200475 0.231579
v -0.693995 -0.198519 0.284944
v -0.697488 -0.205067 0.360415
v -0.400058 -0.221320 0.368582
v -0.390592 -0.219345 0.396941
v -0.390409 -0.218430 0.443543
v -0.740919 -0.194336 0.418301
v -0.360145 -0.211231 0.432002
v -0.736031 -0.197874 0.462027
v -0.541860 -0.198587 0.486356
v -0.720343 -0.196714 0.492355
v -0.591558 -0.200541 0.513804
v -0.666596 -0.199750 0.533354
v -0.637156 -0.202890 0.535653
v -0.632944 -0.203420 0.546742
v -0.643448 -0.195596 0.556391
v -0.589522 -0.188158 0.531304
v -0.599468 -0.196461 0.547712
v -0.660585 -0.199915 0.559594
v -0.611956 -0.203255 0.574790
v -0.650237 -0.198604 0.596947
v -0.252532 -0.247526 -0.716660
v 0.234960 -0.258416 -0.681741
v 0.163612 -0.257663 -0.680629
v -0.707749 -0.214666 -0.504134
v -0.253629 -0.238608 -0.495983
v -0.097447 -0.238920 -0.487865
v 0.419836 -0.255788 -0.495261
v 0.146831 -0.245275 -0.460214
v 0.493694 -0.264884 -0.460370
v 0.777443 -0.252351 -0.380057
v 0.784037 -0.273331 -0.351668
v 0.697591 -0.259749 -0.340422
v -0.729849 -0.196967 -0.268323
v -0.596627 -0.209898 -0.146037
v -0.330712 -0.220894 -0.142976
v -0.749570 -0.183445 -0.132130
v -0.704962 -0.193495 -0.129689
v -0.212681 -0.175995 -0.131664
v -0.520666 -0.218221 -0.113200
v -0.193347 -0.208421 -0.109036
v -0.617751 -0.204226 -0.101360
v -0.334869 -0.223586 -0.100531
v -0.321459 -0.235682 -0.097140
v -0.649678 -0.200714 -0.092103
v -0.626037 -0.204575 -0.083996
v -0.314398 -0.203893 -0.088438
v -0.489913 -0.218683 -0.065534
v -0.380294 -0.212363 -0.070285
v -0.329957 -0.217622 0.060177
v -0.614684 -0.193063 0.073583
v -0.266639 -0.211841 0.111169
v -0.669759 -0.191334 0.168593
v -0.641628 -0.195307 0.120337
v -0.256787 -0.216593 0.184143
v -0.256601 -0.208861 0.228654
v -0.300279 -0.212204 0.272221
v -0.341119 -0.209690 0.309828
v -0.718939 -0.188504 0.357505
v -0.384659 -0.208342 0.347830
v -0.387576 -0.201467 0.363967
v -0.381790 -0.203382 0.376202
v -0.357713 -0.202136 0.407144
v -0.344054 -0.206398 0.477591
v -0.468600 -0.201809 0.496068
v -0.393534 -0.204972 0.501373
v -0.691771 -0.185305 0.536709
v -0.677240 -0.189706 0.553762
v -0.642073 -0.191712 0.547523
v -0.673916 -0.191019 0.571782
v -0.616495 -0.193198 0.559996
v -0.647831 -0.181169 0.586843
v -0.662690 -0.188439 0.587159
v -0.204874 -0.215387 -0.723103
v -0.277586 -0.218075 -0.720864
v -0.160096 -0.226410 -0.719088
v -0.082263 -0.226891 -0.710126
v -0.021457 -0.230154 -0.698898
v 0.498387 -0.267062 -0.713144
v -0.445958 -0.219898 -0.685651
v 0.037669 -0.238464 -0.689219
v 0.378718 -0.257500 -0.691474
v 0.562167 -0.252121 -0.697208
v -0.531500 -0.201521 -0.677787
v 0.221812 -0.245531 -0.677862
v -0.693114 -0.201754 -0.609339
v 0.718633 -0.253930 -0.508893
v -0.754451 -0.206214 -0.466684
v 0.448445 -0.253473 -0.501147
v 0.743111 -0.267222 -0.479477
v 0.004498 -0.227907 -0.476801
v 0.475159 -0.252694 -0.483479
v -0.765602 -0.203594 -0.428149
v 0.352926 -0.241779 -0.471014
v -0.192925 -0.182084 -0.454988
v 0.536050 -0.244433 -0.445254
v -0.764304 -0.197043 -0.367547
v 0.780932 -0.257810 -0.411489
v 0.588446 -0.242451 -0.408386
v -0.212624 -0.221305 -0.360791
v 0.662580 -0.243328 -0.366782
v 0.748342 -0.257450 -0.348974
v -0.207697 -0.196446 -0.254143
v -0.254473 -0.212209 -0.199959
v -0.657080 -0.199699 -0.191735
v -0.287318 -0.199628 -0.145430
v -0.737020 -0.171222 -0.132455
v -0.552160 -0.207239 -0.114169
v -0.759190 -0.193670 -0.110095
v -0.345605 -0.212922 -0.118810
v -0.691206 -0.178380 -0.106614
v -0.353848 -0.207818 -0.107733
v -0.251440 -0.199275 -0.114703
v -0.213987 -0.193192 -0.111075
v -0.592528 -0.194754 -0.103504
v -0.350675 -0.214606 -0.098372
v -0.341673 -0.204598 -0.093375
v -0.280883 -0.197949 -0.099238
v -0.572269 -0.200745 -0.071995
v -0.421703 -0.211384 -0.060708
v -0.490941 -0.204842 -0.045226
v -0.538629 -0.185905 0.000731
v -0.500753 -0.199359 0.005999
v -0.450038 -0.205512 0.007347
v -0.229603 -0.204670 0.151751
v -0.681979 -0.184190 0.193446
v -0.744671 -0.177745 0.387377
v -0.327326 -0.195877 0.449882
v -0.754696 -0.173055 0.463029
v -0.736925 -0.176340 0.496999
v -0.301299 -0.184777 0.487347
v -0.558017 -0.174380 0.512678
v -0.325005 -0.196267 0.516116
v -0.445440 -0.189151 0.531685
v -0.375682 -0.186022 0.554014
v -0.681755 -0.179150 0.563173
v -0.606630 -0.182506 0.547159
v -0.635258 -0.185034 0.554145
v -0.635701 -0.183150 0.567983
v -0.369653 -0.207185 -0.706631
v -0.608101 -0.194514 -0.666431
v 0.621888 -0.251619 -0.655959
v -0.649925 -0.196074 -0.650522
v 0.661524 -0.256098 -0.611266
v -0.738022 -0.188291 -0.549073
v -0.162236 -0.216034 -0.498446
v 0.514091 -0.229865 -0.474407
v -0.768979 -0.198306 -0.459877
v 0.285437 -0.223250 -0.467651
v 0.765882 -0.234145 -0.408168
v 0.626356 -0.243007 -0.385703
v -0.746628 -0.190807 -0.292226
v 0.724569 -0.241574 -0.359515
v -0.698014 -0.179461 -0.200501
v -0.222709 -0.186278 -0.203309
v -0.602747 -0.185973 -0.114123
v -0.720214 -0.170121 -0.128748
v -0.756308 -0.163710 -0.122065
v -0.746750 -0.181327 -0.111624
v -0.659116 -0.162949 -0.111012
v -0.276548 -0.207087 -0.119456
v -0.192631 -0.193351 -0.121961
v -0.267305 -0.213431 -0.109026
v -0.664333 -0.178724 -0.088089
v -0.363952 -0.204188 -0.096253
v -0.608371 -0.182519 -0.070194
v -0.511732 -0.193268 -0.026185
v -0.562213 -0.182837 -0.034057
v -0.361353 -0.185497 -0.039196
v -0.438823 -0.197299 -0.024664
v -0.445880 -0.198595 -0.012905
v -0.389068 -0.188850 -0.023486
v -0.328711 -0.183017 -0.001049
v -0.258100 -0.183298 0.047892
v -0.660575 -0.173997 0.102294
v -0.217257 -0.195981 0.129371
v -0.200882 -0.184965 0.183047
v -0.718303 -0.171715 0.256240
v -0.235176 -0.191359 0.235850
v -0.258658 -0.188012 0.269508
v -0.314220 -0.187288 0.314171
v -0.368790 -0.183611 0.351072
v -0.743416 -0.161457 0.361739
v -0.322134 -0.171374 0.422572
v -0.758831 -0.163022 0.419259
v -0.303309 -0.168354 0.449706
v -0.712809 -0.154844 0.540807
v -0.568413 -0.164453 0.526757
v -0.286987 -0.178475 0.546228
v -0.494710 -0.182007 0.531077
v -0.441687 -0.175458 0.565767
v -0.592714 -0.160674 0.549391
v -0.315809 -0.184052 0.556291
v -0.687917 -0.168050 0.556754
v -0.610398 -0.154871 0.558375
v -0.635496 -0.173740 0.559210
v -0.394085 -0.171432 0.582040
v -0.660374 -0.167623 0.571601
v -0.675552 -0.161284 0.561488
v 0.029293 -0.219163 -0.688350
v 0.497811 -0.241214 -0.695808
v 0.114222 -0.226908 -0.681796
v 0.408324 -0.237005 -0.681249
v 0.437297 -0.234323 -0.678677
v 0.189490 -0.228241 -0.673817
v 0.301835 -0.232729 -0.673601
v -0.722175 -0.182663 -0.601897
v 0.693171 -0.238824 -0.540144
v -0.771758 -0.182160 -0.509419
v -0.229609 -0.206766 -0.497260
v -0.211121 -0.193324 -0.507548
v 0.416447 -0.234676 -0.511294
v 0.450756 -0.231479 -0.527852
v -0.080790 -0.194054 -0.493029
v 0.064542 -0.215650 -0.473612
v 0.206148 -0.216217 -0.465598
v 0.723023 -0.234232 -0.473942
v 0.755062 -0.242637 -0.440968
v -0.187888 -0.182777 -0.419674
v 0.762218 -0.239186 -0.382603
v -0.195712 -0.194802 -0.314613
v -0.235105 -0.175040 -0.167079
v -0.230966 -0.174768 -0.133435
v -0.754016 -0.175553 -0.113093
v -0.723425 -0.158137 -0.112628
v -0.324609 -0.189820 -0.108807
v -0.634809 -0.168673 -0.102055
v -0.617031 -0.174490 -0.102105
v -0.283333 -0.189680 -0.109366
v -0.236264 -0.183508 -0.110439
v -0.350603 -0.193258 -0.097394
v -0.318186 -0.194867 -0.098225
v -0.275968 -0.196900 -0.100028
v -0.330329 -0.190870 -0.096831
v -0.319104 -0.190315 -0.077661
v -0.602137 -0.166788 -0.035115
v -0.540277 -0.183572 -0.010432
v -0.348060 -0.176332 -0.023766
v -0.605760 -0.163027 0.019152
v -0.231083 -0.178627 0.069652
v -0.199412 -0.182649 0.113171
v -0.689722 -0.166245 0.143750
v -0.741973 -0.151984 0.278241
v -0.321176 -0.154892 0.410766
v -0.759681 -0.158659 0.458431
v -0.756288 -0.137173 0.488701
v -0.741769 -0.152280 0.507113
v -0.560749 -0.150116 0.539500
v -0.508429 -0.153212 0.572172
v -0.658468 -0.154655 0.562628
v -0.459390 -0.154006 0.595549
v -0.327687 -0.166034 0.598904
v -0.291979 -0.171736 0.586060
v -0.166176 -0.196929 -0.720080
v -0.316103 -0.182074 -0.717512
v -0.458652 -0.191572 -0.693731
v 0.535541 -0.221436 -0.674294
v 0.580546 -0.226208 -0.662654
v -0.687592 -0.170142 -0.653226
v 0.651958 -0.229733 -0.591294
v -0.789146 -0.162310 -0.517791
v 0.355124 -0.218286 -0.494352
v 0.287455 -0.204323 -0.485111
v -0.796710 -0.166413 -0.432895
v -0.798342 -0.159100 -0.489070
v -0.792932 -0.165874 -0.387130
v 0.612417 -0.225318 -0.410458
v -0.794113 -0.150998 -0.347048
v 0.685756 -0.226452 -0.380429
v -0.776126 -0.152514 -0.283818
v -0.763710 -0.149799 -0.243178
v -0.725291 -0.167954 -0.212657
v -0.797944 -0.170093 -0.225561
v -0.788428 -0.173861 -0.229480
v -0.780546 -0.177313 -0.197460
v -0.768588 -0.173872 -0.188209
v -0.769007 -0.170390 -0.174412
v -0.748865 -0.162367 -0.143848
v -0.659159 -0.168516 -0.151502
v -0.687495 -0.148252 -0.124084
v -0.288368 -0.178537 -0.119945
v -0.695984 -0.146437 -0.106585
v -0.664326 -0.147041 -0.078413
v -0.301396 -0.180767 -0.106390
v -0.287015 -0.182122 -0.108657
v -0.276628 -0.194234 -0.098811
v -0.283924 -0.184705 -0.109266
v -0.202909 -0.169684 -0.109614
v -0.265818 -0.166865 -0.089530
v -0.634426 -0.166802 -0.073723
v -0.292198 -0.166386 0.004367
v -0.649819 -0.157351 0.058147
v -0.175885 -0.171979 0.153723
v -0.700762 -0.159858 0.168256
v -0.723916 -0.148439 0.204049
v -0.231445 -0.164997 0.266783
v -0.201700 -0.164809 0.226872
v -0.277884 -0.163161 0.306536
v -0.363365 -0.143072 0.361938
v -0.361077 -0.156917 0.373234
v -0.764881 -0.128762 0.379763
v -0.766964 -0.125583 0.419635
v -0.262907 -0.163165 0.523543
v -0.580704 -0.140640 0.547124
v -0.671174 -0.144365 0.561989
v -0.629156 -0.124663 0.567890
v -0.391265 -0.153921 0.614458
v -0.250333 -0.158694 0.590026
v -0.276991 -0.153876 0.625258
v -0.417810 -0.160290 -0.705236
v -0.103027 -0.185311 -0.711230
v -0.598485 -0.171745 -0.682539
v 0.073350 -0.193831 -0.675508
v 0.466872 -0.219830 -0.665831
v 0.216089 -0.212139 -0.662899
v 0.293855 -0.212918 -0.659345
v 0.404607 -0.222387 -0.665496
v -0.729575 -0.152613 -0.635965
v 0.611601 -0.216318 -0.621824
v -0.766835 -0.159136 -0.579184
v 0.447530 -0.211751 -0.568093
v 0.460332 -0.210433 -0.564544
v 0.507304 -0.205671 -0.520369
v 0.347932 -0.202154 -0.514354
v 0.404874 -0.210261 -0.548423
v -0.201150 -0.189494 -0.508563
v -0.206991 -0.178133 -0.499013
v 0.051003 -0.187717 -0.485970
v 0.204011 -0.196117 -0.478428
v 0.596216 -0.210423 -0.435073
v 0.745131 -0.225444 -0.425634
v 0.726163 -0.222864 -0.390287
v -0.179338 -0.172604 -0.363985
v -0.189591 -0.169051 -0.246889
v -0.745349 -0.159113 -0.217487
v -0.811628 -0.157778 -0.236972
v -0.802831 -0.165501 -0.242170
v -0.807818 -0.148228 -0.228117
v -0.787280 -0.158547 -0.233959
v -0.769443 -0.155014 -0.220637
v -0.782332 -0.159081 -0.180761
v -0.758258 -0.153991 -0.186282
v -0.758780 -0.162334 -0.171759
v -0.705404 -0.144005 -0.158641
v -0.768820 -0.155982 -0.159075
v -0.754725 -0.155764 -0.154564
v -0.735174 -0.153246 -0.145811
v -0.708480 -0.139873 -0.133847
v -0.750191 -0.153722 -0.135430
v -0.634898 -0.160917 -0.113710
v -0.643186 -0.160047 -0.107434
v -0.212883 -0.163633 -0.106389
v -0.282630 -0.164579 -0.076164
v -0.645111 -0.138039 -0.034015
v -0.311176 -0.159841 -0.042576
v -0.626953 -0.146017 -0.002634
v -0.638336 -0.141872 0.020178
v -0.677630 -0.146021 0.083603
v -0.200672 -0.168360 0.082312
v -0.699208 -0.143424 0.131048
v -0.160905 -0.159448 0.135136
v -0.160797 -0.150249 0.182976
v -0.761545 -0.124827 0.332736
v -0.706147 -0.123422 0.553438
v -0.573462 -0.130473 0.553382
v -0.239712 -0.152815 0.557856
v -0.483683 -0.128377 0.617969
v -0.314080 -0.143178 0.638482
v -0.304948 -0.148179 0.629071
v -0.232912 -0.173497 -0.721367
v -0.513680 -0.155477 -0.696597
v -0.666708 -0.152496 -0.678390
v 0.137403 -0.187936 -0.661038
v 0.239158 -0.195211 -0.646001
v 0.309048 -0.201650 -0.644775
v 0.521739 -0.203342 -0.640561
v 0.582183 -0.207505 -0.635197
v 0.414344 -0.210429 -0.642463
v 0.447835 -0.209735 -0.626239
v 0.457542 -0.209509 -0.639477
v 0.642952 -0.211503 -0.574555
v 0.679651 -0.212345 -0.513337
v -0.208514 -0.180849 -0.508410
v -0.059899 -0.176059 -0.497960
v 0.540792 -0.203758 -0.489621
v 0.711866 -0.214479 -0.443606
v 0.632487 -0.202776 -0.432954
v 0.654779 -0.212115 -0.414664
v 0.677436 -0.206549 -0.430019
v -0.180917 -0.165789 -0.293861
v -0.849310 -0.127774 -0.248435
v -0.820677 -0.146464 -0.252742
v -0.811828 -0.159398 -0.247351
v -0.803538 -0.147352 -0.246142
v -0.824940 -0.143087 -0.240687
v -0.791396 -0.138926 -0.238614
v -0.777360 -0.132604 -0.236568
v -0.757394 -0.156957 -0.214718
v -0.777377 -0.138884 -0.165036
v -0.747999 -0.151048 -0.195913
v -0.735723 -0.143904 -0.183884
v -0.746864 -0.131211 -0.168734
v -0.770421 -0.144874 -0.145782
v -0.756046 -0.144892 -0.144990
v -0.683339 -0.144249 -0.134559
v -0.733998 -0.135586 -0.127994
v -0.667377 -0.149709 -0.122439
v -0.255034 -0.159176 -0.131733
v -0.264530 -0.162791 -0.120752
v -0.252003 -0.164025 -0.120408
v -0.225825 -0.139310 -0.125817
v -0.708515 -0.140070 -0.111771
v -0.234469 -0.144338 -0.101383
v -0.299952 -0.145849 -0.026399
v -0.239360 -0.151453 0.023143
v -0.181005 -0.153538 0.085757
v -0.717830 -0.122783 0.142718
v -0.741223 -0.131392 0.224592
v -0.770204 -0.084062 0.452319
v -0.743481 -0.123101 0.515436
v -0.246850 -0.125597 0.492959
v -0.226322 -0.125779 0.531989
v -0.730020 -0.106166 0.533812
v -0.591420 -0.117478 0.557423
v -0.534578 -0.121190 0.593636
v -0.577491 -0.103815 0.575402
v -0.222105 -0.144091 0.588274
v -0.437234 -0.131136 0.633237
v -0.213876 -0.139231 0.627835
v -0.362803 -0.129085 0.652124
v -0.064773 -0.170672 -0.700401
v 0.041556 -0.177243 -0.674501
v 0.183884 -0.182012 -0.644676
v 0.552924 -0.197318 -0.625162
v 0.341140 -0.196304 -0.626289
v 0.531409 -0.190319 -0.600971
v 0.370326 -0.196703 -0.607068
v 0.476792 -0.201763 -0.599075
v 0.382306 -0.198328 -0.576894
v -0.790162 -0.136528 -0.568564
v 0.515345 -0.193175 -0.549964
v -0.804713 -0.134886 -0.530195
v 0.330777 -0.187609 -0.548553
v -0.181538 -0.150696 -0.521017
v -0.130827 -0.156542 -0.513412
v 0.276324 -0.183103 -0.515470
v 0.197369 -0.183952 -0.490221
v 0.126415 -0.178057 -0.493638
v 0.656524 -0.190660 -0.485540
v 0.680963 -0.204931 -0.465273
v 0.580797 -0.193634 -0.476319
v 0.661269 -0.198642 -0.453261
v -0.821118 -0.115767 -0.399383
v -0.789741 -0.106680 -0.200422
v -0.206730 -0.165279 -0.206060
v -0.792377 -0.122451 -0.154348
v -0.743369 -0.122552 -0.154898
v -0.704437 -0.132620 -0.145048
v -0.702001 -0.130608 -0.134352
v -0.704899 -0.112271 -0.098382
v -0.667721 -0.133546 -0.067582
v -0.284286 -0.138717 -0.014770
v -0.665267 -0.115930 0.032315
v -0.690873 -0.108305 0.076852
v -0.153004 -0.144916 0.123645
v -0.750853 -0.107651 0.214000
v -0.765512 -0.106286 0.276583
v -0.234396 -0.131621 0.290671
v -0.266970 -0.117482 0.319946
v -0.345321 -0.143982 0.352436
v -0.293885 -0.099574 0.412576
v -0.763181 -0.095306 0.481082
v -0.202223 -0.108405 0.560116
v -0.658569 -0.094547 0.568201
v -0.212219 -0.130936 0.650573
v -0.305786 -0.117163 0.671581
v -0.270861 -0.121188 0.675426
v -0.243696 -0.127358 0.667396
v -0.192256 -0.150242 -0.714078
v -0.668912 -0.122146 -0.692091
v -0.621046 -0.137496 -0.693196
v -0.724450 -0.123638 -0.666511
v 0.273043 -0.181251 -0.619560
v -0.768482 -0.129811 -0.614263
v 0.321823 -0.182428 -0.585946
v 0.581112 -0.188527 -0.589148
v 0.619472 -0.191563 -0.566304
v 0.537124 -0.185987 -0.575807
v -0.185423 -0.142370 -0.511239
v 0.636442 -0.186005 -0.510586
v -0.175300 -0.143170 -0.487528
v 0.567903 -0.185743 -0.512042
v 0.209525 -0.169824 -0.514253
v -0.820318 -0.117697 -0.482197
v -0.821712 -0.118368 -0.442121
v -0.166208 -0.138581 -0.458004
v 0.609369 -0.186890 -0.478957
v -0.163131 -0.140679 -0.393450
v -0.806592 -0.113856 -0.328289
v -0.783304 -0.111523 -0.242033
v -0.844154 -0.123157 -0.254200
v -0.828421 -0.119723 -0.249116
v -0.855652 -0.106213 -0.237716
v -0.809862 -0.108981 -0.238549
v -0.820351 -0.116372 -0.229320
v -0.788765 -0.108445 -0.232663
v -0.797495 -0.098485 -0.209587
v -0.780546 -0.115390 -0.174337
v -0.781782 -0.108759 -0.166293
v -0.227108 -0.129975 -0.133570
v -0.785317 -0.118103 -0.147768
v -0.727718 -0.122189 -0.119785
v -0.212828 -0.141792 -0.122255
v -0.220717 -0.140794 -0.101515
v -0.694055 -0.096265 -0.071864
v -0.256845 -0.126526 -0.063513
v -0.284540 -0.135821 -0.040170
v -0.652471 -0.120210 0.001249
v -0.237993 -0.137337 0.012023
v -0.131644 -0.113644 0.137586
v -0.154786 -0.123279 0.207920
v -0.184674 -0.118562 0.244863
v -0.347980 -0.105691 0.369851
v -0.315340 -0.100359 0.394340
v -0.777169 -0.091395 0.413941
v -0.252667 -0.100204 0.460553
v -0.697102 -0.081006 0.553835
v -0.518936 -0.088766 0.633995
v -0.191388 -0.108381 0.595748
v -0.194334 -0.119535 0.640371
v -0.470368 -0.108009 0.643557
v -0.395596 -0.101299 0.675478
v -0.212790 -0.106997 0.686236
v -0.299068 -0.127838 -0.711135
v -0.357875 -0.132683 -0.709151
v -0.563166 -0.118891 -0.699902
v -0.082584 -0.147836 -0.695003
v 0.044052 -0.159005 -0.662467
v 0.220578 -0.170108 -0.614652
v 0.067038 -0.148666 -0.645559
v 0.260564 -0.169322 -0.572012
v 0.594253 -0.183822 -0.551949
v 0.211558 -0.161031 -0.537577
v 0.600585 -0.181469 -0.516426
v -0.020774 -0.151009 -0.510225
v 0.044591 -0.152574 -0.511874
v -0.158322 -0.126356 -0.327483
v -0.815871 -0.102364 -0.238579
v -0.813448 -0.101240 -0.237457
v -0.176136 -0.138459 -0.244294
v -0.815977 -0.116277 -0.227271
v -0.199605 -0.126801 -0.182130
v -0.733895 -0.107683 -0.156770
v -0.724704 -0.115692 -0.145651
v -0.759129 -0.099161 -0.145373
v -0.211853 -0.123096 -0.111681
v -0.673178 -0.095963 -0.024845
v -0.175839 -0.116919 0.047829
v -0.132983 -0.107547 0.106620
v -0.135219 -0.107869 0.180278
v -0.782032 -0.076640 0.360649
v -0.349234 -0.101600 0.355295
v -0.326159 -0.102880 0.350572
v -0.749191 -0.082043 0.508865
v -0.617646 -0.090700 0.564354
v -0.556116 -0.073510 0.620754
v -0.432291 -0.091701 0.672438
v -0.195792 -0.102531 0.681385
v -0.318885 -0.102406 0.684761
v -0.273471 -0.095385 0.697741
v -0.437848 -0.127360 -0.704016
v -0.709757 -0.109495 -0.684596
v -0.753033 -0.106898 -0.652250
v -0.797936 -0.098840 -0.594329
v -0.812161 -0.096794 -0.563759
v 0.193391 -0.156613 -0.598215
v 0.207858 -0.156253 -0.561949
v 0.097902 -0.146035 -0.531233
v -0.186063 -0.137516 -0.519924
v -0.106769 -0.128814 -0.530522
v -0.158815 -0.114608 -0.278346
v -0.852988 -0.103436 -0.249126
v -0.830452 -0.105342 -0.228687
v -0.830445 -0.104309 -0.227944
v -0.820290 -0.113484 -0.227803
v -0.829044 -0.105373 -0.227905
v -0.821721 -0.084735 -0.218598
v -0.792271 -0.099067 -0.161179
v -0.797172 -0.099552 -0.148237
v -0.223794 -0.113603 -0.125354
v -0.729740 -0.077214 -0.112515
v -0.212344 -0.117937 -0.102038
v -0.221237 -0.110942 -0.086660
v -0.269682 -0.107039 -0.028753
v -0.675209 -0.083455 0.011902
v -0.202224 -0.102293 0.011561
v -0.734096 -0.086913 0.138299
v -0.269973 -0.079025 0.329386
v -0.353915 -0.063692 0.359640
v -0.733074 -0.053594 0.519850
v -0.628209 -0.072088 0.566713
v -0.245919 -0.095641 0.699175
v -0.245676 -0.112308 -0.703945
v -0.086235 -0.136593 -0.687948
v -0.034641 -0.135577 -0.670661
v -0.774966 -0.093269 -0.634526
v 0.086600 -0.138419 -0.619411
v 0.112944 -0.137961 -0.589821
v 0.106392 -0.136473 -0.567410
v 0.094767 -0.137750 -0.550993
v -0.170146 -0.127949 -0.532303
v -0.825059 -0.085151 -0.531635
v 0.005652 -0.132855 -0.530993
v -0.807349 -0.099839 -0.314245
v -0.783084 -0.092696 -0.233329
v -0.863321 -0.093653 -0.238415
v -0.849604 -0.085606 -0.238159
v -0.826845 -0.095327 -0.238735
v -0.853763 -0.085021 -0.225970
v -0.177415 -0.088020 -0.176368
v -0.806984 -0.079562 -0.156943
v -0.754788 -0.066517 -0.136775
v -0.254563 -0.091876 -0.018979
v -0.709620 -0.067273 0.081757
v -0.760917 -0.063871 0.197975
v -0.778499 -0.059127 0.274148
v -0.219664 -0.069590 0.297683
v -0.289795 -0.078025 0.337203
v -0.774026 -0.068089 0.450530
v -0.751395 -0.059428 0.500087
v -0.201659 -0.079982 0.528672
v -0.670844 -0.053556 0.556159
v -0.603601 -0.059357 0.586482
v -0.168721 -0.078018 0.634001
v -0.376161 -0.066713 0.704277
v -0.664280 -0.071050 -0.704509
v -0.422169 -0.098298 -0.702792
v -0.691811 -0.090728 -0.698049
v -0.014400 -0.123406 -0.646031
v -0.172006 -0.120198 -0.536963
v 0.025934 -0.122691 -0.557223
v -0.174398 -0.119308 -0.522295
v -0.076550 -0.122568 -0.537206
v -0.835082 -0.059335 -0.500694
v -0.150687 -0.103565 -0.435612
v -0.834089 -0.066681 -0.425809
v -0.147523 -0.098492 -0.376985
v -0.821435 -0.059325 -0.336817
v -0.798791 -0.060046 -0.264328
v -0.819489 -0.073895 -0.227199
v -0.805491 -0.068092 -0.218981
v -0.787570 -0.085312 -0.218822
v -0.822462 -0.073395 -0.217685
v -0.788898 -0.073468 -0.198425
v -0.775629 -0.070035 -0.179341
v -0.784019 -0.066378 -0.148798
v -0.198780 -0.075251 -0.135308
v -0.225089 -0.096605 -0.112860
v -0.207605 -0.096884 -0.102918
v -0.210173 -0.094545 -0.090406
v -0.695806 -0.042894 -0.017707
v -0.237746 -0.054440 -0.028988
v -0.165066 -0.087835 0.038306
v -0.787587 -0.042932 0.335385
v -0.347259 -0.055140 0.349633
v -0.256214 -0.075968 0.444159
v -0.177207 -0.070566 0.573261
v -0.168285 -0.070799 0.604623
v -0.554770 -0.057179 0.629502
v -0.514453 -0.052547 0.656541
v -0.433435 -0.069248 0.685124
v -0.165207 -0.063499 0.672485
v -0.181809 -0.063506 0.710529
v -0.314446 -0.049961 0.714054
v -0.194366 -0.064595 0.717342
v -0.261838 -0.066998 0.715441
v -0.314694 -0.103345 -0.700553
v -0.749525 -0.062761 -0.676898
v -0.179448 -0.102392 -0.681327
v -0.005073 -0.115328 -0.618693
v 0.012428 -0.115479 -0.593235
v -0.097845 -0.106852 -0.557674
v -0.162351 -0.092068 -0.527443
v -0.155871 -0.101788 -0.486469
v -0.808365 -0.062236 -0.298478
v -0.150047 -0.064444 -0.227600
v -0.776620 -0.075522 -0.219363
v -0.774672 -0.073093 -0.203076
v -0.805532 -0.049593 -0.161503
v -0.796839 -0.072263 -0.147577
v -0.807218 -0.077676 -0.144953
v -0.199307 -0.064278 -0.125465
v -0.710439 -0.055742 -0.073696
v -0.227596 -0.066550 -0.051978
v -0.692334 -0.040814 0.021339
v -0.743762 -0.061188 0.139674
v -0.114554 -0.064206 0.175878
v -0.131916 -0.061093 0.212329
v -0.166705 -0.072133 0.250040
v -0.170027 -0.051132 0.260687
v -0.339970 -0.059742 0.347277
v -0.787035 -0.028139 0.433244
v -0.771274 -0.013271 0.492088
v -0.225705 -0.045286 0.471640
v -0.713297 -0.066423 -0.695889
v -0.518082 -0.066137 -0.703902
v -0.350566 -0.074542 -0.691100
v -0.162576 -0.089443 -0.651717
v -0.108427 -0.096049 -0.633887
v -0.810736 -0.059073 -0.591800
v -0.057003 -0.107317 -0.569494
v -0.170334 -0.101105 -0.557327
v -0.173264 -0.088234 -0.556549
v -0.142891 -0.061607 -0.270623
v -0.785660 -0.044238 -0.230306
v -0.764908 -0.064597 -0.192196
v -0.764945 -0.056037 -0.171561
v -0.774765 -0.053562 -0.167076
v -0.816383 -0.057992 -0.145957
v -0.805756 -0.044315 -0.137562
v -0.724261 -0.056780 -0.100019
v -0.211301 -0.075399 -0.110688
v -0.199933 -0.089457 -0.107171
v -0.182817 -0.086029 -0.118743
v -0.175887 -0.091195 -0.096266
v -0.200431 -0.082883 -0.085917
v -0.183479 -0.084836 -0.091343
v -0.147363 -0.087824 -0.086620
v -0.157436 -0.084946 -0.064898
v -0.145449 -0.086034 -0.058944
v -0.209731 -0.064081 -0.006879
v -0.173818 -0.059811 0.014298
v -0.699483 -0.050313 0.052451
v -0.135808 -0.072238 0.075615
v -0.108353 -0.060647 0.143545
v -0.292991 -0.023926 0.398727
v -0.265986 -0.030457 0.422588
v -0.194875 -0.047773 0.520165
v -0.757238 -0.011716 0.512195
v -0.732424 -0.031187 0.527183
v -0.642327 -0.022115 0.573911
v -0.680002 -0.030905 0.558126
v -0.623466 -0.014924 0.587112
v -0.156424 -0.048371 0.634270
v -0.436685 -0.036087 0.697929
v -0.257345 -0.039837 0.725413
v -0.409650 -0.076707 -0.697882
v -0.279456 -0.084787 -0.687042
v -0.791108 -0.051444 -0.630117
v -0.108350 -0.092705 -0.594743
v -0.175359 -0.087008 -0.577184
v -0.827256 -0.040176 -0.557921
v -0.176254 -0.089786 -0.565088
v -0.838349 -0.046195 -0.448843
v -0.138499 -0.052280 -0.423370
v -0.832580 -0.031589 -0.380791
v -0.758631 -0.053850 -0.180133
v -0.817710 -0.052375 -0.134170
v -0.763362 -0.014477 -0.137509
v -0.189289 -0.069103 -0.125713
v -0.176489 -0.074152 -0.121934
v -0.144412 -0.074474 -0.090572
v -0.182715 -0.064816 -0.092611
v -0.164594 -0.065970 -0.086919
v -0.152579 -0.064452 -0.071524
v -0.133182 -0.076423 -0.063775
v -0.146774 -0.074074 -0.034326
v -0.131858 -0.075988 -0.038165
v -0.238910 -0.055900 -0.019401
v -0.148363 -0.056176 0.047098
v -0.112970 -0.053126 0.111396
v -0.739862 -0.015507 0.119308
v -0.782090 -0.026043 0.259334
v -0.763347 -0.022364 0.177376
v -0.789296 -0.014442 0.316397
v -0.280066 -0.047498 0.343440
v -0.793742 -0.005737 0.395420
v -0.162563 -0.032722 0.580237
v -0.582612 -0.011776 0.621406
v -0.379440 -0.036600 0.713779
v -0.159527 -0.024539 0.703486
v -0.178964 -0.021577 0.730243
v -0.690648 -0.058020 -0.702321
v -0.371693 -0.055030 -0.687939
v -0.285613 -0.068566 -0.673722
v -0.764650 -0.048835 -0.665488
v -0.151293 -0.084407 -0.621088
v -0.179696 -0.078762 -0.595404
v -0.147777 -0.062366 -0.495063
v -0.167217 -0.059420 -0.171192
v -0.817948 -0.034162 -0.143590
v -0.788344 -0.029420 -0.145888
v -0.806576 -0.040394 -0.136121
v -0.816067 -0.038036 -0.123730
v -0.750285 -0.000656 -0.128186
v -0.187669 -0.052702 -0.136286
v -0.132798 -0.060974 -0.013218
v -0.145967 -0.064294 -0.010855
v -0.163056 -0.048659 0.022819
v -0.724409 -0.020809 0.095091
v -0.346746 -0.000692 0.357866
v -0.641078 0.012347 0.579279
v -0.532818 -0.012233 0.659730
v -0.147228 -0.015248 0.656517
v -0.615366 -0.043799 -0.704868
v -0.440000 -0.032309 -0.700157
v -0.282493 -0.060461 -0.662738
v -0.219436 -0.068138 -0.637987
v -0.200637 -0.067567 -0.610612
v -0.184252 -0.069927 -0.588537
v -0.166130 -0.053170 -0.563376
v -0.834932 -0.011693 -0.533521
v -0.149675 -0.039397 -0.520199
v -0.136036 -0.049130 -0.358476
v -0.819364 0.002316 -0.319874
v -0.801883 0.009159 -0.273894
v -0.754149 -0.029407 -0.170392
v -0.766850 -0.018675 -0.158524
v -0.805374 -0.029040 -0.158042
v -0.814855 -0.029931 -0.146780
v -0.815693 -0.027408 -0.145984
v -0.805240 -0.034185 -0.135874
v -0.825060 -0.027702 -0.114967
v -0.734162 -0.004456 -0.109696
v -0.175712 -0.039106 -0.126428
v -0.164029 -0.028920 -0.118025
v -0.199057 -0.038229 -0.004412
v -0.142935 -0.048035 0.009908
v -0.154219 -0.049029 -0.000871
v -0.704540 0.019017 0.042677
v -0.107026 -0.032376 0.173537
v -0.102695 -0.032347 0.150983
v -0.120093 -0.032512 0.207310
v -0.164766 -0.019340 0.261165
v -0.290796 -0.010730 0.346550
v -0.786567 -0.002484 0.459341
v -0.704412 0.004183 0.551596
v -0.180001 -0.012589 0.533973
v -0.441464 -0.001949 0.701936
v -0.518965 0.001463 0.667733
v -0.383250 -0.006367 0.718219
v -0.326611 -0.004388 0.719958
v -0.707645 -0.015697 -0.696523
v -0.685724 -0.005203 -0.702639
v -0.313078 -0.056851 -0.675022
v -0.239137 -0.058557 -0.638686
v -0.213058 -0.061492 -0.622071
v -0.822182 -0.012761 -0.577814
v -0.775435 0.007062 -0.214817
v -0.750960 -0.020071 -0.154030
v -0.791025 -0.009441 -0.134854
v -0.824335 -0.019007 -0.123622
v -0.814208 -0.019434 -0.098482
v -0.825620 -0.017681 -0.090530
v -0.712919 -0.018845 -0.064560
v -0.163048 -0.008104 -0.080057
v -0.141484 0.026274 -0.090436
v -0.204870 -0.012942 -0.062079
v -0.151800 -0.010380 -0.062226
v -0.131579 -0.008613 -0.040608
v -0.229817 -0.017461 -0.020476
v -0.150248 -0.025781 -0.013227
v -0.225436 -0.024009 -0.013766
v -0.699277 -0.004207 0.014067
v -0.173792 -0.028552 0.010612
v -0.161175 -0.046646 0.014697
v -0.132601 -0.023965 -0.012188
v -0.156530 -0.037990 0.028264
v -0.114103 -0.035666 0.105542
v -0.203219 -0.001079 0.492512
v -0.730815 0.008132 0.536585
v -0.150705 -0.014474 0.617962
v -0.227074 0.010584 0.734063
v -0.736559 -0.006086 -0.684562
v -0.269550 -0.030794 -0.659402
v -0.799175 0.005924 -0.625724
v -0.226652 -0.024089 -0.637124
v -0.840343 0.006458 -0.470011
v -0.836868 0.023454 -0.414557
v -0.135175 -0.023341 -0.325051
v -0.139743 -0.020407 -0.266232
v -0.760255 0.022363 -0.187369
v -0.160929 -0.019914 -0.178306
v -0.746200 -0.012151 -0.159143
v -0.798557 -0.009843 -0.150563
v -0.780065 -0.003254 -0.140970
v -0.183591 -0.008644 -0.137919
v -0.805777 -0.008738 -0.112452
v -0.824035 -0.007008 -0.108968
v -0.824841 -0.005597 -0.074404
v -0.813566 -0.006471 -0.083954
v -0.176652 -0.005929 -0.079959
v -0.195179 -0.009193 -0.072138
v -0.157397 0.023983 -0.075904
v -0.705087 0.015090 -0.021146
v -0.163714 -0.028636 0.006558
v -0.141630 -0.024923 0.003494
v -0.152268 -0.029398 0.020781
v -0.162152 -0.017874 0.023058
v -0.754720 0.028256 0.147270
v -0.781323 0.010210 0.247797
v -0.785862 0.042803 0.281169
v -0.269662 0.012437 0.344528
v -0.344097 0.023389 0.350821
v -0.230505 0.019715 0.454767
v -0.147579 0.006339 0.674018
v -0.158336 0.000001 0.709699
v -0.168987 0.004681 0.724525
v -0.181189 0.003177 0.732653
v -0.333891 -0.018336 -0.684206
v -0.196426 -0.005399 -0.615211
v -0.176353 -0.007984 -0.590992
v -0.136558 -0.024595 -0.440479
v -0.829771 0.017341 -0.368254
v -0.146529 -0.020367 -0.226019
v -0.797470 0.004164 -0.145664
v -0.767435 0.016271 -0.152832
v -0.813212 0.004930 -0.119766
v -0.804508 0.001039 -0.120404
v -0.226287 -0.001870 -0.010622
v -0.152821 -0.021888 -0.000009
v -0.721580 0.027270 0.085587
v -0.146601 0.001491 0.054525
v -0.115272 -0.011704 0.108586
v -0.104882 0.007923 0.145813
v -0.121307 0.005468 0.207751
v -0.780996 0.058780 0.467490
v -0.772620 0.051585 0.492818
v -0.755630 0.046346 0.515355
v -0.159939 0.017246 0.575359
v -0.626410 0.046065 0.585797
v -0.535257 0.040475 0.657176
v -0.378884 0.043336 0.716044
v -0.429156 0.041972 0.703570
v -0.292443 0.041438 0.720948
v -0.337262 0.041769 0.716111
v -0.636712 0.014945 -0.706622
v -0.480743 0.056320 -0.708338
v -0.298098 0.015039 -0.673326
v -0.766769 0.024394 -0.666008
v -0.157427 0.010510 -0.549851
v -0.745677 0.024113 -0.159968
v -0.784111 0.009070 -0.148137
v -0.749050 0.018711 -0.146866
v -0.762760 0.010382 -0.139589
v -0.734460 0.017833 -0.113667
v -0.185053 -0.004302 -0.127563
v -0.715629 0.027594 -0.063828
v -0.203787 0.005109 -0.060821
v -0.142104 -0.006212 -0.028286
v -0.196926 -0.006342 0.003525
v -0.175711 0.022483 0.026801
v -0.767437 0.051455 0.193734
v -0.110368 0.011987 0.178684
v -0.206499 0.028162 0.294229
v -0.790511 0.061461 0.362924
v -0.333888 0.039050 0.346744
v -0.293969 0.033262 0.395786
v -0.256565 0.035663 0.427228
v -0.726547 0.053231 0.536126
v -0.587022 0.054628 0.617278
v -0.153404 0.033851 0.599293
v -0.477575 0.048292 0.683037
v -0.152447 0.030756 0.685375
v -0.189660 0.047853 0.725137
v -0.419637 0.020776 -0.699752
v -0.330842 0.016914 -0.683993
v -0.146773 0.010557 -0.508304
v -0.753976 0.021204 -0.139003
v -0.164357 0.041330 -0.111145
v -0.151591 0.039865 -0.102507
v -0.152718 0.003275 -0.046497
v -0.228188 0.017091 -0.022335
v -0.698671 0.045247 0.007609
v -0.722455 0.067550 0.092190
v -0.109551 0.004152 0.121968
v -0.164773 0.025901 0.260097
v -0.245436 0.055122 0.321227
v -0.350740 0.078211 0.354763
v -0.785274 0.063734 0.441869
v -0.173177 0.039462 0.545235
v -0.661313 0.053205 0.567004
v -0.148193 0.031948 0.645838
v -0.166818 0.053157 0.705482
v -0.454195 0.039369 -0.705902
v -0.269139 0.005025 -0.659521
v -0.137676 0.009571 -0.353207
v -0.813970 0.056506 -0.323616
v -0.156590 0.041211 -0.207779
v -0.739939 0.029843 -0.147413
v -0.736858 0.031993 -0.128729
v -0.726825 0.057575 -0.103156
v -0.188526 0.016931 -0.079597
v -0.211050 0.026394 -0.050358
v -0.141281 0.012577 -0.050189
v -0.131864 0.032911 0.077651
v -0.777629 0.056906 0.240820
v -0.206660 0.052305 0.489436
v -0.154157 0.061310 0.660906
v -0.249836 0.060783 0.720628
v -0.671464 0.051125 -0.708630
v -0.742363 0.046158 -0.683351
v -0.227201 0.013545 -0.637640
v -0.182717 0.013279 -0.598158
v -0.818161 0.058471 -0.575705
v -0.831916 0.059894 -0.521593
v -0.140623 0.028436 -0.440710
v -0.144116 0.031428 -0.273341
v -0.788940 0.079174 -0.273839
v -0.192253 0.060588 -0.129721
v -0.191786 0.024598 -0.128541
v -0.737694 0.043980 -0.125088
v -0.173162 0.022724 -0.086821
v -0.161795 0.040066 -0.093684
v -0.194814 0.023992 -0.064945
v -0.704891 0.062617 -0.040720
v -0.752680 0.056419 0.147248
v -0.111507 0.045132 0.132837
v -0.158757 0.063220 0.246701
v -0.291454 0.052765 0.343862
v -0.517816 0.082705 0.657256
v -0.440705 0.076140 0.690024
v -0.182497 0.071739 0.712874
v -0.708838 0.053522 -0.699254
v -0.257266 0.015762 -0.657727
v -0.793555 0.069897 -0.619099
v -0.173456 0.034687 -0.581099
v -0.835283 0.060041 -0.463900
v -0.762246 0.095746 -0.227628
v -0.727687 0.085927 -0.174507
v -0.731112 0.064053 -0.161804
v -0.749232 0.051530 -0.140080
v -0.739230 0.058132 -0.149030
v -0.184659 0.039006 -0.118254
v -0.178733 0.032625 -0.089967
v -0.184702 0.034157 -0.072500
v -0.151718 0.038116 -0.076911
v -0.141170 0.030795 -0.076600
v -0.200064 0.054801 -0.073538
v -0.243583 0.070903 -0.025137
v -0.237539 0.049658 -0.012073
v -0.196811 0.050405 0.015891
v -0.702030 0.096536 0.061609
v -0.167667 0.051395 0.041342
v -0.117676 0.057306 0.166717
v -0.127341 0.057268 0.201599
v -0.784010 0.098627 0.347002
v -0.279108 0.075544 0.337357
v -0.342059 0.098133 0.363860
v -0.752254 0.091308 0.502943
v -0.724334 0.082355 0.527154
v -0.190812 0.063899 0.518483
v -0.620416 0.096750 0.577048
v -0.530497 0.090784 0.649034
v -0.156660 0.064065 0.611481
v -0.172065 0.077624 0.696628
v -0.373880 0.082763 0.703726
v -0.263844 0.083087 0.711241
v -0.371831 0.041430 -0.700262
v -0.285720 0.029139 -0.684194
v -0.208224 0.033598 -0.675875
v -0.206321 0.021940 -0.642303
v -0.188346 0.025366 -0.613122
v -0.181201 0.025918 -0.593851
v -0.828464 0.074917 -0.402597
v -0.755351 0.062200 -0.163963
v -0.763394 0.063524 -0.149952
v -0.763257 0.060700 -0.161466
v -0.747860 0.062565 -0.131114
v -0.713559 0.088448 -0.088674
v -0.558890 0.055198 -0.091954
v -0.565462 0.056258 -0.091158
v -0.559245 0.057033 -0.090220
v -0.148751 0.043537 -0.087095
v -0.171709 0.059390 -0.094825
v -0.692378 0.081498 0.017147
v -0.777499 0.095220 0.269359
v -0.204601 0.067097 0.289814
v -0.342031 0.070726 0.345844
v -0.780208 0.110020 0.394062
v -0.284656 0.101473 0.408864
v -0.173997 0.078578 0.561800
v -0.577020 0.104589 0.609430
v -0.305120 0.086268 0.702268
v -0.226285 0.085479 0.710542
v -0.765815 0.075847 -0.654065
v -0.111595 0.033726 -0.634123
v -0.121916 0.032784 -0.605182
v -0.171526 0.034570 -0.592123
v -0.169014 0.040565 -0.569116
v -0.163961 0.053445 -0.547089
v -0.155508 0.058487 -0.519285
v -0.146993 0.050172 -0.480320
v -0.786132 0.072079 -0.159736
v -0.776293 0.073735 -0.174365
v -0.737954 0.075361 -0.159595
v -0.754776 0.083335 -0.151769
v -0.730304 0.085148 -0.120186
v -0.193647 0.060441 -0.119052
v -0.174303 0.052978 -0.108579
v -0.691091 0.095154 -0.014041
v -0.147891 0.071482 0.073452
v -0.734282 0.120262 0.134703
v -0.134018 0.077524 0.104769
v -0.756411 0.097758 0.186906
v -0.309768 0.092942 0.387022
v -0.234242 0.091745 0.461394
v -0.758456 0.125621 0.473775
v -0.723983 0.105833 0.521133
v -0.649123 0.112781 0.557819
v -0.679879 0.103426 0.545920
v -0.430146 0.102967 0.680957
v -0.681557 0.061318 -0.705845
v -0.530640 0.098875 -0.706881
v -0.399905 0.071939 -0.710850
v -0.314100 0.051051 -0.701890
v -0.228346 0.051427 -0.701858
v -0.171048 0.053414 -0.697033
v -0.748217 0.095811 -0.663127
v -0.090372 0.044995 -0.662893
v -0.037951 0.039020 -0.599625
v 0.013461 0.044171 -0.621468
v -0.158942 0.043316 -0.578019
v -0.071377 0.041563 -0.580832
v -0.144115 0.063151 -0.364334
v -0.151562 0.074049 -0.269108
v -0.769398 0.089733 -0.187429
v -0.799282 0.086198 -0.170989
v -0.802461 0.085669 -0.159493
v -0.723963 0.086149 -0.161614
v -0.163327 0.080833 -0.214387
v -0.774920 0.098751 -0.163666
v -0.179079 0.064849 -0.092603
v -0.226486 0.082823 -0.064783
v -0.254123 0.088947 -0.013434
v -0.237404 0.092512 0.006673
v -0.127862 0.095619 0.156210
v -0.182093 0.112579 0.251537
v -0.773038 0.120319 0.286557
v -0.338957 0.103262 0.355964
v -0.201649 0.100749 0.517605
v -0.747609 0.118250 0.497424
v -0.175394 0.097259 0.574791
v -0.508317 0.117368 0.645530
v -0.376431 0.110003 0.690254
v -0.343158 0.078887 -0.714166
v -0.724754 0.092701 -0.681722
v 0.014280 0.051073 -0.646622
v -0.802860 0.096138 -0.584340
v 0.083583 0.051139 -0.588151
v -0.095962 0.049708 -0.563335
v -0.160098 0.062089 -0.555605
v -0.153886 0.083179 -0.478355
v -0.819799 0.116912 -0.479391
v -0.818968 0.119793 -0.441767
v -0.807393 0.115514 -0.351417
v -0.738626 0.143259 -0.211154
v -0.790323 0.097902 -0.176933
v -0.779522 0.094886 -0.192353
v -0.195058 0.073885 -0.128559
v -0.725571 0.104016 -0.159412
v -0.178799 0.072028 -0.119187
v -0.146508 0.081812 -0.108047
v -0.160031 0.070999 -0.097987
v -0.184140 0.099358 -0.113784
v -0.206821 0.091175 0.026587
v -0.689226 0.106425 0.036393
v -0.134588 0.105383 0.179281
v -0.146444 0.112538 0.205922
v -0.303787 0.098798 0.346252
v -0.765101 0.134547 0.448761
v -0.705374 0.139780 0.544240
v -0.173084 0.113404 0.640884
v -0.185074 0.123076 0.661084
v -0.293842 0.111900 0.686622
v -0.256963 0.117378 0.686789
v -0.218031 0.125367 0.677368
v -0.702583 0.105524 -0.688536
v -0.651985 0.111289 -0.699942
v -0.240970 0.076176 -0.717992
v -0.035184 0.061903 -0.678236
v -0.771370 0.104741 -0.630834
v 0.096989 0.054592 -0.626702
v -0.813526 0.114725 -0.534239
v 0.099750 0.055786 -0.566621
v 0.039790 0.058881 -0.550706
v -0.100190 0.073128 -0.539048
v -0.056874 0.064083 -0.544611
v -0.167617 0.080786 -0.533082
v -0.756054 0.128245 -0.195565
v -0.737029 0.111453 -0.173361
v -0.800433 0.137522 -0.162775
v -0.725660 0.105084 -0.176630
v -0.728772 0.124728 -0.135561
v -0.750411 0.130935 -0.156219
v -0.182909 0.085946 -0.127730
v -0.160728 0.083540 -0.100241
v -0.695573 0.133187 -0.088071
v -0.668950 0.138742 0.013995
v -0.196761 0.108165 0.045544
v -0.713302 0.126768 0.098618
v -0.150527 0.118843 0.113404
v -0.762109 0.144278 0.268056
v -0.217871 0.126140 0.287591
v -0.281966 0.134270 0.336098
v -0.772849 0.139580 0.351715
v -0.768691 0.156450 0.404172
v -0.290663 0.140564 0.414103
v -0.729615 0.150288 0.528149
v -0.749307 0.143569 0.502109
v -0.618958 0.134319 0.561690
v -0.593106 0.137345 0.572728
v -0.550271 0.126697 0.615084
v -0.437689 0.129603 0.662297
v -0.193597 0.123759 0.669249
v -0.151801 0.079526 -0.716509
v -0.064688 0.073231 -0.696743
v 0.063496 0.072119 -0.668688
v 0.146543 0.067540 -0.644765
v 0.176910 0.061802 -0.619788
v 0.192326 0.059162 -0.590496
v 0.191461 0.060789 -0.562536
v 0.137438 0.064348 -0.543184
v 0.037892 0.078205 -0.523406
v 0.080648 0.072810 -0.527818
v 0.616221 0.044843 -0.505240
v 0.591639 0.045816 -0.494303
v 0.574227 0.051683 -0.542613
v 0.638008 0.053801 -0.465709
v -0.156026 0.108647 -0.351936
v -0.786235 0.134291 -0.310162
v -0.163873 0.118053 -0.281565
v -0.734640 0.128799 -0.195116
v -0.780789 0.143447 -0.195870
v -0.798534 0.133726 -0.173590
v -0.173288 0.103907 -0.209133
v -0.780178 0.133720 -0.162795
v -0.756544 0.147803 -0.161452
v -0.197282 0.098593 -0.146099
v -0.201967 0.101404 -0.129872
v -0.196205 0.104496 -0.130307
v -0.163665 0.097729 -0.140333
v -0.124512 0.110406 -0.131095
v -0.172231 0.099780 -0.118144
v -0.137860 0.101523 -0.107967
v -0.220377 0.113004 -0.093416
v -0.269118 0.114003 -0.027619
v -0.248205 0.135213 0.023293
v -0.680931 0.139524 0.050409
v -0.145110 0.129096 0.149063
v -0.734838 0.150113 0.177573
v -0.751020 0.148018 0.223276
v -0.347327 0.158539 0.362750
v -0.330793 0.162274 0.383516
v -0.247507 0.126823 0.461922
v -0.671294 0.164491 0.562616
v -0.193255 0.139631 0.596603
v -0.384528 0.136874 0.667076
v -0.330435 0.143913 0.659754
v -0.296544 0.095254 -0.721305
v -0.412114 0.116676 -0.714486
v -0.043063 0.090074 -0.704782
v 0.039508 0.079193 -0.678624
v 0.237007 0.077459 -0.636340
v 0.259289 0.070699 -0.614246
v -0.788311 0.129367 -0.581968
v 0.272287 0.067970 -0.591773
v 0.282985 0.069347 -0.560685
v 0.588684 0.054711 -0.568795
v 0.549458 0.058359 -0.586806
v -0.157567 0.087521 -0.537787
v -0.171544 0.094181 -0.531395
v -0.079557 0.091228 -0.525280
v 0.222263 0.072927 -0.526394
v 0.612285 0.059004 -0.571265
v 0.619782 0.053373 -0.547700
v 0.650008 0.062961 -0.527265
v 0.550214 0.057218 -0.513891
v 0.534145 0.064720 -0.530919
v 0.576319 0.055505 -0.482506
v 0.550800 0.067189 -0.485039
v 0.645714 0.053090 -0.487899
v 0.627370 0.070149 -0.421561
v 0.660065 0.058191 -0.448524
v -0.765404 0.141481 -0.270944
v -0.784033 0.135484 -0.182078
v -0.736744 0.130723 -0.188890
v -0.159648 0.112222 -0.130412
v -0.128434 0.103036 -0.121065
v -0.670282 0.137248 -0.010612
v -0.286249 0.138612 -0.002939
v -0.168091 0.122739 0.091412
v -0.319502 0.137672 0.352257
v -0.756595 0.165567 0.485446
v -0.220410 0.141917 0.521355
v -0.530812 0.150385 0.608097
v -0.194073 0.139247 0.641516
v -0.448366 0.155478 0.639841
v -0.289787 0.139093 0.660325
v -0.257429 0.139603 0.663088
v -0.314412 0.138833 -0.725947
v -0.717610 0.134622 -0.659539
v 0.212071 0.087982 -0.655600
v 0.381505 0.074733 -0.614732
v 0.417484 0.074358 -0.593672
v 0.513549 0.074985 -0.634868
v 0.489362 0.073725 -0.610665
v 0.557188 0.068582 -0.629943
v 0.590942 0.074626 -0.629407
v -0.791373 0.148181 -0.547776
v 0.472346 0.076758 -0.583059
v 0.395639 0.078393 -0.561552
v 0.485599 0.080147 -0.540977
v 0.630584 0.070001 -0.579270
v -0.168614 0.111913 -0.528581
v 0.304694 0.078721 -0.528198
v -0.176170 0.107569 -0.521082
v 0.083346 0.091747 -0.508407
v 0.226365 0.086123 -0.505344
v 0.357386 0.085959 -0.521688
v 0.508146 0.082363 -0.516044
v -0.808406 0.143250 -0.473817
v -0.173827 0.128916 -0.477769
v 0.687426 0.069236 -0.464199
v 0.601676 0.074007 -0.432255
v 0.702247 0.076026 -0.436572
v 0.680285 0.070927 -0.420840
v -0.799006 0.155866 -0.396660
v 0.656487 0.085269 -0.389620
v -0.149634 0.115847 -0.152341
v -0.224402 0.124386 -0.131320
v -0.184723 0.124652 -0.145215
v -0.137665 0.111942 -0.116533
v -0.123631 0.113084 -0.117142
v -0.677758 0.156864 -0.079722
v -0.252224 0.155507 0.035450
v -0.720180 0.162622 0.148369
v -0.185166 0.137802 0.241243
v -0.290429 0.146929 0.336492
v -0.338649 0.151363 0.355157
v -0.744392 0.178154 0.508443
v -0.587659 0.167402 0.555187
v -0.626337 0.176128 0.563781
v -0.208200 0.148734 0.563550
v -0.525417 0.173525 0.586493
v -0.499117 0.162941 0.614345
v -0.365090 0.153211 0.650563
v -0.225104 0.150254 0.640682
v -0.187132 0.110306 -0.730881
v -0.094709 0.109533 -0.723353
v -0.531391 0.126637 -0.703727
v -0.664959 0.132160 -0.688626
v 0.063161 0.096307 -0.685826
v 0.169231 0.095564 -0.670237
v -0.756008 0.144460 -0.611562
v 0.288466 0.090568 -0.651976
v 0.460885 0.078449 -0.639949
v 0.481964 0.084749 -0.657704
v 0.566365 0.083000 -0.655719
v 0.372864 0.081276 -0.634860
v 0.459719 0.085494 -0.552102
v 0.470420 0.090980 -0.534645
v 0.657724 0.080654 -0.561857
v 0.407062 0.093680 -0.526475
v -0.115627 0.112137 -0.520217
v 0.679580 0.081927 -0.524125
v -0.017563 0.116205 -0.505877
v 0.077678 0.107178 -0.499220
v 0.341670 0.097031 -0.501909
v 0.247432 0.100479 -0.489772
v -0.166589 0.130091 -0.422237
v 0.543890 0.086682 -0.466096
v 0.586704 0.091041 -0.424894
v 0.701861 0.079750 -0.395483
v -0.784458 0.162280 -0.345660
v -0.758267 0.150938 -0.195032
v -0.781410 0.144437 -0.194070
v -0.735337 0.148602 -0.185667
v -0.788822 0.154776 -0.173987
v -0.197756 0.154054 -0.214809
v -0.136970 0.126798 -0.155117
v -0.220444 0.127211 -0.124380
v -0.146772 0.129095 -0.138932
v -0.189061 0.136885 -0.122365
v -0.226727 0.129196 -0.092771
v -0.249775 0.144559 -0.076020
v -0.308957 0.154045 -0.015141
v -0.203864 0.138880 0.064908
v -0.693892 0.165602 0.096786
v -0.180973 0.150375 0.104871
v -0.183419 0.158027 0.215436
v -0.157918 0.144271 0.179295
v -0.741237 0.186475 0.271674
v -0.753683 0.172306 0.314875
v -0.749914 0.193776 0.365192
v -0.760030 0.181478 0.404175
v -0.759173 0.201853 0.437345
v -0.285355 0.162541 0.432841
v -0.271041 0.167967 0.460483
v -0.703358 0.178385 0.547047
v -0.232201 0.161024 0.523737
v -0.560460 0.173529 0.561336
v -0.232631 0.167764 0.574498
v -0.350946 0.157122 0.634554
v -0.284424 0.160849 0.631347
v -0.405579 0.151416 -0.712186
v -0.009246 0.111117 -0.707525
v 0.276732 0.111404 -0.672833
v 0.365081 0.095551 -0.657075
v -0.187760 0.133733 -0.516576
v 0.461847 0.101477 -0.527967
v 0.395851 0.098971 -0.514082
v 0.495896 0.100987 -0.498650
v 0.712824 0.089715 -0.464815
v 0.745865 0.091242 -0.403517
v 0.628975 0.105587 -0.380214
v 0.717001 0.087307 -0.369372
v 0.747178 0.093265 -0.368937
v -0.737405 0.177285 -0.244934
v -0.187267 0.159279 -0.258996
v -0.811602 0.159209 -0.217297
v -0.798832 0.151151 -0.216822
v -0.793144 0.145621 -0.203830
v -0.776099 0.163061 -0.206201
v -0.785034 0.161257 -0.196802
v -0.766030 0.155795 -0.194647
v -0.724762 0.147386 -0.187491
v -0.766811 0.154580 -0.184844
v -0.743332 0.165969 -0.181388
v -0.771661 0.170850 -0.171425
v -0.724915 0.159417 -0.172531
v -0.785378 0.167490 -0.164182
v -0.764176 0.176975 -0.160221
v -0.232196 0.137028 -0.131392
v -0.175255 0.142871 -0.152703
v -0.714021 0.173931 -0.145598
v -0.694219 0.165611 -0.116627
v -0.190753 0.147004 -0.141418
v -0.117334 0.141108 -0.151279
v -0.106928 0.130957 -0.133182
v -0.223121 0.141076 -0.123367
v -0.116565 0.137838 -0.124083
v -0.658290 0.158061 -0.026240
v -0.282110 0.165148 -0.061942
v -0.309969 0.161801 -0.029505
v -0.159475 0.148549 0.148617
v -0.219826 0.171496 0.261125
v -0.257644 0.166644 0.302857
v -0.750629 0.208492 0.479255
v -0.453396 0.173747 0.618330
v -0.383329 0.170338 0.630671
v -0.268115 0.174577 0.602377
v -0.314711 0.168903 0.624524
v -0.210348 0.142351 -0.736075
v -0.153837 0.125576 -0.733665
v -0.064812 0.131536 -0.724091
v -0.540067 0.161769 -0.693640
v 0.054570 0.131612 -0.700681
v -0.678530 0.163301 -0.657189
v 0.205345 0.116248 -0.677722
v 0.369681 0.119835 -0.681264
v 0.489855 0.103420 -0.681310
v 0.556342 0.109340 -0.690176
v 0.592339 0.105767 -0.678825
v -0.713355 0.159089 -0.637846
v 0.624576 0.106324 -0.653101
v 0.657976 0.104523 -0.604706
v -0.757547 0.167372 -0.575708
v -0.185669 0.146074 -0.520396
v -0.785528 0.173871 -0.494707
v -0.058297 0.139459 -0.506776
v 0.462573 0.122587 -0.509789
v 0.117033 0.122045 -0.488230
v 0.384888 0.121370 -0.485618
v 0.271069 0.126166 -0.473279
v 0.347248 0.119862 -0.480252
v 0.509697 0.116399 -0.469536
v 0.554220 0.116791 -0.431067
v 0.728911 0.101920 -0.460635
v -0.179256 0.156598 -0.426467
v -0.175550 0.154631 -0.331419
v 0.761158 0.102633 -0.369364
v 0.676664 0.104393 -0.353552
v 0.726123 0.102313 -0.341081
v -0.759425 0.176405 -0.306133
v -0.795305 0.169525 -0.216665
v -0.808591 0.167009 -0.206076
v -0.808109 0.167007 -0.205550
v -0.711266 0.163978 -0.177680
v -0.755476 0.169389 -0.195119
v -0.760474 0.166598 -0.176276
v -0.713510 0.159197 -0.172341
v -0.228515 0.164050 -0.165318
v -0.155153 0.157066 -0.165603
v -0.128840 0.151187 -0.143077
v -0.092090 0.157942 -0.133993
v -0.232798 0.136114 -0.120903
v -0.246541 0.155092 -0.114652
v -0.107148 0.144271 -0.125167
v -0.201478 0.147287 -0.108085
v -0.213349 0.162234 -0.101382
v -0.238296 0.154496 -0.089956
v -0.300824 0.165117 -0.045833
v -0.657360 0.177484 0.049910
v -0.687051 0.191490 0.116616
v -0.703533 0.190410 0.161911
v -0.726094 0.196605 0.232360
v -0.203540 0.184978 0.208671
v -0.322504 0.181328 0.338269
v -0.723927 0.201612 0.523914
v -0.674944 0.193981 0.557173
v -0.261097 0.186554 0.541276
v -0.590634 0.205443 0.551216
v -0.417533 0.181111 0.602582
v -0.425727 0.176075 0.619246
v -0.389277 0.182408 0.612212
v 0.001351 0.139963 -0.712740
v 0.130536 0.134213 -0.693431
v -0.613532 0.169472 -0.677770
v -0.115386 0.149749 -0.510771
v 0.421022 0.125209 -0.499398
v 0.082278 0.139727 -0.487904
v -0.790168 0.172740 -0.446550
v 0.716427 0.116655 -0.499067
v 0.758612 0.109577 -0.415979
v 0.585615 0.127006 -0.400010
v 0.770495 0.112291 -0.385909
v 0.702999 0.122519 -0.324863
v 0.747397 0.117939 -0.330511
v -0.807641 0.178031 -0.216759
v -0.808552 0.167752 -0.205565
v -0.809929 0.183703 -0.204968
v -0.797864 0.176778 -0.214732
v -0.765465 0.179913 -0.186325
v -0.752767 0.178421 -0.175432
v -0.742120 0.175952 -0.176365
v -0.703809 0.173443 -0.163606
v -0.178854 0.179428 -0.146876
v -0.246694 0.170136 -0.146269
v -0.259471 0.159950 -0.121143
v -0.211721 0.170783 -0.133311
v -0.199416 0.171822 -0.144715
v -0.157241 0.172109 -0.147203
v -0.175952 0.177848 -0.135140
v -0.107814 0.167205 -0.134113
v -0.236444 0.163219 -0.122678
v -0.184469 0.174965 -0.124621
v -0.243245 0.167861 -0.098422
v -0.642036 0.204235 -0.087324
v -0.629523 0.186410 -0.023688
v -0.630368 0.180279 0.002304
v -0.327464 0.172165 -0.004924
v -0.220778 0.174452 0.086361
v -0.189123 0.177988 0.173988
v -0.352842 0.195643 0.351548
v -0.326969 0.204999 0.409251
v -0.276197 0.191845 0.488881
v -0.699567 0.209007 0.541071
v -0.565282 0.197824 0.540368
v -0.644149 0.201546 0.559481
v -0.523301 0.202839 0.550204
v -0.487992 0.209824 0.554812
v -0.439908 0.192236 0.595791
v -0.390741 0.193254 0.597126
v -0.339920 0.189054 0.595163
v -0.238674 0.175366 -0.732518
v -0.165820 0.158256 -0.736679
v -0.111264 0.157293 -0.732332
v -0.427374 0.167562 -0.705820
v 0.215693 0.134752 -0.685179
v 0.431329 0.128700 -0.691916
v 0.498320 0.128244 -0.701362
v 0.586047 0.125374 -0.697334
v 0.299456 0.134541 -0.687340
v -0.690363 0.187721 -0.618224
v 0.652459 0.134443 -0.657737
v -0.755830 0.197314 -0.516545
v 0.682915 0.125703 -0.595514
v -0.196362 0.154489 -0.509461
v 0.195208 0.144269 -0.474029
v 0.293620 0.144722 -0.465437
v 0.741350 0.132324 -0.471194
v -0.772387 0.193955 -0.396654
v 0.643945 0.149469 -0.339690
v 0.784557 0.127601 -0.356582
v -0.761338 0.203066 -0.374363
v 0.675417 0.128689 -0.332912
v 0.780300 0.126129 -0.337331
v 0.743806 0.149924 -0.294993
v -0.712786 0.199853 -0.236912
v -0.797304 0.192234 -0.208169
v -0.779434 0.190282 -0.207115
v -0.787579 0.189741 -0.195650
v -0.745759 0.185632 -0.191288
v -0.690860 0.204341 -0.209739
v -0.733518 0.186648 -0.176971
v -0.691066 0.203777 -0.197275
v -0.757370 0.187476 -0.165136
v -0.714028 0.185469 -0.170022
v -0.707486 0.191049 -0.174769
v -0.714916 0.187103 -0.153357
v -0.686143 0.189961 -0.136851
v -0.168667 0.184880 -0.154696
v -0.117069 0.177637 -0.156130
v -0.142942 0.183964 -0.150741
v -0.128517 0.175661 -0.144185
v -0.105708 0.163059 -0.144792
v -0.275461 0.164516 -0.110794
v -0.255093 0.167654 -0.113549
v -0.182898 0.174703 -0.111078
v -0.671937 0.202243 -0.127538
v -0.292161 0.170050 -0.099507
v -0.190937 0.172772 -0.102313
v -0.361186 0.190481 -0.016130
v -0.322704 0.195521 0.022316
v -0.646573 0.191695 0.054281
v -0.264236 0.191261 0.064159
v -0.198915 0.179452 0.123991
v -0.728179 0.223302 0.352496
v -0.363151 0.206712 0.362470
v -0.747598 0.217604 0.392707
v -0.297548 0.199006 0.450267
v -0.733210 0.227572 0.495503
v -0.653523 0.206868 0.563316
v -0.617881 0.211740 0.555436
v -0.289528 0.193320 0.568455
v -0.461320 0.214933 0.555355
v -0.403896 0.202718 0.581331
v -0.059589 0.167127 -0.725042
v -0.422973 0.190435 -0.698783
v 0.054520 0.153456 -0.704441
v -0.516281 0.192906 -0.681208
v -0.630728 0.193859 -0.648373
v 0.616472 0.133385 -0.688940
v -0.720734 0.190129 -0.576744
v -0.193444 0.169843 -0.516602
v -0.073935 0.174229 -0.505081
v 0.704980 0.128609 -0.540690
v 0.020969 0.175517 -0.493150
v 0.451576 0.149541 -0.493839
v 0.465449 0.146765 -0.494182
v -0.757448 0.208606 -0.448571
v -0.217498 0.210434 -0.470324
v 0.417145 0.147764 -0.484065
v 0.503340 0.144594 -0.457708
v 0.277247 0.161383 -0.461556
v 0.358933 0.147453 -0.465923
v 0.776848 0.154999 -0.433073
v 0.770701 0.139529 -0.307441
v -0.207740 0.186993 -0.253204
v -0.772884 0.200888 -0.198870
v -0.695130 0.203760 -0.219198
v -0.756759 0.198399 -0.178575
v -0.743735 0.198313 -0.176030
v -0.702513 0.204025 -0.197811
v -0.739754 0.196005 -0.167803
v -0.708178 0.193907 -0.164794
v -0.688887 0.205224 -0.171095
v -0.155980 0.184421 -0.162295
v -0.115675 0.176969 -0.144267
v -0.169161 0.180888 -0.141421
v -0.286044 0.195585 -0.142794
v -0.240399 0.181784 -0.134682
v -0.324434 0.182918 -0.100069
v -0.280181 0.180409 -0.103680
v -0.244254 0.188945 -0.112042
v -0.262352 0.186304 -0.094187
v -0.220024 0.178029 -0.111936
v -0.209745 0.179064 -0.101832
v -0.311134 0.183836 -0.092942
v -0.177601 0.203436 -0.093975
v -0.617062 0.211107 -0.062592
v -0.337492 0.198144 -0.056935
v -0.612590 0.193801 0.000518
v -0.617063 0.204999 0.040642
v -0.657372 0.213467 0.107220
v -0.682001 0.219295 0.179615
v -0.218401 0.202107 0.162268
v -0.721103 0.217498 0.278413
v -0.321225 0.213352 0.314987
v -0.742418 0.235010 0.462645
v -0.712334 0.227648 0.520485
v -0.298630 0.203712 0.541061
v -0.305042 0.213192 0.507118
v -0.566013 0.219594 0.529879
v -0.552322 0.219421 0.523551
v -0.675413 0.220502 0.552694
v -0.651751 0.217582 0.575232
v -0.622157 0.221202 0.561757
v -0.636418 0.216287 0.580370
v -0.619677 0.222989 0.575460
v 0.003304 0.169837 -0.712897
v 0.200613 0.162796 -0.690318
v 0.555551 0.149879 -0.716413
v 0.571337 0.150037 -0.714827
v 0.304359 0.157660 -0.693230
v 0.375720 0.150397 -0.694628
v -0.211487 0.179092 -0.510660
v -0.210497 0.183001 -0.497957
v 0.724140 0.149606 -0.508350
v 0.741066 0.153918 -0.479487
v 0.162435 0.175013 -0.473361
v 0.394154 0.169478 -0.464429
v 0.558213 0.154250 -0.412047
v -0.205730 0.204738 -0.390001
v -0.195883 0.187009 -0.324124
v 0.793357 0.155838 -0.391141
v -0.740500 0.216485 -0.351411
v 0.664717 0.157937 -0.316319
v 0.806324 0.157344 -0.302704
v -0.698025 0.226693 -0.258331
v 0.709376 0.163386 -0.291831
v -0.712672 0.219564 -0.200391
v -0.702182 0.212950 -0.185236
v -0.242382 0.208453 -0.226320
v -0.261501 0.189999 -0.160288
v -0.681349 0.209808 -0.162188
v -0.201227 0.185676 -0.142287
v -0.159023 0.190231 -0.153787
v -0.126669 0.188569 -0.153079
v -0.219738 0.204929 -0.164865
v -0.188666 0.187933 -0.134706
v -0.203516 0.187205 -0.119243
v -0.177007 0.184460 -0.116280
v -0.182408 0.186667 -0.123178
v -0.627253 0.204891 -0.104785
v -0.619875 0.205945 -0.117458
v -0.628986 0.203611 -0.117287
v -0.274254 0.206925 -0.122688
v -0.220161 0.193518 -0.121422
v -0.198559 0.187023 -0.112197
v -0.187699 0.190250 -0.117078
v -0.173566 0.192289 -0.101837
v -0.356043 0.193195 -0.088799
v -0.339637 0.191506 -0.085514
v -0.324552 0.195138 -0.090083
v -0.317097 0.206422 -0.075755
v -0.586614 0.215069 -0.034341
v -0.584141 0.206106 0.001255
v -0.383936 0.199222 -0.006662
v -0.588907 0.212887 0.031425
v -0.253381 0.208521 0.103895
v -0.243823 0.215322 0.214771
v -0.702950 0.228138 0.252515
v -0.256262 0.203715 0.263597
v -0.724223 0.246063 0.376061
v -0.745285 0.234659 0.430163
v -0.323014 0.223837 0.461813
v -0.697820 0.227940 0.539314
v -0.503214 0.233815 0.509937
v -0.342530 0.218389 0.521857
v -0.673201 0.237421 0.549613
v -0.621576 0.255513 0.543987
v -0.624947 0.242771 0.553247
v -0.378464 0.220264 0.536457
v -0.425373 0.222250 0.540262
v -0.639531 0.227528 0.590479
v -0.621276 0.229320 0.591707
v -0.309423 0.197680 -0.716236
v 0.049959 0.179432 -0.703304
v 0.480684 0.167967 -0.716403
v 0.446837 0.161373 -0.707324
v 0.369961 0.176608 -0.698823
v 0.622029 0.167206 -0.706655
v -0.556937 0.214721 -0.655368
v 0.662205 0.179096 -0.690934
v -0.699649 0.214907 -0.543329
v 0.704088 0.184488 -0.643665
v -0.740619 0.215564 -0.491618
v -0.207211 0.198505 -0.519857
v 0.717938 0.164825 -0.545692
v -0.222940 0.210568 -0.483427
v 0.092665 0.182334 -0.483325
v 0.439190 0.172573 -0.484566
v 0.225958 0.179447 -0.465033
v 0.495442 0.164731 -0.459525
v 0.345900 0.185916 -0.455168
v 0.618252 0.165901 -0.356422
v 0.812489 0.155500 -0.328571
v 0.780090 0.159739 -0.288750
v -0.696894 0.214444 -0.234915
v -0.702963 0.213548 -0.218551
v -0.713236 0.214342 -0.211472
v -0.209494 0.199934 -0.155700
v -0.196099 0.198414 -0.136809
v -0.625415 0.219869 -0.143785
v -0.638348 0.214778 -0.145911
v -0.646649 0.215200 -0.134112
v -0.177546 0.199565 -0.135495
v -0.628200 0.215209 -0.114337
v -0.209104 0.204023 -0.128756
v -0.199301 0.203374 -0.125233
v -0.167745 0.202963 -0.124416
v -0.665053 0.232095 -0.142988
v -0.618644 0.213406 -0.102591
v -0.605709 0.211857 -0.104299
v -0.333590 0.213767 -0.138963
v -0.246021 0.205375 -0.130949
v -0.184053 0.205304 -0.102276
v -0.343667 0.206023 -0.088374
v -0.368682 0.205136 -0.084373
v -0.372783 0.213951 -0.058722
v -0.544973 0.216652 -0.008084
v -0.532951 0.220178 0.011854
v -0.355448 0.220727 0.038459
v -0.308111 0.224775 0.076419
v -0.624367 0.232676 0.103518
v -0.660317 0.230061 0.161774
v -0.253028 0.221424 0.141612
v -0.686698 0.237048 0.243655
v -0.705714 0.246021 0.349679
v -0.344838 0.226197 0.324870
v -0.369555 0.233296 0.347268
v -0.369946 0.237233 0.377854
v -0.341850 0.226229 0.413821
v -0.326769 0.222804 0.487240
v -0.702104 0.239048 0.528331
v -0.552904 0.242660 0.495192
v -0.465363 0.238089 0.502028
v -0.601786 0.256230 0.532186
v -0.658406 0.248436 0.567140
v -0.616220 0.235008 0.569645
v -0.646555 0.244470 0.586890
v -0.612121 0.239642 0.584200
v -0.635137 0.241524 0.596630
v -0.210082 0.188098 -0.732226
v -0.151507 0.210557 -0.726596
v 0.109094 0.192177 -0.696833
v 0.217897 0.179712 -0.689717
v -0.618176 0.231491 -0.604790
v -0.660189 0.219955 -0.591536
v 0.698019 0.190138 -0.662869
v -0.236545 0.202732 -0.510388
v -0.228270 0.196837 -0.520629
v -0.153591 0.216138 -0.517328
v -0.085925 0.212440 -0.511944
v 0.025283 0.213277 -0.499267
v -0.737540 0.225257 -0.440296
v 0.466168 0.188816 -0.487406
v -0.730379 0.231161 -0.402307
v -0.216614 0.218730 -0.350843
v 0.744401 0.165739 -0.285533
v -0.701203 0.230584 -0.250915
v -0.713717 0.243712 -0.270550
v -0.722678 0.245711 -0.256829
v -0.720432 0.241451 -0.233560
v -0.687733 0.227545 -0.181335
v -0.658234 0.224819 -0.199075
v -0.662060 0.221192 -0.184145
v -0.643468 0.220674 -0.163969
v -0.661639 0.225023 -0.172066
v -0.648514 0.227176 -0.149554
v -0.619140 0.251488 -0.136520
v -0.208355 0.208078 -0.148247
v -0.238882 0.210410 -0.134789
v -0.218639 0.215501 -0.144106
v -0.605924 0.240603 -0.150521
v -0.184063 0.220313 -0.133826
v -0.178868 0.210696 -0.128738
v -0.576041 0.231836 -0.107413
v -0.351675 0.221046 -0.121014
v -0.277436 0.221382 -0.106840
v -0.575095 0.242927 -0.097729
v -0.580377 0.236159 -0.097109
v -0.379003 0.215476 -0.099542
v -0.309053 0.223087 -0.109120
v -0.166043 0.216045 -0.112163
v -0.601229 0.232777 -0.083547
v -0.605853 0.254030 -0.108795
v -0.372341 0.216160 -0.090347
v -0.311540 0.224743 -0.090628
v -0.444758 0.228904 -0.042518
v -0.462218 0.219708 -0.005967
v -0.424668 0.213156 -0.003155
v -0.510116 0.221017 -0.005756
v -0.474523 0.224720 0.008961
v -0.554315 0.254915 0.081094
v -0.580085 0.256507 0.106168
v -0.617305 0.251320 0.145021
v -0.285196 0.234500 0.127896
v -0.265013 0.230413 0.190188
v -0.652390 0.244904 0.205019
v -0.297002 0.230859 0.260989
v -0.327948 0.233093 0.291847
v -0.378886 0.240500 0.356936
v -0.721493 0.259979 0.401877
v -0.724504 0.262567 0.437679
v -0.341525 0.232608 0.440489
v -0.710536 0.270896 0.479550
v -0.358453 0.235058 0.468858
v -0.702798 0.266159 0.493343
v -0.410788 0.241678 0.476476
v -0.534633 0.251715 0.480384
v -0.674846 0.250751 0.531655
v -0.667429 0.248199 0.547775
v -0.624010 0.254149 0.594300
v -0.242586 0.220418 -0.719098
v -0.077395 0.199510 -0.720439
v 0.429796 0.184668 -0.708131
v 0.553060 0.191204 -0.725809
v -0.463701 0.219384 -0.674615
v 0.312689 0.200690 -0.691134
v -0.588299 0.227503 -0.628542
v -0.540053 0.245630 -0.630011
v 0.714331 0.180349 -0.603756
v -0.248159 0.213735 -0.530148
v -0.258074 0.212371 -0.520460
v -0.723143 0.229433 -0.467397
v -0.686080 0.232566 -0.496503
v -0.263514 0.243921 -0.504597
v 0.727326 0.172972 -0.507849
v 0.143879 0.217345 -0.480655
v 0.730088 0.186928 -0.492821
v 0.405227 0.198222 -0.464192
v 0.250957 0.199262 -0.461677
v 0.371473 0.195444 -0.456897
v 0.768243 0.174141 -0.453047
v 0.512414 0.199011 -0.442952
v 0.567776 0.188378 -0.403255
v 0.798294 0.184511 -0.415718
v 0.820784 0.192703 -0.382581
v -0.701229 0.245565 -0.358660
v -0.696400 0.233116 -0.272987
v 0.640299 0.191619 -0.331990
v 0.671733 0.191880 -0.305843
v 0.831709 0.176804 -0.321847
v 0.827737 0.177261 -0.307801
v 0.813170 0.183293 -0.291468
v -0.236879 0.230262 -0.302700
v 0.750095 0.188003 -0.279271
v -0.668721 0.225070 -0.210994
v -0.669343 0.235516 -0.237698
v -0.681008 0.238049 -0.230454
v -0.696420 0.267316 -0.237734
v -0.667666 0.235371 -0.198090
v -0.678352 0.242650 -0.179708
v -0.282812 0.235951 -0.234925
v -0.314299 0.227404 -0.186400
v -0.335194 0.228578 -0.152387
v -0.261168 0.223882 -0.144705
v -0.234962 0.234952 -0.171417
v -0.217762 0.226732 -0.165559
v -0.208184 0.214583 -0.155472
v -0.217327 0.218800 -0.144475
v -0.219798 0.219598 -0.144969
v -0.200634 0.222928 -0.143934
v -0.230643 0.230197 -0.142422
v -0.204192 0.224317 -0.134742
v -0.166274 0.220251 -0.124107
v -0.633032 0.254705 -0.133212
v -0.600003 0.255892 -0.125932
v -0.184208 0.227572 -0.127172
v -0.175962 0.220473 -0.110599
v -0.571042 0.232264 -0.097249
v -0.372568 0.226241 -0.110418
v -0.379328 0.231082 -0.099443
v -0.354560 0.230764 -0.101604
v -0.364710 0.231058 -0.081677
v -0.394597 0.234494 -0.080755
v -0.562555 0.243738 -0.074349
v -0.421725 0.236191 -0.067361
v -0.532542 0.235904 -0.049798
v -0.482385 0.239328 -0.054130
v -0.518713 0.252513 0.061292
v -0.294519 0.240586 0.222631
v -0.681991 0.262414 0.348717
v -0.366571 0.243260 0.322586
v -0.388061 0.250392 0.376757
v -0.389581 0.251637 0.398817
v -0.381683 0.246092 0.435770
v -0.719780 0.263278 0.462475
v -0.504089 0.259858 0.452554
v -0.576246 0.269467 0.496485
v -0.650497 0.251185 0.538819
v -0.637765 0.272989 0.522542
v -0.635603 0.253221 0.550894
v -0.650123 0.259633 0.560279
v -0.633932 0.267009 0.571298
v -0.639963 0.265134 0.586072
v -0.620098 0.262017 0.583018
v -0.301300 0.235137 -0.699143
v 0.049507 0.207723 -0.695423
v 0.605942 0.185640 -0.717767
v -0.408513 0.225515 -0.680539
v 0.233059 0.196071 -0.686953
v -0.633084 0.240991 -0.573161
v -0.650769 0.239023 -0.531231
v -0.269681 0.218087 -0.531095
v -0.693817 0.243021 -0.447789
v 0.445210 0.213010 -0.483936
v 0.736161 0.191605 -0.480773
v 0.348350 0.212710 -0.454808
v -0.680895 0.254591 -0.407505
v 0.834080 0.188633 -0.335584
v -0.688470 0.241597 -0.283111
v -0.699711 0.248914 -0.276896
v -0.691364 0.244413 -0.273316
v 0.720692 0.207667 -0.284025
v -0.682409 0.242958 -0.273568
v -0.682459 0.243234 -0.245255
v -0.270152 0.261538 -0.323657
v 0.797164 0.191246 -0.283470
v -0.627469 0.243049 -0.211118
v -0.652440 0.254748 -0.157896
v -0.324788 0.235742 -0.185135
v -0.628858 0.256460 -0.162388
v -0.275311 0.241975 -0.147712
v -0.208880 0.225503 -0.153031
v -0.217393 0.233251 -0.152354
v -0.176318 0.234461 -0.131174
v -0.282299 0.232045 -0.133378
v -0.291968 0.233264 -0.121988
v -0.356739 0.236517 -0.121197
v -0.365827 0.237137 -0.110633
v -0.297707 0.235340 -0.109974
v -0.271984 0.233000 -0.105474
v -0.531313 0.241248 -0.097375
v -0.317078 0.235097 -0.110082
v -0.332302 0.251459 -0.112746
v -0.583450 0.244853 -0.086379
v -0.583430 0.245743 -0.087348
v -0.579962 0.247371 -0.086440
v -0.550589 0.244457 -0.087820
v -0.315625 0.235166 -0.091786
v -0.344722 0.244294 -0.090974
v -0.511730 0.247748 -0.063578
v -0.453707 0.246773 -0.067782
v -0.432828 0.252067 0.062614
v -0.385447 0.251096 0.074932
v -0.328715 0.245617 0.103177
v -0.629757 0.258475 0.218687
v -0.311131 0.252597 0.190689
v -0.347005 0.254191 0.260822
v -0.652857 0.269047 0.305253
v -0.398315 0.257226 0.344993
v -0.687830 0.272777 0.372159
v -0.435281 0.262524 0.402337
v -0.702258 0.276547 0.407403
v -0.495203 0.265212 0.432260
v -0.553521 0.272761 0.442835
v -0.601269 0.278860 0.509430
v -0.084242 0.217321 -0.714040
v -0.019904 0.224222 -0.699809
v 0.478655 0.211030 -0.718163
v 0.644545 0.195392 -0.707261
v -0.418273 0.238754 -0.667549
v -0.482630 0.242717 -0.644721
v 0.724819 0.187052 -0.551441
v -0.305888 0.242986 -0.539282
v -0.287592 0.228802 -0.541483
v -0.205531 0.231065 -0.532622
v -0.644592 0.250630 -0.486357
v 0.270867 0.228589 -0.464569
v 0.765527 0.190947 -0.457244
v 0.569816 0.216684 -0.404121
v -0.668909 0.262440 -0.365546
v -0.246486 0.252681 -0.394452
v -0.656728 0.260444 -0.310858
v -0.714318 0.253906 -0.285377
v -0.722950 0.255561 -0.268518
v -0.687794 0.253848 -0.262275
v -0.605133 0.256506 -0.237498
v 0.759962 0.207498 -0.278216
v -0.650431 0.255678 -0.203779
v -0.321222 0.242205 -0.216645
v -0.557339 0.261756 -0.173380
v -0.225136 0.241711 -0.167111
v -0.545672 0.254105 -0.136607
v -0.249732 0.240390 -0.165541
v -0.231289 0.241495 -0.155113
v -0.228678 0.241715 -0.145098
v -0.347261 0.255275 -0.133040
v -0.282350 0.243412 -0.133296
v -0.227632 0.241487 -0.133509
v -0.186057 0.241852 -0.135862
v -0.277353 0.240960 -0.115188
v -0.259716 0.240323 -0.133558
v -0.616511 0.257253 -0.119214
v -0.552038 0.266997 -0.102562
v -0.512929 0.254270 -0.109323
v -0.354426 0.249420 -0.110303
v -0.301281 0.244079 -0.112219
v -0.299737 0.244696 -0.129049
v -0.265245 0.249328 -0.099033
v -0.515628 0.253249 -0.097836
v -0.522368 0.262654 -0.096802
v -0.328278 0.249392 -0.091902
v -0.292673 0.252905 -0.084476
v -0.535135 0.255914 -0.073541
v -0.385125 0.267597 -0.096874
v -0.307298 0.260790 -0.081370
v -0.446428 0.265038 -0.083431
v -0.475315 0.266654 0.084320
v -0.584616 0.270847 0.172537
v -0.337751 0.258613 0.137918
v -0.595774 0.274715 0.236410
v -0.399650 0.263466 0.294615
v -0.657957 0.275542 0.354504
v -0.434089 0.266630 0.375257
v -0.690353 0.286450 0.446988
v -0.681550 0.284454 0.479030
v -0.676157 0.283813 0.487947
v -0.620165 0.290517 0.498538
v -0.156396 0.233554 -0.715335
v -0.069495 0.240791 -0.697005
v 0.537935 0.219261 -0.724213
v 0.086638 0.222074 -0.687031
v 0.397006 0.225786 -0.689204
v 0.716676 0.221508 -0.670038
v -0.483934 0.250014 -0.632001
v 0.736350 0.217952 -0.619637
v -0.589407 0.257755 -0.591619
v -0.599336 0.261482 -0.574294
v -0.598134 0.267862 -0.553742
v -0.298251 0.240627 -0.551738
v -0.145500 0.240118 -0.527331
v 0.010255 0.233857 -0.509562
v 0.735857 0.208924 -0.514288
v 0.467399 0.225347 -0.489180
v 0.478287 0.231308 -0.486260
v -0.635784 0.270847 -0.414129
v 0.175524 0.232352 -0.480643
v 0.394984 0.234221 -0.465243
v 0.769153 0.199881 -0.458128
v 0.789176 0.202913 -0.432375
v 0.521365 0.222692 -0.441387
v 0.644335 0.216093 -0.331203
v 0.837570 0.209715 -0.362344
v 0.848361 0.212246 -0.334008
v -0.722341 0.265780 -0.283656
v -0.703871 0.267522 -0.288075
v -0.608232 0.266158 -0.278480
v 0.690053 0.220066 -0.302532
v 0.837246 0.216553 -0.314222
v -0.719006 0.266979 -0.271408
v -0.689161 0.265483 -0.269000
v -0.661577 0.265461 -0.224392
v -0.292594 0.269544 -0.313949
v -0.328875 0.255667 -0.247584
v -0.663515 0.267951 -0.194895
v -0.637114 0.265658 -0.177036
v -0.327044 0.256092 -0.211717
v -0.327920 0.257322 -0.174842
v -0.646720 0.268818 -0.170606
v -0.642503 0.269425 -0.155754
v -0.624706 0.274956 -0.140453
v -0.238863 0.250469 -0.166053
v -0.538683 0.268628 -0.157121
v -0.255416 0.248970 -0.156799
v -0.635912 0.267250 -0.134199
v -0.265844 0.248525 -0.147791
v -0.249031 0.240205 -0.144372
v -0.632339 0.267325 -0.128113
v -0.614009 0.283197 -0.129185
v -0.596624 0.280253 -0.124700
v -0.311670 0.254091 -0.133833
v -0.293750 0.253235 -0.142982
v -0.290253 0.253948 -0.131732
v -0.248816 0.249241 -0.134620
v -0.229413 0.254468 -0.139294
v -0.223508 0.251469 -0.132745
v -0.355783 0.262740 -0.122849
v -0.256587 0.260817 -0.122504
v -0.589058 0.272075 -0.107792
v -0.316471 0.266626 -0.115061
v -0.268011 0.263738 -0.117310
v -0.247796 0.253413 -0.113270
v -0.507595 0.264973 -0.100519
v -0.311461 0.253977 -0.101115
v -0.296059 0.253429 -0.101405
v -0.361990 0.262786 -0.099060
v -0.546663 0.274309 -0.085752
v -0.413489 0.276083 -0.098525
v -0.491343 0.279964 -0.084250
v -0.469629 0.282279 -0.088390
v -0.505644 0.273117 0.100433
v -0.423269 0.269370 0.103966
v -0.547399 0.274887 0.131790
v -0.375678 0.266965 0.126210
v -0.365700 0.269751 0.160234
v -0.372458 0.271701 0.198055
v -0.563322 0.282254 0.199403
v -0.379285 0.269989 0.228597
v -0.449478 0.274667 0.308901
v -0.600805 0.283952 0.294035
v -0.604682 0.288414 0.341543
v -0.623944 0.285950 0.366007
v -0.480572 0.277713 0.363271
v -0.648861 0.291697 0.386426
v -0.675210 0.290355 0.410635
v -0.518039 0.282384 0.390234
v -0.548104 0.288195 0.379771
v -0.566484 0.282942 0.413231
v -0.588683 0.289711 0.476166
v -0.642893 0.296888 0.474363
v -0.217518 0.252018 -0.700548
v -0.145913 0.251115 -0.702292
v 0.008119 0.245149 -0.682379
v 0.697588 0.229659 -0.690782
v 0.219175 0.222878 -0.678303
v 0.280601 0.232516 -0.676357
v 0.348991 0.251591 -0.675597
v -0.497774 0.271246 -0.611864
v -0.475732 0.255350 -0.621972
v -0.531858 0.280938 -0.597091
v -0.332036 0.249719 -0.560217
v -0.314222 0.258989 -0.568123
v 0.742139 0.222998 -0.585232
v -0.336503 0.254337 -0.553557
v -0.210752 0.252822 -0.548226
v -0.596197 0.278114 -0.469336
v -0.301981 0.273211 -0.518542
v -0.274758 0.273669 -0.470185
v 0.339617 0.244690 -0.464346
v 0.806032 0.216843 -0.420611
v -0.614787 0.277732 -0.326255
v -0.711814 0.275145 -0.281712
v -0.701184 0.276019 -0.270950
v 0.824506 0.227281 -0.305916
v 0.793178 0.220991 -0.289119
v -0.689038 0.271265 -0.248205
v -0.567607 0.274849 -0.251154
v -0.663718 0.269780 -0.211310
v -0.334455 0.260665 -0.244163
v -0.544249 0.281602 -0.212611
v -0.636205 0.278114 -0.161173
v -0.640161 0.290578 -0.144525
v -0.342687 0.276736 -0.148738
v -0.635786 0.281002 -0.128337
v -0.625944 0.277194 -0.139016
v -0.624975 0.277478 -0.138392
v -0.513217 0.280183 -0.139613
v -0.353219 0.265986 -0.132946
v -0.337750 0.276429 -0.133544
v -0.313714 0.267539 -0.141137
v -0.299607 0.265426 -0.136028
v -0.624554 0.277814 -0.118322
v -0.624222 0.277807 -0.118120
v -0.486393 0.286533 -0.119822
v -0.342107 0.265952 -0.123036
v -0.553650 0.287441 -0.111254
v -0.483850 0.281865 -0.109568
v -0.254990 0.265246 -0.112161
v -0.514643 0.283006 -0.108615
v -0.319286 0.268178 -0.102374
v -0.297969 0.266003 -0.102937
v -0.340934 0.275925 -0.090747
v -0.287476 0.270628 -0.091149
v -0.319355 0.276859 -0.083336
v -0.477218 0.286220 0.139822
v -0.415369 0.277542 0.135590
v -0.524994 0.285570 0.153549
v -0.430128 0.282739 0.204036
v -0.550942 0.287445 0.266627
v -0.493030 0.285159 0.286384
v -0.571329 0.290652 0.344862
v -0.526075 0.288281 0.322328
v -0.588791 0.288768 0.385796
v -0.619012 0.296878 0.400297
v -0.595273 0.295219 0.411174
v -0.650163 0.299550 0.431421
v -0.598385 0.297958 0.456873
v 0.623970 0.249667 -0.721313
v -0.276496 0.266565 -0.673824
v 0.083702 0.247399 -0.671644
v 0.204558 0.249848 -0.662667
v -0.367466 0.267356 -0.644437
v -0.379875 0.270345 -0.626513
v -0.439595 0.262754 -0.604142
v -0.470240 0.264863 -0.610739
v -0.404000 0.261867 -0.586287
v -0.422914 0.266409 -0.588123
v -0.367955 0.262272 -0.566103
v -0.367828 0.259225 -0.574151
v -0.356652 0.266930 -0.586987
v -0.149137 0.261552 -0.543336
v -0.072726 0.258217 -0.536008
v 0.021246 0.256175 -0.523764
v -0.290004 0.277008 -0.501653
v 0.129355 0.252104 -0.500751
v 0.207406 0.255993 -0.487453
v 0.293177 0.254313 -0.472517
v 0.754550 0.235844 -0.529815
v 0.799621 0.234381 -0.467965
v -0.592165 0.287670 -0.413461
v -0.611550 0.281480 -0.378816
v -0.279729 0.278729 -0.391745
v 0.846586 0.230387 -0.358045
v 0.834948 0.237959 -0.387254
v 0.647851 0.231456 -0.336780
v 0.847305 0.230447 -0.331613
v -0.570341 0.286060 -0.317684
v 0.706049 0.229072 -0.300925
v -0.336584 0.279194 -0.293505
v 0.763950 0.237330 -0.289673
v -0.341863 0.278277 -0.273443
v -0.325626 0.285767 -0.213116
v -0.531815 0.289551 -0.178305
v -0.628492 0.305968 -0.132247
v -0.616565 0.287625 -0.129043
v -0.318578 0.278704 -0.133660
v -0.623511 0.279784 -0.117575
v -0.613806 0.290272 -0.127071
v -0.362957 0.281128 -0.133239
v -0.354170 0.278578 -0.123144
v -0.331086 0.275233 -0.115083
v -0.536882 0.301730 -0.108445
v -0.339090 0.276881 -0.101095
v -0.284634 0.274653 -0.101835
v -0.563991 0.291811 -0.099123
v -0.522195 0.286044 -0.085296
v -0.422421 0.287872 -0.101845
v -0.361316 0.282330 -0.098230
v -0.328401 0.281749 -0.093112
v -0.299324 0.279107 -0.093593
v -0.495786 0.299178 -0.084899
v -0.515382 0.290210 0.196830
v -0.476640 0.289632 0.197668
v -0.617259 0.301847 0.438456
v 0.578582 0.247720 -0.725605
v 0.546602 0.250814 -0.719843
v -0.166847 0.272752 -0.678498
v -0.035992 0.262754 -0.669721
v 0.473802 0.260095 -0.698027
v 0.394652 0.249917 -0.678730
v 0.282483 0.254835 -0.662214
v -0.334001 0.276051 -0.611822
v -0.436355 0.297515 -0.572654
v -0.219369 0.270382 -0.571237
v -0.526795 0.311766 -0.555472
v -0.373107 0.296400 -0.547304
v 0.756537 0.250454 -0.558303
v -0.563688 0.296264 -0.535856
v 0.468939 0.260720 -0.502573
v 0.446703 0.259224 -0.497865
v -0.287653 0.286606 -0.444085
v 0.575566 0.254158 -0.414183
v 0.535926 0.255113 -0.445414
v 0.629978 0.246137 -0.356757
v -0.585327 0.288380 -0.347236
v -0.290829 0.281535 -0.358366
v 0.672272 0.246805 -0.324597
v -0.535177 0.292471 -0.277024
v -0.347639 0.286917 -0.290464
v 0.724548 0.245201 -0.297709
v 0.807941 0.249013 -0.308247
v -0.538259 0.290437 -0.232756
v -0.328099 0.317821 -0.201574
v -0.333732 0.305028 -0.174626
v -0.634147 0.313281 -0.127619
v -0.356108 0.314286 -0.149583
v -0.495395 0.302744 -0.131505
v -0.385113 0.297115 -0.122512
v -0.344702 0.287048 -0.120092
v -0.622080 0.313706 -0.104686
v -0.487220 0.301257 -0.120811
v -0.343749 0.292549 -0.113753
v -0.587292 0.313052 -0.099794
v -0.502737 0.300227 -0.112334
v -0.356980 0.294848 -0.102978
v -0.549190 0.297488 -0.094773
v -0.460000 0.313113 -0.107930
v 0.523926 0.252446 -0.710177
v 0.672047 0.252258 -0.704877
v -0.235858 0.276202 -0.666760
v 0.749722 0.270524 -0.666115
v -0.276123 0.281309 -0.640059
v 0.096396 0.260815 -0.656860
v 0.764042 0.256565 -0.635707
v -0.486033 0.311683 -0.570843
v -0.224368 0.278723 -0.591193
v 0.760748 0.245203 -0.591797
v -0.151857 0.283020 -0.578049
v -0.140919 0.277780 -0.564493
v 0.002664 0.273075 -0.549682
v 0.087896 0.268960 -0.528366
v -0.528742 0.326287 -0.499952
v -0.301178 0.290343 -0.480696
v 0.417626 0.261158 -0.488024
v 0.393928 0.268113 -0.483363
v 0.480420 0.270182 -0.503043
v -0.551246 0.312144 -0.425175
v 0.828379 0.250545 -0.438812
v -0.555683 0.302388 -0.369260
v 0.857117 0.257927 -0.367027
v -0.524755 0.300010 -0.300475
v -0.334934 0.296772 -0.339211
v 0.856866 0.251999 -0.351428
v -0.357590 0.291809 -0.312923
v 0.843664 0.251323 -0.330632
v -0.527190 0.300433 -0.276877
v 0.784015 0.262501 -0.305924
v -0.534985 0.301314 -0.246544
v -0.326601 0.307525 -0.215948
v -0.532729 0.316252 -0.188505
v -0.520139 0.311457 -0.159844
v -0.494046 0.314947 -0.131564
v -0.385823 0.307096 -0.132674
v -0.485999 0.330139 -0.100623
v -0.431878 0.303526 -0.102762
v -0.392747 0.303233 -0.101583
v -0.548851 0.313122 -0.086332
v -0.514842 0.309807 -0.084519
v 0.717210 0.269145 -0.686267
v -0.162551 0.284972 -0.650392
v -0.028877 0.274526 -0.647801
v 0.373886 0.278425 -0.654157
v 0.451884 0.272676 -0.682228
v 0.419602 0.283029 -0.662371
v 0.277551 0.267674 -0.649976
v -0.188871 0.287474 -0.632452
v 0.094254 0.274274 -0.635682
v 0.185183 0.274713 -0.637079
v -0.007484 0.279207 -0.631861
v -0.171447 0.287617 -0.607121
v 0.780269 0.265598 -0.609393
v -0.436478 0.319949 -0.556000
v -0.004991 0.282316 -0.580438
v 0.032726 0.280071 -0.566836
v 0.089765 0.277867 -0.545991
v 0.767860 0.260446 -0.536654
v 0.208646 0.278255 -0.509323
v 0.786149 0.272189 -0.517319
v 0.285596 0.279400 -0.493917
v 0.352434 0.276034 -0.485329
v -0.326085 0.308880 -0.401044
v 0.650510 0.273533 -0.356136
v -0.511546 0.308658 -0.319253
v -0.373341 0.302773 -0.331154
v -0.357856 0.302547 -0.309547
v -0.521078 0.309495 -0.291727
v 0.695866 0.278292 -0.331330
v 0.740157 0.275757 -0.314443
v 0.826951 0.264484 -0.323025
v -0.329399 0.331248 -0.270415
v -0.536152 0.323319 -0.225976
v -0.343317 0.331268 -0.173332
v -0.615672 0.328299 -0.120337
v -0.486472 0.321277 -0.132225
v -0.498108 0.320652 -0.121703
v -0.497611 0.309465 -0.121398
v -0.470466 0.313351 -0.122120
v -0.412786 0.303853 -0.123845
v -0.622995 0.327659 -0.107808
v -0.560000 0.320117 -0.105366
v -0.548870 0.317347 -0.109416
v -0.522876 0.316716 -0.115762
v -0.486589 0.314756 -0.116936
v -0.418292 0.314880 -0.112026
v -0.431519 0.312521 -0.122607
v -0.393202 0.312472 -0.112242
v -0.536156 0.327012 -0.080329
v -0.514050 0.325669 -0.093412
v 0.589379 0.289779 -0.721383
v 0.608265 0.284149 -0.723374
v 0.483074 0.281074 -0.688213
v 0.288797 0.279705 -0.635724
v -0.113539 0.288109 -0.611663
v 0.107462 0.284053 -0.602493
v 0.162560 0.283653 -0.616648
v -0.014279 0.283532 -0.605535
v 0.109985 0.284629 -0.569529
v 0.781003 0.265274 -0.581454
v -0.522956 0.322132 -0.532449
v 0.194335 0.290325 -0.545159
v -0.385632 0.318552 -0.531583
v 0.229229 0.290231 -0.527394
v -0.364882 0.317781 -0.511402
v 0.444641 0.300132 -0.532113
v 0.826158 0.270159 -0.462137
v 0.507975 0.301860 -0.503482
v 0.585529 0.289133 -0.433854
v -0.516107 0.325006 -0.397883
v 0.605629 0.287043 -0.414026
v 0.844723 0.259760 -0.410082
v -0.355199 0.316756 -0.377166
v -0.502143 0.313419 -0.332385
v -0.382230 0.312443 -0.350345
v -0.390577 0.313275 -0.343573
v -0.367627 0.313481 -0.324601
v 0.858829 0.264654 -0.357461
v -0.488994 0.318019 -0.339229
v 0.849706 0.273778 -0.345976
v -0.511127 0.318810 -0.312378
v 0.784542 0.279330 -0.322809
v -0.530980 0.341397 -0.282216
v -0.519559 0.356040 -0.188534
v -0.496389 0.330358 -0.144307
v -0.376347 0.340492 -0.148292
v -0.506841 0.324223 -0.132674
v -0.528270 0.344770 -0.142885
v -0.439080 0.325515 -0.130651
v -0.587428 0.340184 -0.110766
v -0.474461 0.325802 -0.112329
v -0.598626 0.339138 -0.100374
v -0.568818 0.345383 -0.102468
v -0.570361 0.338351 -0.088717
v 0.571010 0.295709 -0.714512
v 0.645423 0.299281 -0.712342
v 0.510363 0.290400 -0.681370
v 0.533203 0.292055 -0.693221
v 0.227555 0.289473 -0.608365
v 0.321227 0.295817 -0.614741
v 0.209986 0.293292 -0.589963
v 0.226881 0.296890 -0.565452
v -0.482578 0.325857 -0.546130
v 0.334986 0.295316 -0.509189
v 0.410294 0.297194 -0.521074
v 0.424474 0.305516 -0.532001
v -0.361241 0.326996 -0.467491
v -0.520703 0.329372 -0.453537
v 0.806253 0.280648 -0.496856
v 0.557837 0.307112 -0.464756
v -0.489758 0.319754 -0.353347
v -0.446503 0.325358 -0.366076
v -0.446055 0.325448 -0.355617
v -0.410810 0.322234 -0.353102
v -0.486939 0.327000 -0.338494
v -0.390225 0.323656 -0.343618
v -0.370663 0.340551 -0.341716
v 0.690885 0.291428 -0.345068
v -0.343673 0.348562 -0.313588
v -0.318322 0.381144 -0.267527
v -0.515830 0.341447 -0.144411
v -0.506301 0.335268 -0.132821
v -0.477635 0.350533 -0.144594
v -0.398534 0.355404 -0.146609
v -0.548327 0.348348 -0.141323
v -0.509119 0.335417 -0.121346
v -0.602963 0.341666 -0.110214
v -0.557716 0.337752 -0.108333
v -0.558138 0.347181 -0.131348
v -0.500161 0.354006 -0.120543
v -0.492483 0.354629 -0.112675
v -0.529535 0.339492 -0.092243
v -0.538106 0.338048 -0.100675
v -0.553352 0.342212 -0.086302
v -0.512207 0.353466 -0.099241
v 0.702782 0.305530 -0.690525
v 0.477084 0.298063 -0.667712
v 0.390979 0.295595 -0.639296
v 0.774380 0.290924 -0.648973
v 0.792946 0.292195 -0.620855
v 0.289733 0.300321 -0.595145
v 0.795742 0.280262 -0.574996
v -0.442684 0.333995 -0.525986
v -0.400219 0.328287 -0.523493
v 0.308416 0.303538 -0.537976
v -0.477433 0.334493 -0.514017
v 0.470160 0.301609 -0.536315
v -0.484594 0.338699 -0.454624
v -0.385249 0.333568 -0.483265
v 0.824906 0.287713 -0.472367
v -0.470819 0.334025 -0.401379
v -0.396743 0.338735 -0.406047
v 0.854305 0.290468 -0.429939
v 0.867267 0.294724 -0.403697
v -0.398261 0.334920 -0.380101
v 0.642890 0.298421 -0.394210
v -0.459186 0.338105 -0.356042
v -0.428719 0.335756 -0.357176
v -0.396396 0.340814 -0.355901
v -0.484486 0.347309 -0.349667
v 0.737921 0.289696 -0.332319
v 0.844738 0.289746 -0.354896
v -0.513060 0.359471 -0.325541
v 0.765125 0.287663 -0.338713
v 0.793976 0.286991 -0.331283
v 0.813641 0.300066 -0.340085
v -0.532336 0.407331 -0.275696
v -0.531156 0.359671 -0.224000
v -0.329896 0.358882 -0.214053
v -0.500288 0.363416 -0.163594
v -0.517122 0.351086 -0.131014
v -0.456428 0.353535 -0.143442
v -0.559003 0.358503 -0.130259
v -0.552176 0.342907 -0.103076
v -0.582737 0.350059 -0.100094
v 0.556955 0.309808 -0.698227
v 0.457995 0.303652 -0.653118
v 0.426383 0.303904 -0.635990
v 0.383800 0.308542 -0.607936
v 0.336588 0.308152 -0.569308
v 0.805660 0.293013 -0.579192
v 0.380386 0.307827 -0.542507
v 0.819167 0.298307 -0.522227
v -0.427078 0.344919 -0.469633
v 0.536036 0.325577 -0.497150
v -0.433007 0.342398 -0.418417
v 0.839639 0.295990 -0.454133
v 0.590736 0.321558 -0.457412
v 0.607248 0.303021 -0.439968
v 0.675353 0.309606 -0.384671
v 0.859739 0.322551 -0.396506
v 0.700567 0.308135 -0.369391
v 0.738710 0.300205 -0.359254
v 0.786443 0.306762 -0.341536
v -0.363468 0.381303 -0.181886
v -0.559150 0.366102 -0.143166
v -0.553544 0.367457 -0.155494
v -0.533634 0.355998 -0.155971
v -0.515850 0.356753 -0.144577
v -0.553015 0.369361 -0.131799
v 0.510308 0.312815 -0.648400
v 0.753226 0.318850 -0.667705
v 0.490724 0.310645 -0.644186
v 0.439915 0.315964 -0.595356
v 0.467866 0.313491 -0.604203
v 0.427166 0.313344 -0.561764
v 0.469795 0.317566 -0.568510
v 0.496938 0.318386 -0.530791
v 0.526468 0.325987 -0.511726
v 0.836179 0.302502 -0.483956
v 0.857258 0.320071 -0.443571
v -0.443971 0.375089 -0.387908
v -0.379864 0.371040 -0.369525
v 0.715027 0.310818 -0.379876
v 0.854049 0.328045 -0.392482
v 0.764238 0.312191 -0.351285
v 0.833886 0.312095 -0.361343
v -0.346069 0.369681 -0.191395
v -0.530185 0.374474 -0.143643
v -0.522263 0.371781 -0.160902
v -0.419362 0.367995 -0.150981
v -0.512742 0.373877 -0.133116
v -0.536785 0.383826 -0.139387
v -0.525479 0.387221 -0.121999
v -0.504442 0.376398 -0.120659
v -0.515458 0.388835 -0.121875
v 0.673279 0.348377 -0.694682
v 0.695926 0.336115 -0.692720
v 0.781459 0.317158 -0.646207
v 0.502078 0.325845 -0.614331
v 0.816839 0.315358 -0.583690
v 0.831420 0.315527 -0.528302
v 0.853769 0.317485 -0.466329
v 0.618908 0.322845 -0.456616
v 0.633567 0.312279 -0.446316
v 0.646701 0.321712 -0.457139
v 0.674715 0.317608 -0.418276
v -0.405308 0.383982 -0.392135
v -0.493894 0.389317 -0.374740
v -0.357211 0.388093 -0.365101
v 0.736079 0.326464 -0.375221
v 0.812380 0.331617 -0.367348
v -0.527309 0.375410 -0.301732
v -0.335592 0.387261 -0.335234
v -0.509143 0.389771 -0.196129
v -0.557882 0.382750 -0.167919
v -0.543100 0.383201 -0.178493
v -0.559210 0.378458 -0.153733
v -0.553735 0.378987 -0.142702
v -0.528580 0.384091 -0.163898
v 0.603841 0.346575 -0.690375
v 0.582408 0.346324 -0.678693
v 0.729256 0.342673 -0.672980
v 0.809656 0.326203 -0.606025
v 0.503899 0.333891 -0.590831
v 0.514204 0.339343 -0.555996
v 0.568614 0.354521 -0.484424
v 0.655711 0.337906 -0.463982
v 0.672724 0.336248 -0.442168
v 0.706311 0.339013 -0.408517
v 0.858857 0.332703 -0.431011
v -0.465564 0.407235 -0.408057
v -0.492809 0.407819 -0.391876
v 0.770296 0.345191 -0.381928
v -0.316003 0.396515 -0.291846
v -0.525867 0.409880 -0.237441
v -0.326570 0.401603 -0.232447
v -0.528455 0.390692 -0.176719
v -0.493673 0.401504 -0.189579
v -0.445918 0.395933 -0.171510
v -0.556874 0.389292 -0.155682
v -0.401358 0.390837 -0.172143
v -0.524015 0.394324 -0.155913
v -0.514499 0.389679 -0.134965
v 0.637495 0.354042 -0.694232
v 0.767857 0.356489 -0.650354
v 0.548454 0.350675 -0.627231
v 0.831191 0.339029 -0.559218
v 0.553998 0.352716 -0.514367
v 0.861036 0.332543 -0.462099
v 0.565620 0.359510 -0.490026
v 0.597771 0.342813 -0.461947
v 0.680529 0.345860 -0.458562
v 0.850179 0.339058 -0.416753
v 0.742170 0.344153 -0.388945
v -0.514638 0.418432 -0.361799
v -0.340005 0.403696 -0.211790
v -0.512538 0.411975 -0.213922
v -0.548761 0.411256 -0.203630
v -0.559484 0.421665 -0.197385
v -0.545943 0.406235 -0.162346
v -0.519398 0.401754 -0.136959
v -0.525303 0.406531 -0.133122
v -0.535777 0.412725 -0.149479
v 0.799298 0.344683 -0.622400
v 0.545564 0.357352 -0.591501
v 0.823976 0.354712 -0.578256
v 0.552153 0.360818 -0.557972
v 0.846413 0.350133 -0.515654
v 0.858613 0.345690 -0.472695
v 0.590527 0.365230 -0.481188
v 0.856815 0.347480 -0.439392
v 0.716109 0.349536 -0.414867
v -0.436810 0.402856 -0.414097
v 0.817969 0.359550 -0.414859
v 0.751034 0.361799 -0.409743
v -0.316777 0.398841 -0.255977
v -0.558482 0.407968 -0.197932
v -0.535461 0.411807 -0.197480
v -0.365038 0.428820 -0.204230
v -0.530412 0.411621 -0.175586
v 0.588423 0.371618 -0.647029
v 0.567473 0.367488 -0.499210
v 0.650872 0.376006 -0.466751
v 0.673073 0.381488 -0.467975
v 0.716058 0.364278 -0.460258
v 0.725818 0.360732 -0.444626
v 0.850723 0.361045 -0.463412
v -0.400440 0.424942 -0.426024
v 0.838606 0.364381 -0.442234
v 0.777214 0.369886 -0.421495
v -0.528443 0.449592 -0.332448
v -0.313096 0.422454 -0.322023
v -0.341430 0.435595 -0.225406
v -0.467238 0.431990 -0.198757
v -0.396757 0.432224 -0.194864
v -0.535797 0.429009 -0.181573
v 0.622584 0.378627 -0.667153
v 0.723410 0.390656 -0.655240
v 0.743362 0.373416 -0.651439
v 0.579208 0.375119 -0.620332
v 0.793822 0.369493 -0.616749
v 0.592661 0.391229 -0.569476
v 0.844758 0.364779 -0.511054
v 0.588538 0.378762 -0.500174
v 0.566540 0.383907 -0.480774
v 0.568321 0.376390 -0.475883
v 0.597374 0.374463 -0.478630
v 0.622908 0.379508 -0.476664
v 0.718430 0.385836 -0.461802
v 0.759552 0.371435 -0.449298
v 0.818046 0.364425 -0.431511
v -0.360926 0.439956 -0.418885
v -0.338431 0.438946 -0.396391
v -0.322052 0.419890 -0.349625
v -0.309835 0.420265 -0.286757
v -0.522230 0.484393 -0.308743
v -0.309683 0.437818 -0.272112
v -0.547323 0.432370 -0.198962
v -0.535867 0.428932 -0.197906
v -0.524651 0.429584 -0.178441
v -0.524281 0.432548 -0.165033
v 0.668284 0.386890 -0.672200
v 0.765966 0.381586 -0.629608
v 0.817535 0.375742 -0.571933
v 0.604492 0.388537 -0.514661
v 0.834975 0.379373 -0.514954
v 0.576102 0.390124 -0.481515
v 0.577446 0.386100 -0.467125
v 0.605087 0.394692 -0.460188
v 0.749348 0.379734 -0.458268
v 0.785730 0.374967 -0.450413
v -0.442362 0.438826 -0.437434
v 0.814981 0.381883 -0.456228
v -0.482011 0.437710 -0.416313
v -0.317120 0.446786 -0.375268
v -0.516716 0.482316 -0.385774
v -0.510002 0.478487 -0.266735
v -0.504588 0.461929 -0.243893
v -0.489412 0.453919 -0.226141
v 0.696496 0.396833 -0.661632
v 0.639843 0.400663 -0.646631
v 0.753373 0.399936 -0.630829
v 0.642561 0.416878 -0.610673
v 0.788002 0.388662 -0.599370
v 0.626550 0.411866 -0.556248
v 0.625311 0.393437 -0.495630
v 0.611291 0.401322 -0.484407
v 0.818836 0.390481 -0.480366
v 0.821779 0.393200 -0.508639
v 0.593233 0.400628 -0.466404
v 0.635553 0.394296 -0.470242
v 0.641819 0.393204 -0.480191
v 0.648045 0.396390 -0.487047
v 0.766093 0.389831 -0.461339
v 0.790720 0.403596 -0.492886
v -0.400413 0.458267 -0.452729
v -0.365986 0.464066 -0.445601
v -0.456870 0.474150 -0.223545
v -0.394826 0.463557 -0.211262
v 0.676127 0.415473 -0.641999
v 0.717771 0.403086 -0.649451
v 0.773864 0.400654 -0.609673
v 0.640411 0.420122 -0.586291
v 0.800280 0.401757 -0.553010
v 0.645850 0.412398 -0.517698
v 0.639590 0.418591 -0.467735
v 0.637780 0.404040 -0.479590
v 0.623370 0.416269 -0.461176
v 0.649954 0.404933 -0.459926
v 0.705723 0.411016 -0.479450
v 0.612388 0.406236 -0.456708
v 0.633323 0.405878 -0.454896
v 0.763295 0.415865 -0.491041
v -0.459082 0.487253 -0.465702
v -0.507843 0.472689 -0.403819
v -0.484431 0.480723 -0.439258
v -0.314758 0.501210 -0.442713
v -0.300346 0.455820 -0.290960
v -0.316839 0.455865 -0.257038
v -0.340202 0.465794 -0.236966
v -0.403033 0.479907 -0.219313
v 0.654727 0.425767 -0.548700
v 0.796058 0.409138 -0.520757
v 0.680115 0.421356 -0.506843
v 0.714980 0.416698 -0.485754
v -0.440972 0.491407 -0.476728
v -0.421660 0.501004 -0.488823
v 0.654096 0.415295 -0.461312
v 0.632542 0.416061 -0.448643
v 0.657884 0.411515 -0.450420
v 0.653782 0.416782 -0.440777
v -0.297181 0.473663 -0.368154
v -0.293187 0.466244 -0.325297
v -0.360316 0.484319 -0.234001
v 0.718728 0.420230 -0.629893
v 0.749207 0.423761 -0.603489
v 0.779893 0.421518 -0.557708
v 0.771895 0.421877 -0.512852
v 0.642327 0.425970 -0.447164
v 0.660047 0.427730 -0.448664
v 0.668245 0.422693 -0.440099
v 0.664814 0.424747 -0.427848
v -0.292589 0.507928 -0.418227
v -0.503611 0.519733 -0.300321
v -0.314876 0.488275 -0.263061
v 0.682434 0.434028 -0.599565
v 0.713144 0.435808 -0.600123
v 0.679861 0.436390 -0.556832
v 0.756644 0.432778 -0.565718
v 0.712365 0.433813 -0.519505
v 0.747580 0.433315 -0.529856
v -0.406332 0.498670 -0.488730
v 0.665236 0.435428 -0.434430
v 0.663996 0.437017 -0.425134
v 0.677967 0.437510 -0.418800
v -0.519241 0.511465 -0.349992
v -0.283961 0.501371 -0.312179
v -0.296827 0.493808 -0.285026
v -0.478198 0.504150 -0.253714
v 0.722751 0.439170 -0.558551
v -0.373318 0.506566 -0.485693
v -0.332645 0.503378 -0.461870
v -0.279422 0.513009 -0.390442
v -0.515884 0.525058 -0.386979
v -0.280791 0.502783 -0.361651
v -0.274563 0.519485 -0.332669
v -0.324979 0.518862 -0.265049
v -0.436302 0.511561 -0.238092
v -0.417066 0.504016 -0.230468
v -0.476864 0.524503 -0.465352
v -0.496825 0.529203 -0.437043
v -0.361727 0.544260 -0.261812
v -0.408137 0.519171 -0.501553
v -0.504175 0.542446 -0.327093
v -0.485835 0.543218 -0.293791
v -0.445772 0.559241 -0.278292
v -0.386221 0.537541 -0.253197
v -0.447767 0.534281 -0.498912
v -0.502421 0.562892 -0.427454
v -0.274564 0.540016 -0.318260
v -0.288578 0.535614 -0.298910
v -0.328637 0.568383 -0.284793
v -0.406467 0.536354 -0.514995
v -0.315200 0.561239 -0.513275
v -0.279630 0.540152 -0.455970
v -0.261841 0.539249 -0.360947
v -0.248840 0.558334 -0.413142
v -0.511469 0.545422 -0.358547
v -0.477195 0.574118 -0.480739
v -0.253982 0.557140 -0.436549
v -0.402579 0.567413 -0.273099
v -0.429511 0.577562 -0.525834
v -0.357873 0.576848 -0.539516
v -0.456762 0.562456 -0.502295
v -0.283279 0.555478 -0.484219
v -0.500266 0.589769 -0.402672
v -0.235915 0.574467 -0.395228
v -0.257483 0.566527 -0.339685
v -0.294639 0.567998 -0.301813
v -0.247282 0.564903 -0.453799
v -0.236067 0.587402 -0.366696
v -0.470625 0.612914 -0.344687
v -0.449464 0.591935 -0.304795
v -0.362903 0.584674 -0.283595
v -0.387410 0.586097 -0.543999
v -0.286750 0.580357 -0.516114
v -0.489386 0.596258 -0.368069
v -0.452640 0.614928 -0.327028
v -0.254894 0.599791 -0.332440
v -0.407032 0.607134 -0.299019
v -0.245236 0.589636 -0.502044
v -0.456595 0.603112 -0.508464
v -0.235930 0.578981 -0.473776
v -0.488164 0.609049 -0.454665
v -0.211041 0.594145 -0.417043
v -0.222896 0.597835 -0.380549
v -0.298261 0.615302 -0.550023
v -0.468417 0.620045 -0.491638
v -0.268963 0.624411 -0.323232
v -0.303719 0.608036 -0.306350
v -0.303346 0.639884 -0.317598
v -0.361511 0.620981 -0.302391
v -0.379852 0.656509 -0.570026
v -0.340588 0.616911 -0.558117
v -0.424410 0.618612 -0.536391
v -0.181673 0.617675 -0.483447
v -0.180066 0.613485 -0.454193
v -0.199969 0.606155 -0.407222
v -0.482821 0.635960 -0.413467
v -0.356666 0.650497 -0.573969
v -0.261345 0.628441 -0.548211
v -0.208251 0.619977 -0.514069
v -0.474325 0.652682 -0.456904
v -0.412085 0.658780 -0.335721
v -0.209144 0.633946 -0.368638
v -0.230959 0.629983 -0.350837
v -0.395927 0.674485 -0.566692
v -0.429661 0.650938 -0.535753
v -0.460526 0.671600 -0.483424
v -0.158132 0.632922 -0.444668
v -0.150376 0.649626 -0.419541
v -0.184535 0.636521 -0.393533
v -0.460420 0.668089 -0.397612
v -0.236064 0.666351 -0.344330
v -0.370145 0.655806 -0.322624
v -0.321949 0.664475 -0.323016
v -0.302361 0.670874 -0.581193
v -0.256500 0.657101 -0.563879
v -0.189978 0.647660 -0.530730
v -0.158931 0.662906 -0.517018
v -0.440946 0.684685 -0.519285
v -0.143184 0.661017 -0.471169
v -0.459699 0.690807 -0.454240
v -0.142471 0.656809 -0.432830
v -0.182568 0.651653 -0.387255
v -0.441709 0.707437 -0.415641
v -0.423010 0.688361 -0.366599
v -0.392867 0.710075 -0.359280
v -0.210054 0.672060 -0.362957
v -0.369987 0.686311 -0.337332
v -0.276382 0.683551 -0.331604
v -0.348300 0.692354 -0.585198
v -0.188527 0.680161 -0.547718
v -0.129965 0.690244 -0.451353
v -0.157922 0.674378 -0.401702
v -0.318523 0.705860 -0.591010
v -0.408845 0.695531 -0.557586
v -0.247641 0.695865 -0.574263
v -0.169378 0.687238 -0.540376
v -0.145434 0.693906 -0.517917
v -0.136020 0.696573 -0.431273
v -0.424387 0.710822 -0.386425
v -0.180003 0.706193 -0.385588
v -0.443955 0.721252 -0.500543
v -0.154637 0.699700 -0.408073
v -0.247358 0.713079 -0.351162
v -0.285934 0.717367 -0.341435
v -0.324042 0.727309 -0.342859
v -0.359949 0.743989 -0.585513
v -0.285695 0.711512 -0.586977
v -0.126871 0.720766 -0.450553
v -0.350124 0.743291 -0.354659
v -0.387898 0.730873 -0.568861
v -0.416855 0.747242 -0.544878
v -0.144470 0.735213 -0.532718
v -0.427336 0.767470 -0.527512
v -0.445729 0.734528 -0.468007
v -0.198640 0.721379 -0.379882
v -0.342469 0.750970 -0.590317
v -0.198589 0.756591 -0.570905
v -0.171590 0.733324 -0.555321
v -0.130951 0.736332 -0.500970
v -0.140790 0.746358 -0.448447
v -0.435135 0.756423 -0.436977
v -0.411635 0.754843 -0.396533
v -0.381688 0.762814 -0.378575
v -0.312652 0.759242 -0.590718
v -0.164236 0.739768 -0.423306
v -0.197540 0.740714 -0.389953
v -0.284717 0.751905 -0.357063
v -0.433769 0.772697 -0.498508
v -0.129903 0.750971 -0.472168
v -0.344648 0.772458 -0.370375
v -0.285550 0.790352 -0.585688
v -0.387287 0.787653 -0.573296
v -0.142090 0.774579 -0.554205
v -0.181457 0.774677 -0.434231
v -0.414326 0.780240 -0.419375
v -0.247329 0.770356 -0.386355
v -0.209179 0.762693 -0.400628
v -0.244770 0.773572 -0.580574
v -0.126224 0.758096 -0.512210
v -0.122446 0.770186 -0.491414
v -0.421608 0.801019 -0.472069
v -0.133397 0.771755 -0.467492
v -0.294464 0.774666 -0.372503
v -0.341006 0.790370 -0.587519
v -0.216363 0.785047 -0.571319
v -0.171396 0.802364 -0.577086
v -0.406265 0.799771 -0.551427
v -0.129903 0.804202 -0.552105
v -0.419935 0.805849 -0.501584
v -0.152107 0.773951 -0.451664
v -0.205714 0.785084 -0.427627
v -0.373578 0.798115 -0.402098
v -0.335732 0.793798 -0.388373
v -0.366375 0.816177 -0.581892
v -0.413265 0.810445 -0.529863
v -0.118159 0.810948 -0.523764
v -0.389477 0.806114 -0.421876
v -0.276666 0.795148 -0.404090
v -0.233935 0.795012 -0.429121
v -0.312285 0.799172 -0.395993
v -0.405593 0.813133 -0.452545
v -0.205662 0.795204 -0.437056
v -0.181473 0.816187 -0.447730
v -0.231928 0.826392 -0.590149
v -0.196783 0.823250 -0.577190
v -0.376083 0.827334 -0.574626
v -0.145018 0.840228 -0.574875
v -0.122096 0.853010 -0.494258
v -0.144360 0.826883 -0.465447
v -0.218856 0.809414 -0.456626
v -0.234157 0.811683 -0.466675
v -0.203550 0.805039 -0.446120
v -0.315113 0.816136 -0.422914
v -0.361927 0.825025 -0.432440
v -0.334949 0.829277 -0.590629
v -0.392701 0.829905 -0.553205
v -0.115562 0.842233 -0.511939
v -0.266105 0.822427 -0.467866
v -0.299624 0.848170 -0.592261
v -0.271934 0.878259 -0.591097
v -0.250182 0.849204 -0.593428
v -0.159121 0.854381 -0.580174
v -0.119306 0.841001 -0.550303
v -0.390954 0.848267 -0.525143
v -0.385269 0.845575 -0.484318
v -0.221892 0.842456 -0.477576
v -0.288232 0.829081 -0.470560
v -0.337973 0.838856 -0.458861
v -0.368810 0.841479 -0.460938
v -0.331835 0.861114 -0.589550
v -0.204080 0.854792 -0.586823
v -0.127249 0.843121 -0.563759
v -0.288498 0.838501 -0.478609
v -0.201418 0.851725 -0.467242
v -0.179742 0.866645 -0.467439
v -0.181818 0.876042 -0.580025
v -0.346758 0.885383 -0.571761
v -0.360991 0.875976 -0.557127
v -0.109947 0.882988 -0.541163
v -0.299268 0.858279 -0.482471
v -0.347145 0.856795 -0.473509
v -0.158732 0.861181 -0.468284
v -0.329016 0.896637 -0.584202
v -0.231294 0.899772 -0.593206
v -0.359931 0.882652 -0.525882
v -0.352903 0.869084 -0.487027
v -0.141641 0.887990 -0.482346
v -0.247926 0.885635 -0.482681
v -0.208598 0.874724 -0.489605
v -0.291628 0.893116 -0.595525
v -0.118096 0.888879 -0.561558
v -0.333478 0.913798 -0.549627
v -0.306530 0.881102 -0.487331
v -0.268290 0.891458 -0.490068
v -0.185353 0.889374 -0.480174
v -0.312513 0.897438 -0.592544
v -0.119493 0.899828 -0.515888
v -0.332559 0.902834 -0.516624
v -0.225149 0.890996 -0.487023
v -0.166752 0.891817 -0.476918
v -0.139376 0.905170 -0.576010
v -0.312757 0.897271 -0.495769
v -0.281275 0.901653 -0.490103
v -0.195479 0.904822 -0.501047
v -0.205300 0.907070 -0.588503
v -0.165632 0.955696 -0.578580
v -0.258249 0.916853 -0.585291
v -0.318474 0.919509 -0.574708
v -0.129848 0.935887 -0.568022
v -0.121427 0.926980 -0.556939
v -0.311374 0.932710 -0.528238
v -0.296547 0.931871 -0.506912
v -0.267012 0.941773 -0.500267
v -0.132879 0.918294 -0.509889
v -0.151579 0.927692 -0.502577
v -0.288382 0.944464 -0.579782
v -0.269374 0.942554 -0.585543
v -0.180260 0.936373 -0.575189
v -0.187155 0.931575 -0.510451
v -0.222158 0.950852 -0.501816
v -0.175974 0.936661 -0.513760
v -0.222878 0.928609 -0.584946
v -0.293070 0.951308 -0.562258
v -0.126930 0.940435 -0.553994
v -0.161391 0.942862 -0.514663
v -0.225710 0.942557 -0.587465
v -0.283351 0.960804 -0.549651
v -0.136859 0.942938 -0.538807
v -0.282840 0.956441 -0.528518
v -0.259905 0.958534 -0.511692
v -0.191433 0.951052 -0.512487
v -0.244213 0.961635 -0.579554
v -0.192577 0.967601 -0.575935
v -0.251757 0.970937 -0.565355
v -0.163895 0.967006 -0.567650
v -0.162144 0.968216 -0.554449
v -0.175349 0.969334 -0.551385
v -0.190866 0.963897 -0.523058
v -0.220993 0.968303 -0.519827
v -0.245072 0.975898 -0.550434
v -0.246653 0.972457 -0.532378
v -0.188812 0.974552 -0.563825
vn -0.2606 -0.9248 -0.2773
vn -0.1161 -0.9453 -0.3048
vn 0.2396 -0.9507 -0.1967
vn 0.2160 -0.9663 -0.1400
vn -0.4643 -0.8844 -0.0466
vn 0.0194 -0.9947 -0.1005
vn 0.3596 -0.9309 0.0643
vn -0.0898 -0.9841 0.1533
vn -0.0720 -0.9640 0.2559
vn 0.1469 -0.8871 0.4375
vn -0.4162 -0.7698 -0.4840
vn 0.0152 -0.8108 -0.5852
vn 0.1300 -0.8120 -0.5690
vn -0.5687 -0.8096 -0.1454
vn -0.4158 -0.9075 -0.0597
vn 0.5333 -0.8458 0.0128
vn -0.4626 -0.8521 0.2449
vn 0.3148 -0.8448 0.4327
vn 0.2983 -0.8421 0.4493
vn -0.3213 -0.8347 0.4472
vn -0.2139 -0.8613 0.4609
vn 0.0071 -0.7288 0.6847
vn 0.1480 -0.7432 0.6525
vn 0.1020 -0.8308 -0.5471
vn 0.3099 -0.8459 -0.4340
vn -0.6118 -0.7332 -0.2968
vn 0.3775 -0.8809 -0.2854
vn 0.5256 -0.8357 -0.1595
vn 0.7186 -0.6447 0.2608
vn 0.6708 -0.5554 0.4914
vn 0.6570 -0.5594 0.5054
vn 0.3838 -0.4948 0.7796
vn 0.1702 -0.2778 0.9454
vn -0.0437 -0.6588 -0.7511
vn -0.0287 -0.6659 -0.7455
vn -0.3054 -0.5009 -0.8099
vn -0.3130 -0.4971 -0.8092
vn -0.3064 -0.5004 -0.8098
vn 0.4340 -0.7321 -0.5250
vn 0.3076 -0.9390 -0.1539
vn 0.3563 -0.9037 -0.2374
vn -0.6015 -0.7479 -0.2808
vn 0.3616 -0.9307 0.0546
vn 0.2897 -0.9362 0.1987
vn -0.6394 -0.7656 0.0709
vn 0.3026 -0.8918 0.3362
vn -0.5909 -0.7713 0.2363
vn 0.0745 -0.7850 0.6150
vn -0.5852 -0.7551 0.2958
vn 0.3001 -0.2760 0.9131
vn -0.4212 -0.7005 0.5761
vn 0.0926 -0.3445 0.9342
vn 0.3541 -0.3440 0.8696
vn 0.2491 -0.4157 -0.8747
vn -0.1862 -0.4905 -0.8513
vn -0.3141 -0.4966 -0.8092
vn 0.2100 -0.7886 -0.5779
vn -0.5830 -0.5698 -0.5792
vn 0.0896 -0.7145 0.6939
vn -0.3863 -0.6436 0.6607
vn -0.1484 -0.4191 0.8957
vn 0.2099 -0.4730 0.8557
vn -0.1810 -0.4197 -0.8894
vn 0.2782 -0.2285 -0.9329
vn 0.2893 -0.2459 -0.9251
vn 0.2917 -0.6052 -0.7407
vn 0.2916 -0.6052 -0.7407
vn 0.2816 -0.6088 -0.7417
vn 0.2923 -0.6049 -0.7407
vn 0.5689 -0.6765 -0.4677
vn 0.5337 -0.8060 -0.2560
vn 0.6196 -0.7816 -0.0722
vn -0.7223 -0.6522 -0.2300
vn -0.7151 -0.6692 -0.2019
vn 0.5856 -0.8081 0.0631
vn 0.5597 -0.7374 0.3780
vn 0.5481 -0.6855 0.4792
vn 0.2778 -0.2055 0.9384
vn 0.3167 -0.5961 0.7378
vn 0.4423 -0.1174 0.8891
vn -0.1533 -0.1415 0.9780
vn 0.4406 -0.8122 0.3823
vn -0.0663 -0.2634 -0.9624
vn -0.0915 -0.4023 -0.9109
vn -0.1326 -0.3992 -0.9072
vn -0.3476 -0.3673 -0.8627
vn -0.5453 -0.4133 -0.7292
vn 0.6480 -0.5467 -0.5304
vn 0.6502 -0.5403 -0.5341
vn 0.6481 -0.5466 -0.5303
vn -0.5946 -0.5446 -0.5915
vn -0.6880 -0.5251 -0.5009
vn -0.7164 -0.6957 -0.0533
vn 0.5840 -0.7351 0.3443
vn -0.1068 -0.5686 0.8157
vn -0.1058 -0.5684 0.8159
vn -0.1011 -0.5676 0.8171
vn -0.1000 -0.5674 0.8173
vn 0.3537 -0.4635 0.8124
vn 0.4757 -0.1672 0.8636
vn -0.3968 -0.7215 0.5674
vn -0.1337 -0.5916 0.7951
vn 0.1815 -0.0819 0.9800
vn 0.2632 -0.1361 0.9551
vn -0.2867 -0.3026 -0.9090
vn 0.3824 0.0305 -0.9235
vn 0.3112 0.0748 -0.9474
vn 0.5013 -0.3078 -0.8087
vn 0.5696 -0.2865 -0.7704
vn -0.5642 -0.3476 -0.7489
vn 0.6511 -0.5442 -0.5290
vn 0.7825 -0.5881 -0.2045
vn 0.6024 -0.7091 0.3665
vn 0.6268 -0.4050 0.6657
vn 0.0977 -0.6544 0.7498
vn 0.5115 -0.6791 0.5265
vn -0.6511 -0.6980 0.2981
vn 0.4740 -0.3762 0.7961
vn 0.1099 -0.3636 0.9250
vn -0.4740 -0.6845 0.5539
vn -0.0302 -0.1394 -0.9898
vn -0.3172 -0.3058 -0.8977
vn -0.3021 -0.2562 -0.9182
vn 0.4036 -0.5087 -0.7605
vn 0.6506 -0.5384 -0.5356
vn -0.7319 -0.4110 -0.5435
vn 0.7753 -0.6062 -0.1770
vn -0.7755 -0.6270 0.0741
vn -0.7757 -0.6268 0.0732
vn -0.7756 -0.6269 0.0735
vn -0.7757 -0.6268 0.0730
vn 0.4767 -0.3388 0.8112
vn -0.1462 -0.5092 0.8481
vn -0.6145 -0.6666 0.4219
vn 0.2335 -0.1484 0.9610
vn 0.4926 -0.1753 0.8524
vn 0.0855 -0.4813 0.8724
vn -0.1177 -0.5691 0.8138
vn -0.1335 -0.0608 -0.9892
vn -0.0741 -0.0495 -0.9960
vn 0.4159 0.1827 -0.8909
vn -0.6359 -0.3097 -0.7069
vn -0.7665 -0.3960 -0.5057
vn -0.8194 -0.4408 -0.3665
vn 0.8377 -0.5358 0.1056
vn -0.8685 -0.4854 -0.1008
vn 0.8002 -0.5526 0.2333
vn 0.4028 -0.2860 0.8695
vn 0.1813 -0.2061 0.9616
vn 0.2752 -0.4228 0.8634
vn 0.2214 -0.4201 0.8801
vn -0.4180 -0.1482 -0.8963
vn -0.3867 -0.0661 -0.9198
vn -0.2312 -0.0315 -0.9724
vn -0.1285 -0.1041 -0.9862
vn 0.0070 -0.0445 -0.9990
vn 0.2428 0.0270 -0.9697
vn -0.2699 -0.1212 -0.9552
vn 0.7485 -0.1764 -0.6393
vn -0.8400 -0.4295 -0.3316
vn -0.6830 -0.5919 0.4281
vn 0.2039 -0.3390 0.9184
vn 0.2860 -0.2991 0.9103
vn -0.2616 -0.7019 0.6625
vn -0.1281 -0.7100 0.6924
vn 0.1439 -0.7063 0.6931
vn 0.3820 -0.2455 0.8910
vn -0.1802 -0.4726 0.8626
vn -0.1399 -0.4797 0.8662
vn -0.2297 -0.4992 0.8355
vn 0.3963 -0.3381 0.8536
vn -0.0890 -0.5805 0.8094
vn 0.2157 -0.7593 0.6140
vn 0.0694 0.1540 -0.9856
vn -0.3558 -0.0298 -0.9341
vn 0.3525 0.2931 -0.8887
vn 0.0045 0.1208 -0.9927
vn 0.3124 0.2982 -0.9019
vn 0.1924 -0.0231 -0.9811
vn 0.4250 -0.0319 -0.9047
vn 0.4222 -0.0341 -0.9059
vn 0.4223 -0.0338 -0.9058
vn 0.4279 -0.0296 -0.9033
vn -0.5573 0.0283 -0.8298
vn -0.6451 -0.1475 -0.7497
vn 0.7996 -0.1422 -0.5834
vn -0.7615 -0.2015 -0.6160
vn 0.9561 -0.2457 -0.1594
vn 0.9394 -0.2742 -0.2057
vn 0.6278 -0.5231 0.5764
vn -0.8132 -0.5237 0.2538
vn -0.1580 -0.7305 0.6643
vn 0.0159 -0.6913 0.7223
vn -0.3696 -0.5691 0.7345
vn -0.2204 0.0369 -0.9747
vn -0.4884 0.0051 -0.8726
vn 0.9681 -0.1878 -0.1656
vn -0.9130 -0.4029 -0.0646
vn 0.7097 -0.4832 0.5126
vn 0.8449 -0.4087 0.3453
vn -0.3228 -0.4050 0.8554
vn 0.5335 -0.5352 0.6549
vn 0.3830 -0.6737 0.6320
vn 0.1045 -0.3487 0.9314
vn 0.2203 -0.3792 0.8987
vn -0.6598 -0.5528 0.5089
vn -0.5242 -0.5560 0.6451
vn -0.2823 -0.6185 0.7333
vn 0.2831 -0.6067 0.7428
vn -0.2383 -0.7030 0.6700
vn 0.1897 -0.6538 0.7325
vn 0.0685 -0.7275 0.6827
vn 0.3157 -0.8274 0.4644
vn 0.3246 -0.8229 0.4664
vn 0.3143 -0.8283 0.4639
vn -0.4489 -0.1319 -0.8838
vn -0.4006 -0.0020 -0.9162
vn -0.0581 0.0342 -0.9977
vn -0.6825 -0.2103 -0.7000
vn -0.5409 0.1241 -0.8319
vn -0.8064 -0.1129 -0.5805
vn -0.8814 -0.2161 -0.4201
vn 0.9887 -0.1370 -0.0602
vn -0.9132 -0.4073 0.0114
vn 0.9384 -0.2610 0.2267
vn -0.8367 -0.4921 0.2405
vn -0.8207 -0.4645 0.3326
vn 0.3506 -0.7272 0.5902
vn -0.0343 -0.7430 0.6684
vn -0.2431 -0.6229 0.7436
vn 0.4395 -0.4475 0.7788
vn 0.0306 -0.6691 0.7426
vn -0.1482 0.1502 -0.9775
vn -0.0590 0.1988 -0.9783
vn 0.3638 0.3169 -0.8759
vn 0.1611 0.1213 -0.9795
vn -0.6882 -0.0972 -0.7190
vn 0.7998 0.1267 -0.5868
vn 0.7994 0.1265 -0.5873
vn 0.7999 0.1269 -0.5865
vn -0.7465 0.0687 -0.6618
vn -0.8990 -0.2080 -0.3855
vn -0.9347 -0.2437 -0.2587
vn 0.9107 -0.3309 0.2473
vn -0.6894 -0.5337 0.4898
vn -0.0559 -0.4420 0.8953
vn 0.0729 -0.5754 0.8146
vn -0.0452 -0.6437 0.7640
vn -0.2285 -0.5674 0.7911
vn 0.4381 -0.3973 0.8063
vn 0.2372 -0.9029 0.3585
vn 0.3264 -0.8219 0.4668
vn -0.3671 -0.6993 0.6133
vn -0.2217 -0.7456 0.6285
vn 0.0964 -0.8531 0.5128
vn 0.0616 -0.8598 0.5068
vn -0.4153 -0.0609 -0.9077
vn -0.0570 0.0894 -0.9944
vn -0.0168 0.1190 -0.9928
vn 0.8765 -0.3091 -0.3690
vn -0.4634 0.0208 -0.8859
vn -0.4629 0.0202 -0.8862
vn -0.4616 0.0086 -0.8870
vn 0.4487 0.1214 -0.8854
vn 0.5358 0.1921 -0.8222
vn -0.0041 -0.7784 0.6278
vn -0.1242 -0.4961 0.8593
vn -0.0942 -0.5009 0.8604
vn 0.3251 -0.3653 0.8723
vn 0.2269 -0.9186 0.3235
vn -0.5097 -0.6354 0.5801
vn 0.2494 -0.9098 0.3318
vn 0.2505 -0.9089 0.3333
vn 0.2504 -0.9091 0.3330
vn -0.4342 -0.6400 0.6339
vn 0.1754 -0.8769 0.4476
vn -0.1737 -0.7431 0.6463
vn 0.2316 0.1938 -0.9533
vn -0.7354 -0.0063 -0.6776
vn 0.7993 0.1265 -0.5875
vn 0.9193 0.0929 -0.3825
vn -0.7462 -0.0222 -0.6653
vn 0.9292 0.1015 -0.3554
vn -0.8465 -0.0079 -0.5324
vn 0.9950 -0.0815 -0.0572
vn 0.9978 -0.0649 0.0089
vn -0.9634 -0.1453 -0.2252
vn -0.9746 -0.2204 -0.0406
vn 0.0407 -0.7725 0.6337
vn 0.1921 -0.8394 0.5084
vn 0.1097 -0.7608 0.6397
vn -0.1693 0.2004 -0.9650
vn 0.0588 0.4532 -0.8895
vn 0.2712 0.4270 -0.8626
vn -0.4615 0.0070 -0.8871
vn -0.2312 0.0584 -0.9712
vn 0.5193 0.2981 -0.8009
vn 0.9934 -0.1128 -0.0208
vn -0.9726 -0.1370 -0.1877
vn -0.9798 -0.1766 -0.0941
vn 0.9242 -0.2278 -0.3064
vn 0.9429 -0.1599 0.2924
vn -0.8464 -0.4263 0.3191
vn 0.4591 -0.3772 0.8043
vn 0.6692 -0.3503 0.6554
vn 0.2485 -0.9105 0.3306
vn 0.0551 -0.8505 0.5231
vn 0.2437 -0.7940 0.5569
vn 0.2426 -0.7949 0.5562
vn 0.2439 -0.7937 0.5573
vn -0.6627 -0.5316 0.5276
vn -0.4290 -0.6061 0.6697
vn 0.2532 -0.8331 0.4918
vn -0.2249 -0.5825 0.7811
vn -0.1907 -0.6139 0.7660
vn 0.1311 -0.7672 0.6279
vn -0.0066 -0.6233 0.7819
vn 0.1583 0.3243 -0.9326
vn -0.4393 0.0538 -0.8967
vn -0.2675 0.1975 -0.9431
vn -0.0034 0.2161 -0.9764
vn 0.0823 0.2951 -0.9519
vn 0.2262 0.3258 -0.9180
vn -0.3903 0.1853 -0.9018
vn -0.5381 0.1905 -0.8211
vn 0.6185 0.3663 -0.6952
vn -0.6601 0.1835 -0.7284
vn -0.8818 0.0734 -0.4658
vn 0.9589 -0.2794 -0.0493
vn 0.9500 -0.2967 0.0972
vn 0.8259 -0.2590 0.5007
vn -0.9289 -0.3009 0.2159
vn 0.5645 -0.6178 0.5475
vn 0.2360 -0.8004 0.5510
vn 0.2650 -0.8153 0.5147
vn 0.2220 -0.6760 0.7027
vn -0.3233 0.2297 -0.9180
vn -0.2262 0.0846 -0.9704
vn -0.5800 0.2307 -0.7813
vn 0.9215 0.1719 -0.3482
vn 0.9782 0.0528 -0.2008
vn 0.5921 -0.6076 0.5294
vn -0.7357 -0.4182 0.5328
vn -0.6895 -0.4714 0.5499
vn -0.4761 -0.5093 0.7169
vn 0.3073 -0.7555 0.5786
vn 0.2877 -0.6297 0.7216
vn -0.4721 -0.4991 0.7266
vn -0.3528 -0.4419 0.8248
vn -0.2576 -0.5052 0.8237
vn 0.0235 -0.5085 0.8608
vn 0.2248 -0.5489 0.8051
vn 0.0673 -0.0625 -0.9958
vn 0.0538 0.0233 -0.9983
vn 0.3002 0.4369 -0.8480
vn 0.3569 0.4655 -0.8099
vn -0.6292 0.0328 -0.7765
vn 0.5909 0.4603 -0.6625
vn -0.6534 0.1644 -0.7390
vn 0.6780 0.4705 -0.5648
vn 0.8320 0.3739 -0.4098
vn -0.8777 0.1324 -0.4605
vn -0.9143 0.1313 -0.3831
vn 0.9771 0.2104 -0.0314
vn 0.8105 -0.3750 0.4499
vn -0.9477 -0.2324 0.2188
vn -0.7596 -0.3676 0.5366
vn 0.5900 -0.5098 0.6261
vn 0.3251 -0.5239 0.7873
vn 0.2657 -0.4898 0.8303
vn -0.3301 0.1159 -0.9368
vn -0.0999 0.1329 -0.9861
vn -0.1977 0.3792 -0.9039
vn -0.5606 0.1033 -0.8216
vn -0.7488 0.0874 -0.6571
vn -0.8195 0.2223 -0.5282
vn 0.9499 0.3121 -0.0170
vn -0.9947 -0.0734 -0.0716
vn 0.9188 -0.0160 0.3944
vn 0.7670 -0.3464 0.5400
vn 0.7331 -0.3877 0.5588
vn 0.6445 -0.3777 0.6649
vn 0.2807 -0.3960 0.8743
vn -0.2074 -0.3516 0.9129
vn 0.0010 -0.4270 0.9042
vn -0.0289 -0.3972 0.9173
vn -0.3472 0.0983 -0.9326
vn 0.0796 0.4661 -0.8811
vn 0.0792 0.4658 -0.8814
vn 0.0798 0.4664 -0.8810
vn 0.3835 0.4959 -0.7791
vn 0.4900 0.5086 -0.7079
vn 0.8298 0.3947 -0.3946
vn 0.9628 -0.1781 0.2030
vn -0.9719 -0.1731 0.1594
vn 0.8198 -0.2298 0.5246
vn -0.9042 -0.1976 0.3787
vn -0.7147 -0.2920 0.6356
vn 0.5834 -0.1964 0.7881
vn -0.5296 -0.3508 0.7723
vn 0.4828 -0.2093 0.8503
vn -0.3627 -0.3452 0.8656
vn 0.3806 -0.3229 0.8665
vn 0.3805 -0.3228 0.8666
vn 0.3808 -0.3231 0.8664
vn 0.3802 -0.3226 0.8668
vn -0.2127 -0.3389 0.9165
vn 0.1138 0.0621 -0.9916
vn 0.0787 0.4653 -0.8816
vn 0.7524 0.1544 -0.6404
vn -0.8225 0.0607 -0.5655
vn -0.9015 0.0593 -0.4287
vn -0.9053 0.0627 -0.4200
vn -0.9026 0.0602 -0.4263
vn 0.8272 -0.1664 0.5368
vn -0.9078 -0.1789 0.3793
vn -0.4525 -0.3196 0.8325
vn -0.3433 -0.3334 0.8781
vn -0.2319 -0.3274 0.9160
vn 0.1502 -0.2740 0.9499
vn 0.1491 -0.2736 0.9502
vn 0.1459 -0.2723 0.9511
vn 0.2165 -0.2682 0.9387
vn -0.3313 0.1966 -0.9228
vn 0.2156 0.1604 -0.9632
vn 0.3664 0.3619 -0.8572
vn 0.5163 0.2310 -0.8247
vn 0.9040 0.1774 -0.3890
vn 0.8928 0.1343 -0.4301
vn 0.9561 0.1877 -0.2252
vn 0.9757 0.1463 -0.1629
vn -0.9851 0.0297 -0.1696
vn 0.9822 0.1518 -0.1109
vn 0.9806 0.1088 0.1630
vn -0.9348 -0.2198 0.2790
vn 0.7421 -0.0220 0.6699
vn -0.8479 -0.2074 0.4880
vn -0.6815 -0.3381 0.6491
vn 0.6586 -0.0633 0.7498
vn -0.0532 -0.2562 0.9652
vn -0.1489 0.2835 -0.9474
vn 0.1681 0.1725 -0.9705
vn -0.4400 0.2722 -0.8557
vn -0.5527 0.2271 -0.8018
vn 0.3100 0.2101 -0.9272
vn 0.5502 0.2566 -0.7946
vn -0.9058 0.0632 -0.4189
vn -0.9600 0.0599 -0.2735
vn -0.9768 -0.0711 0.2021
vn 0.9008 0.1473 0.4085
vn 0.3636 -0.1758 0.9148
vn 0.5046 -0.0853 0.8591
vn 0.2614 -0.2265 0.9383
vn -0.1407 0.3029 -0.9426
vn -0.7439 0.1816 -0.6432
vn -0.5629 0.2698 -0.7813
vn -0.7904 0.1108 -0.6025
vn -0.8920 0.0919 -0.4427
vn 0.9821 0.1857 -0.0322
vn -0.9941 0.0436 -0.0991
vn 0.8710 0.2102 0.4440
vn -0.9878 -0.0702 0.1389
vn 0.7880 0.1816 0.5883
vn -0.6980 -0.3548 0.6220
vn -0.4277 -0.4622 0.7768
vn -0.4260 -0.4614 0.7783
vn -0.4336 -0.4648 0.7720
vn 0.4815 -0.0939 0.8714
vn -0.0868 -0.3182 0.9440
vn -0.0159 -0.3993 0.9167
vn 0.1448 -0.2719 0.9514
vn -0.0034 0.3436 -0.9391
vn 0.1329 0.2857 -0.9491
vn -0.6271 0.2619 -0.7336
vn 0.8441 0.2807 -0.4568
vn 0.6829 0.2752 0.6767
vn 0.5932 0.1019 0.7985
vn -0.4349 -0.4654 0.7709
vn -0.3226 -0.4848 0.8130
vn 0.4476 -0.1770 0.8765
vn 0.4518 -0.1661 0.8765
vn 0.4480 -0.1759 0.8766
vn -0.2168 -0.4131 0.8845
vn -0.1868 0.3518 -0.9173
vn 0.2801 0.3952 -0.8749
vn 0.2906 0.4113 -0.8639
vn 0.5466 0.3732 -0.7496
vn -0.6775 0.1787 -0.7135
vn 0.5664 0.4066 -0.7168
vn 0.8492 0.3909 -0.3551
vn -0.7990 0.1276 -0.5877
vn 0.9230 0.3293 -0.1994
vn 0.9212 0.3555 -0.1583
vn 0.9436 0.3257 -0.0600
vn 0.8468 0.4683 0.2523
vn 0.8434 0.4261 0.3272
vn -0.8115 -0.3923 0.4331
vn 0.6402 0.1325 0.7567
vn -0.4071 0.3413 -0.8472
vn 0.2498 0.4064 -0.8789
vn -0.4651 0.3679 -0.8052
vn -0.4327 0.3634 -0.8250
vn 0.5644 0.5334 -0.6300
vn 0.7341 0.5370 -0.4157
vn -0.9696 -0.2221 0.1026
vn -0.9713 -0.2363 -0.0261
vn -0.9055 -0.3203 0.2782
vn 0.6732 0.3581 0.6469
vn -0.1628 -0.4541 0.8760
vn 0.0976 -0.3810 0.9194
vn 0.2282 0.4503 -0.8632
vn 0.7000 0.6077 -0.3751
vn 0.8599 0.4805 -0.1722
vn -0.9289 -0.0864 -0.3602
vn -0.9699 -0.1679 -0.1764
vn 0.7458 0.1762 0.6424
vn 0.6435 0.0713 0.7621
vn -0.5955 -0.4691 0.6522
vn -0.0179 -0.4731 0.8808
vn 0.1505 -0.4109 0.8992
vn 0.0482 0.5261 -0.8491
vn 0.4669 0.6865 -0.5575
vn 0.5288 0.7535 -0.3907
vn 0.5995 0.7849 0.1568
vn -0.9624 -0.1134 -0.2469
vn 0.5797 0.7827 0.2264
vn 0.6852 0.6073 0.4020
vn 0.6874 0.4299 0.5854
vn 0.7295 0.4493 0.5157
vn -0.8913 -0.3180 0.3231
vn 0.5569 0.1407 0.8186
vn 0.6736 -0.1420 0.7253
vn 0.4524 -0.1648 0.8765
vn -0.4181 -0.4744 0.7747
vn -0.4188 -0.4773 0.7725
vn -0.4189 -0.4774 0.7724
vn 0.3281 -0.2985 0.8962
vn 0.3283 -0.2980 0.8963
vn 0.3254 -0.3051 0.8950
vn -0.2043 -0.5081 0.8367
vn -0.1907 0.4882 -0.8517
vn -0.1292 0.4712 -0.8725
vn -0.1237 0.4739 -0.8719
vn -0.1250 0.4732 -0.8720
vn 0.0292 0.5618 -0.8267
vn 0.2636 0.6194 -0.7395
vn 0.2641 0.6189 -0.7397
vn 0.2639 0.6191 -0.7396
vn 0.3080 0.6056 -0.7338
vn 0.4401 0.6934 -0.5706
vn 0.4583 0.8523 -0.2522
vn -0.8406 0.0369 -0.5404
vn -0.8952 0.0015 -0.4458
vn 0.7455 0.6656 0.0351
vn 0.7592 0.6012 0.2495
vn 0.8332 0.2356 0.5003
vn -0.9079 -0.2452 0.3399
vn -0.7405 -0.3906 0.5469
vn 0.3254 -0.3053 0.8949
vn -0.0069 -0.4645 0.8855
vn 0.2707 0.6121 -0.7430
vn -0.6689 0.2177 -0.7107
vn -0.6983 0.2268 -0.6789
vn 0.5984 0.7343 -0.3205
vn 0.7461 0.0282 0.6652
vn 0.5469 -0.2288 0.8053
vn -0.4181 -0.4743 0.7748
vn 0.3825 -0.3583 0.8517
vn -0.1303 0.4706 -0.8727
vn 0.1279 0.5153 -0.8474
vn -0.4172 0.3098 -0.8544
vn -0.4174 0.3099 -0.8542
vn -0.5493 0.2459 -0.7986
vn -0.4171 0.3098 -0.8544
vn -0.7770 0.1449 -0.6126
vn 0.6063 0.7536 -0.2539
vn 0.6539 0.7486 -0.1097
vn 0.7952 0.6017 0.0746
vn 0.8139 0.5294 0.2395
vn -0.9950 -0.0940 0.0345
vn 0.8396 0.5061 0.1975
vn -0.9414 -0.1864 0.2811
vn 0.8952 0.1989 0.3987
vn 0.8961 0.1919 0.4003
vn 0.8961 0.1917 0.4003
vn -0.4667 -0.4359 0.7695
vn -0.2412 -0.4852 0.8405
vn -0.2363 -0.4763 0.8469
vn -0.2358 -0.4758 0.8474
vn 0.1713 -0.3856 0.9066
vn -0.1844 0.3845 -0.9045
vn 0.2728 0.7336 -0.6225
vn 0.4398 0.7067 -0.5542
vn 0.5126 0.7672 -0.3854
vn -0.9638 0.0266 -0.2653
vn -0.8583 -0.2722 0.4351
vn -0.7522 -0.3695 0.5456
vn 0.6723 0.0840 0.7355
vn -0.6695 -0.3517 0.6543
vn -0.0126 -0.4889 0.8722
vn -0.1050 0.4732 -0.8747
vn -0.1029 0.4678 -0.8778
vn -0.1028 0.4681 -0.8777
vn -0.4125 0.3327 -0.8481
vn 0.3677 0.5860 -0.7221
vn -0.6835 0.1795 -0.7075
vn 0.5668 0.6745 -0.4730
vn -0.9422 0.0565 -0.3304
vn -0.9994 -0.0261 -0.0212
vn -0.9995 -0.0258 -0.0207
vn -0.9995 -0.0259 -0.0206
vn 0.8961 0.1913 0.4005
vn 0.3986 -0.3174 0.8605
vn -0.2415 -0.4859 0.8400
vn -0.0790 -0.4640 0.8823
vn 0.1895 -0.4347 0.8804
vn -0.1070 0.4786 -0.8715
vn 0.1815 0.6064 -0.7742
vn 0.3725 0.7101 -0.5975
vn -0.6595 0.2501 -0.7089
vn 0.5741 0.7745 -0.2655
vn 0.7804 0.6065 -0.1519
vn 0.7873 0.6151 -0.0429
vn 0.8177 0.5730 0.0549
vn 0.9399 0.2749 0.2024
vn 0.9204 0.1320 0.3680
vn 0.9209 0.1318 0.3669
vn 0.9236 0.1315 0.3600
vn 0.9242 0.1315 0.3585
vn 0.8239 0.0453 0.5650
vn 0.6908 -0.1811 0.7000
vn 0.6168 -0.1567 0.7714
vn 0.5555 -0.1706 0.8138
vn -0.2598 0.4696 -0.8438
vn -0.2654 0.4770 -0.8379
vn -0.2597 0.4785 -0.8388
vn 0.1961 0.5417 -0.8174
vn 0.4508 0.5622 -0.6933
vn -0.9831 0.0393 -0.1791
vn -0.7404 -0.3124 0.5952
vn -0.6572 -0.3740 0.6544
vn 0.3283 -0.3154 0.8904
vn -0.2657 -0.4619 0.8462
vn 0.1219 -0.4262 0.8964
vn -0.0402 0.5392 -0.8412
vn 0.2237 0.5835 -0.7807
vn 0.3008 0.6166 -0.7276
vn 0.3259 0.6172 -0.7162
vn -0.5317 0.3467 -0.7727
vn 0.6315 0.6488 -0.4245
vn 0.7197 0.6515 -0.2400
vn -0.9995 -0.0258 -0.0204
vn -0.8595 -0.2466 0.4478
vn -0.4584 -0.4216 0.7824
vn 0.4974 0.6570 -0.5665
vn -0.7849 0.2872 -0.5491
vn -0.8798 0.2156 -0.4237
vn -0.8794 0.2150 -0.4247
vn -0.8794 0.2149 -0.4249
vn 0.8577 0.4749 -0.1968
vn 0.9004 0.4345 0.0227
vn 0.9206 0.3142 0.2320
vn 0.9231 0.1693 0.3452
vn 0.8185 0.0743 0.5696
vn 0.6446 -0.3959 0.6540
vn 0.2783 -0.5331 0.7990
vn 0.5172 -0.4000 0.7567
vn -0.1149 -0.5285 0.8411
vn 0.1283 -0.5597 0.8187
vn -0.2602 0.4791 -0.8383
vn -0.4751 0.4196 -0.7734
vn 0.4133 0.6897 -0.5945
vn -0.7487 0.2443 -0.6162
vn 0.5892 0.6734 -0.4466
vn -0.8798 0.2158 -0.4235
vn 0.7337 0.5783 -0.3567
vn 0.9137 0.3954 -0.0943
vn -0.9683 -0.0583 0.2431
vn -0.9800 -0.1150 0.1626
vn 0.9411 0.2990 0.1579
vn -0.8770 -0.2214 0.4264
vn 0.7812 0.0940 0.6172
vn -0.3425 -0.5041 0.7928
vn 0.0074 -0.6040 0.7970
vn -0.0421 0.5590 -0.8281
vn -0.2640 0.4794 -0.8369
vn -0.7146 0.3269 -0.6185
vn -0.9576 0.1594 -0.2402
vn -0.9584 0.1613 -0.2356
vn -0.9576 0.1596 -0.2399
vn -0.9585 0.1614 -0.2350
vn -0.9473 -0.1303 0.2926
vn 0.8533 -0.2429 0.4614
vn 0.7560 -0.2431 0.6077
vn -0.2399 -0.5093 0.8265
vn 0.2191 -0.5239 0.8232
vn 0.2157 -0.5296 0.8204
vn 0.2192 -0.5244 0.8228
vn 0.3056 0.6274 -0.7162
vn -0.4614 0.4036 -0.7900
vn 0.4833 0.5858 -0.6506
vn 0.6386 0.5339 -0.5542
vn 0.6303 0.5287 -0.5684
vn 0.8231 0.4598 -0.3333
vn 0.8233 0.4335 -0.3665
vn 0.9687 0.1794 0.1717
vn -0.6086 -0.3634 0.7053
vn -0.5039 -0.3914 0.7700
vn -0.1871 -0.9628 -0.1947
vn 0.0324 -0.9476 -0.3179
vn 0.1633 -0.9597 -0.2287
vn -0.2603 -0.9651 -0.0306
vn -0.1032 -0.9914 0.0811
vn 0.1224 -0.9860 -0.1133
vn -0.1764 -0.9797 0.0952
vn -0.2414 -0.9513 0.1916
vn 0.1540 -0.9875 -0.0331
vn 0.0453 -0.9866 0.1569
vn 0.0441 -0.9879 0.1484
vn 0.0454 -0.9865 0.1575
vn 0.0440 -0.9881 0.1475
vn -0.0558 0.5486 -0.8342
vn 0.1771 0.5896 -0.7881
vn -0.5498 0.4053 -0.7304
vn 0.5003 0.6000 -0.6243
vn 0.5000 0.5996 -0.6248
vn 0.5006 0.5993 -0.6247
vn 0.8752 0.4284 -0.2248
vn 0.9563 0.2612 -0.1315
vn -0.9943 0.0665 0.0831
vn 0.9993 0.0368 -0.0079
vn 0.9082 -0.0249 0.4179
vn 0.9209 -0.1645 0.3532
vn 0.7467 -0.3462 0.5680
vn 0.7123 -0.3409 0.6135
vn 0.2149 -0.5306 0.8199
vn 0.0656 -0.8953 -0.4405
vn 0.3492 -0.8781 -0.3270
vn -0.4410 -0.8975 0.0058
vn -0.4772 -0.8772 0.0529
vn 0.4933 -0.8401 -0.2256
vn 0.4747 -0.8426 -0.2544
vn 0.4563 -0.8801 -0.1308
vn 0.4606 -0.8789 -0.1240
vn 0.4600 -0.8791 -0.1248
vn -0.4374 -0.8589 0.2664
vn 0.4562 -0.8801 -0.1315
vn -0.2108 -0.8659 0.4536
vn 0.3721 -0.9243 0.0855
vn -0.2570 -0.8724 0.4157
vn -0.0885 -0.9226 0.3756
vn 0.1804 -0.9555 0.2336
vn -0.3269 0.4638 -0.8234
vn -0.2629 0.4562 -0.8501
vn 0.3840 0.5295 -0.7565
vn 0.0671 -0.8764 0.4769
vn 0.0673 -0.8744 0.4806
vn 0.0671 -0.8768 0.4762
vn -0.7342 0.3688 -0.5699
vn -0.8066 0.3566 -0.4715
vn 0.9965 0.0835 0.0019
vn -0.8661 -0.2017 0.4573
vn 0.8840 -0.1736 0.4340
vn -0.7185 -0.2943 0.6302
vn 0.5095 -0.4187 0.7518
vn 0.4673 -0.4384 0.7677
vn -0.1930 -0.8454 -0.4981
vn 0.0261 -0.8541 -0.5195
vn -0.4694 -0.8604 -0.1983
vn -0.3223 -0.9025 -0.2857
vn 0.3404 -0.7600 -0.5537
vn 0.3887 -0.7550 -0.5281
vn 0.3955 -0.7635 -0.5106
vn -0.5331 -0.7616 0.3685
vn -0.4983 -0.7809 0.3766
vn -0.4602 -0.7646 0.4511
vn 0.1566 0.5807 -0.7990
vn -0.3056 -0.6688 0.6777
vn 0.4395 -0.8883 0.1332
vn -0.2564 -0.6041 0.7545
vn 0.0675 -0.8741 0.4811
vn -0.0820 -0.7262 0.6825
vn -0.0732 -0.9086 0.4112
vn 0.0493 -0.9097 0.4124
vn -0.9815 0.1762 -0.0745
vn -0.9423 0.1716 0.2875
vn 0.9548 0.0586 0.2913
vn -0.6783 -0.3407 0.6511
vn -0.5398 -0.4238 0.7273
vn 0.5479 -0.4359 0.7140
vn -0.3546 -0.4531 0.8179
vn -0.2592 -0.4532 0.8529
vn -0.0217 -0.4376 0.8989
vn 0.1509 -0.7140 -0.6837
vn 0.3057 -0.6254 -0.7179
vn -0.5397 -0.8205 -0.1884
vn -0.5110 -0.8349 -0.2046
vn 0.4262 -0.7405 -0.5196
vn 0.5662 -0.6721 -0.4771
vn -0.6145 -0.7826 0.0993
vn 0.7294 -0.6265 -0.2747
vn -0.6251 -0.7461 0.2294
vn 0.7445 -0.6281 -0.2264
vn 0.7761 -0.5935 -0.2130
vn -0.4628 -0.6303 0.6234
vn 0.6742 -0.7304 0.1096
vn -0.0248 0.4971 -0.8674
vn -0.0623 0.5151 -0.8548
vn 0.2619 0.4761 -0.8395
vn 0.6352 -0.7681 0.0809
vn -0.2550 -0.5742 0.7780
vn 0.0758 -0.9028 0.4234
vn 0.6443 0.4998 -0.5789
vn -0.7757 0.3111 -0.5491
vn -0.9554 0.1950 -0.2217
vn -0.8951 0.2958 -0.3336
vn -0.8947 0.2972 -0.3335
vn -0.8950 0.2962 -0.3335
vn 0.9256 0.2784 -0.2563
vn 0.9386 0.3127 -0.1459
vn -0.9820 -0.0912 0.1656
vn -0.9380 -0.0704 0.3394
vn -0.9050 -0.2470 0.3464
vn 0.8557 -0.2734 0.4394
vn -0.1896 -0.4199 0.8876
vn 0.0741 -0.3940 0.9161
vn 0.1778 -0.4500 0.8751
vn 0.3771 -0.3819 0.8437
vn 0.0143 -0.6711 -0.7412
vn 0.0149 -0.6682 -0.7438
vn 0.0142 -0.6716 -0.7407
vn -0.3725 -0.7684 -0.5203
vn -0.2087 -0.8152 -0.5402
vn 0.3581 -0.5542 -0.7514
vn 0.4827 -0.5725 -0.6627
vn 0.2977 -0.7077 -0.6407
vn -0.5973 -0.7946 -0.1085
vn -0.5982 -0.7940 -0.1084
vn -0.5935 -0.7973 -0.1095
vn 0.6641 -0.5744 -0.4785
vn -0.6271 -0.7753 0.0755
vn -0.6280 -0.7745 0.0760
vn -0.6274 -0.7750 0.0756
vn 0.7782 -0.5168 -0.3568
vn 0.8850 -0.4043 -0.2310
vn 0.9147 -0.3817 -0.1327
vn 0.4597 0.5814 -0.6713
vn -0.2002 -0.4764 0.8561
vn -0.1326 -0.5103 0.8497
vn 0.4892 -0.7952 0.3582
vn 0.5694 -0.7680 0.2933
vn -0.6100 0.4396 -0.6593
vn 0.5071 0.5906 -0.6277
vn -0.3898 -0.6499 0.6525
vn -0.3899 -0.6499 0.6524
vn -0.3847 -0.6518 0.6536
vn -0.3901 -0.6496 0.6526
vn 0.1384 -0.7378 0.6606
vn 0.2904 -0.7386 0.6084
vn 0.6561 0.5064 -0.5596
vn 0.7731 0.3950 -0.4963
vn 0.8162 0.4490 -0.3636
vn 0.8844 0.3511 -0.3077
vn -0.9821 0.1438 -0.1217
vn -0.9917 0.1209 0.0446
vn 0.9741 0.0582 -0.2185
vn 0.9656 -0.1755 0.1918
vn 0.7452 -0.2945 0.5983
vn -0.6484 -0.3323 0.6849
vn -0.4013 -0.4350 0.8060
vn 0.0933 -0.5392 0.8370
vn 0.0149 -0.6678 -0.7442
vn -0.3564 -0.7895 -0.4996
vn 0.3300 -0.6502 -0.6843
vn 0.3327 -0.6503 -0.6829
vn 0.3331 -0.6503 -0.6827
vn 0.7139 -0.3920 -0.5803
vn 0.8749 -0.3368 -0.3480
vn 0.9214 -0.2781 -0.2714
vn -0.6031 -0.6088 0.5154
vn -0.5992 -0.6109 0.5175
vn -0.5996 -0.6107 0.5172
vn -0.4940 -0.5052 0.7076
vn -0.5196 -0.5019 0.6914
vn 0.9596 -0.2454 -0.1377
vn -0.4613 -0.3858 0.7989
vn -0.3438 -0.4004 0.8494
vn 0.3615 0.5891 -0.7227
vn -0.2409 -0.2413 0.9401
vn -0.2445 -0.2387 0.9398
vn -0.2415 -0.2409 0.9400
vn -0.2451 -0.2382 0.9398
vn -0.4777 -0.7773 0.4094
vn 0.4597 0.5262 -0.7154
vn -0.3383 -0.9076 0.2486
vn -0.3328 -0.7212 0.6075
vn -0.2649 -0.9407 0.2120
vn -0.2610 -0.6122 0.7464
vn -0.0033 -0.6618 0.7497
vn 0.9250 -0.1813 0.3338
vn -0.2042 -0.4454 0.8718
vn 0.3266 -0.4750 0.8171
vn 0.3723 -0.4895 0.7885
vn -0.3806 -0.7821 -0.4935
vn -0.5136 -0.7864 -0.3432
vn 0.3268 -0.6501 -0.6860
vn 0.6181 -0.3897 -0.6827
vn 0.8536 -0.1991 -0.4814
vn 0.8520 -0.2067 -0.4810
vn 0.8539 -0.1973 -0.4816
vn -0.2878 0.5621 -0.7754
vn -0.0552 0.5855 -0.8088
vn -0.1204 0.6154 -0.7790
vn 0.2238 0.6998 -0.6784
vn 0.9834 -0.1735 0.0535
vn 0.4768 0.4556 -0.7517
vn 0.8178 -0.4750 0.3251
vn 0.6001 -0.3941 0.6961
vn 0.0765 -0.8380 0.5403
vn -0.8952 0.2954 -0.3336
vn 0.9584 0.1332 -0.2526
vn 0.9990 0.0438 -0.0115
vn 0.9071 -0.2720 0.3211
vn -0.9069 -0.1251 0.4023
vn -0.0095 -0.4246 0.9053
vn -0.2437 -0.6881 -0.6835
vn -0.0662 -0.6230 -0.7794
vn -0.3840 -0.7134 -0.5862
vn 0.2767 -0.4732 -0.8364
vn 0.2749 -0.4728 -0.8372
vn 0.2770 -0.4733 -0.8362
vn 0.2745 -0.4727 -0.8374
vn 0.3126 -0.5150 -0.7982
vn -0.5925 -0.7980 -0.1098
vn -0.6493 -0.7604 -0.0125
vn 0.8516 -0.2083 -0.4810
vn -0.6281 -0.7744 0.0762
vn -0.6673 -0.6998 0.2552
vn 0.9781 0.0043 -0.2083
vn -0.6034 -0.6086 0.5152
vn 0.9702 -0.0107 -0.2421
vn -0.5400 -0.4322 0.7222
vn -0.5396 -0.4320 0.7226
vn -0.5385 -0.4317 0.7237
vn -0.2408 -0.2616 0.9347
vn -0.9238 0.3676 -0.1071
vn 0.9914 0.1310 -0.0043
vn -0.5137 -0.6911 0.5084
vn -0.3430 0.5627 -0.7522
vn -0.5063 -0.8496 0.1482
vn -0.5338 -0.8247 0.1870
vn -0.5697 0.4876 -0.6616
vn 0.6363 -0.6560 0.4060
vn 0.1305 -0.5357 0.8342
vn 0.6447 -0.6771 0.3547
vn -0.7378 0.4318 -0.5188
vn -0.3519 -0.8170 0.4568
vn 0.0759 -0.8529 0.5166
vn 0.3008 -0.8262 0.4764
vn -0.0456 -0.7435 0.6671
vn 0.0047 -0.7606 0.6492
vn 0.8013 0.3254 -0.5020
vn 0.8738 0.2439 -0.4207
vn 0.9096 0.2216 -0.3513
vn 0.9099 0.2212 -0.3510
vn 0.9096 0.2167 -0.3544
vn -0.9974 0.0699 0.0162
vn -0.9946 0.0769 0.0700
vn 0.9942 0.1056 -0.0192
vn -0.9774 0.0398 0.2077
vn -0.6559 -0.2956 0.6945
vn -0.4287 -0.3392 0.8373
vn -0.2668 -0.3311 0.9051
vn -0.2667 -0.3308 0.9052
vn -0.2645 -0.3278 0.9070
vn -0.0005 -0.5299 -0.8481
vn -0.3025 -0.6773 -0.6706
vn 0.9045 -0.0475 -0.4237
vn 0.9496 0.0821 -0.3025
vn -0.6590 -0.7141 0.2362
vn -0.6417 -0.6368 0.4274
vn 0.9769 0.0243 -0.2122
vn -0.5381 -0.4316 0.7240
vn -0.4455 -0.1960 0.8735
vn -0.3346 -0.0400 0.9415
vn -0.3327 -0.0324 0.9425
vn -0.3324 -0.0302 0.9426
vn -0.2261 -0.0226 0.9738
vn -0.6883 -0.4384 0.5779
vn 0.7864 -0.4364 -0.4372
vn 0.7862 -0.4366 -0.4374
vn 0.7865 -0.4361 -0.4374
vn -0.5679 -0.6636 0.4870
vn -0.5547 -0.6466 0.5237
vn 0.3326 -0.6972 0.6350
vn 0.2576 -0.6543 0.7110
vn -0.8932 0.2876 -0.3456
vn -0.9408 0.2704 -0.2045
vn -0.9170 0.2960 -0.2672
vn -0.9467 0.2678 -0.1788
vn 0.9864 -0.0425 -0.1587
vn -0.9827 0.0311 0.1828
vn 0.9956 -0.0266 0.0895
vn -0.9368 -0.0467 0.3469
vn 0.8926 -0.2314 0.3869
vn -0.7733 -0.1977 0.6024
vn 0.7594 -0.3348 0.5579
vn 0.5414 -0.3663 0.7568
vn 0.6036 -0.3673 0.7076
vn -0.0120 -0.4381 0.8988
vn 0.0530 -0.3864 0.9208
vn 0.3168 -0.3956 0.8621
vn 0.1895 -0.4245 -0.8854
vn 0.2429 -0.4127 -0.8779
vn -0.4564 -0.6875 -0.5648
vn 0.5494 -0.2643 -0.7927
vn 0.6189 -0.2694 -0.7379
vn -0.5474 -0.7920 0.2703
vn -0.4420 -0.7047 0.5551
vn 0.9558 0.2655 -0.1262
vn -0.4212 -0.1880 0.8873
vn 0.9501 0.2814 -0.1346
vn 0.9427 0.2739 -0.1904
vn 0.7885 -0.4320 -0.4378
vn 0.1682 0.5736 -0.8017
vn 0.1657 0.5745 -0.8015
vn 0.1734 0.5715 -0.8021
vn 0.3235 0.5555 -0.7660
vn 0.8358 -0.4244 -0.3483
vn 0.7328 -0.5712 0.3698
vn 0.8493 -0.5101 0.1357
vn -0.5540 -0.5470 0.6276
vn 0.7096 -0.5495 0.4410
vn -0.7944 0.3532 -0.4942
vn -0.4518 -0.5039 0.7362
vn 0.5374 -0.5916 0.6010
vn 0.6718 0.4073 -0.6187
vn 0.6726 0.4072 -0.6179
vn 0.6724 0.4072 -0.6181
vn -0.1508 -0.6362 0.7566
vn 0.7902 0.3402 -0.5098
vn 0.9904 -0.1379 -0.0061
vn 0.9356 -0.1073 0.3364
vn -0.5283 -0.2827 0.8006
vn 0.7247 -0.3305 0.6046
vn -0.2643 -0.3276 0.9071
vn 0.3572 -0.3794 0.8535
vn -0.0501 -0.4529 -0.8902
vn -0.5722 -0.7416 -0.3501
vn 0.5367 -0.2514 -0.8054
vn -0.6055 -0.7522 -0.2600
vn -0.6070 -0.7519 -0.2575
vn -0.6075 -0.7517 -0.2567
vn -0.6050 -0.7523 -0.2608
vn 0.7495 -0.1531 -0.6441
vn -0.6034 -0.7971 -0.0234
vn -0.6223 -0.7827 0.0099
vn 0.9419 0.1692 -0.2901
vn -0.5896 -0.6601 0.4656
vn -0.3321 -0.0298 0.9428
vn -0.6647 -0.6830 0.3028
vn 0.7610 -0.1985 -0.6177
vn -0.6823 -0.7131 0.1611
vn 0.6934 -0.2366 -0.6806
vn -0.7163 -0.5454 0.4353
vn 0.4936 0.4690 -0.7324
vn 0.5887 0.4498 -0.6717
vn 0.2656 -0.5958 0.7580
vn 0.8508 -0.4442 0.2808
vn 0.5575 -0.3744 0.7409
vn -0.3211 -0.5185 -0.7925
vn -0.2168 -0.5500 -0.8065
vn -0.2135 -0.5410 -0.8135
vn -0.2143 -0.5430 -0.8119
vn -0.5520 -0.7065 -0.4429
vn 0.4306 -0.2481 -0.8678
vn 0.8263 0.0384 -0.5619
vn 0.8732 0.0910 -0.4788
vn 0.9146 0.3754 -0.1500
vn 0.9146 0.3754 -0.1501
vn 0.9143 0.3756 -0.1515
vn 0.9143 0.3757 -0.1516
vn -0.5781 -0.7136 0.3957
vn -0.5231 -0.6395 0.5635
vn 0.9303 0.3427 -0.1310
vn -0.4178 -0.5043 0.7558
vn -0.4177 -0.5043 0.7558
vn -0.4175 -0.5045 0.7557
vn 0.8493 0.5276 -0.0191
vn -0.2422 -0.4826 0.8417
vn 0.7847 -0.2049 -0.5851
vn -0.7390 -0.3376 0.5830
vn -0.0392 0.5934 -0.8039
vn 0.1758 0.5705 -0.8023
vn -0.6846 -0.3002 0.6642
vn -0.7389 0.4121 -0.5331
vn -0.5882 0.4859 -0.6465
vn -0.4668 -0.2668 0.8432
vn 0.4945 -0.4753 0.7277
vn 0.5021 -0.4743 0.7231
vn 0.4929 -0.4756 0.7286
vn 0.5036 -0.4742 0.7221
vn 0.6714 0.4074 -0.6190
vn -0.3828 -0.1626 0.9094
vn -0.1167 -0.5154 0.8490
vn 0.0990 -0.4769 0.8734
vn -0.9368 0.3392 -0.0861
vn 0.9096 0.2116 -0.3575
vn 0.9769 -0.1171 0.1788
vn -0.2532 -0.4514 0.8556
vn 0.0442 -0.3410 -0.9390
vn 0.1253 -0.2849 -0.9503
vn -0.3838 -0.6050 -0.6977
vn 0.3376 -0.2185 -0.9156
vn 0.3339 -0.2198 -0.9166
vn 0.3362 -0.2190 -0.9160
vn 0.4007 -0.2179 -0.8899
vn -0.5685 -0.6741 -0.4715
vn 0.8965 0.1874 -0.4015
vn -0.5402 -0.8415 0.0055
vn -0.5134 -0.8579 -0.0226
vn -0.5572 -0.7771 0.2926
vn -0.5361 -0.7110 0.4550
vn -0.5124 -0.5663 0.6456
vn -0.4217 -0.5009 0.7558
vn 0.9212 0.3832 -0.0666
vn -0.2960 -0.3285 0.8969
vn 0.7722 -0.0432 -0.6339
vn -0.8279 -0.3810 0.4117
vn 0.7650 -0.0373 -0.6429
vn 0.8954 -0.1287 -0.4263
vn -0.3371 0.5778 -0.7434
vn -0.3353 0.5773 -0.7445
vn -0.3347 0.5771 -0.7449
vn -0.6874 -0.3138 0.6550
vn -0.6014 -0.1110 0.7912
vn -0.5645 -0.5821 0.5852
vn -0.7117 -0.6575 0.2472
vn -0.2130 -0.8330 0.5107
vn -0.2805 -0.8060 0.5213
vn -0.0590 -0.5347 0.8430
vn 0.1226 -0.5836 0.8027
vn 0.7639 0.3267 -0.5565
vn 0.8817 0.2499 -0.4003
vn 0.9729 -0.1147 0.2007
vn -0.9568 -0.0893 0.2768
vn 0.8712 -0.2840 0.4005
vn -0.7653 -0.2177 0.6057
vn -0.7921 -0.2233 0.5681
vn 0.7620 -0.2917 0.5782
vn -0.5233 -0.3433 0.7799
vn -0.1764 -0.4099 0.8949
vn -0.1765 -0.4092 0.8952
vn -0.1764 -0.3989 0.8998
vn 0.0927 -0.4788 0.8730
vn -0.2135 -0.5407 -0.8136
vn 0.3385 -0.2182 -0.9153
vn -0.5196 -0.8071 -0.2804
vn -0.5600 -0.7998 -0.2162
vn 0.8849 0.2970 -0.3587
vn 0.1057 -0.9943 -0.0158
vn -0.1173 -0.9888 0.0926
vn -0.4806 -0.7704 0.4189
vn 0.9207 0.3608 -0.1487
vn -0.4150 -0.4814 0.7720
vn -0.1772 -0.3338 0.9258
vn 0.7184 -0.2069 -0.6641
vn -0.4382 -0.4258 0.7916
vn -0.7609 -0.3016 0.5745
vn 0.7885 -0.3104 -0.5310
vn -0.5987 -0.7408 0.3045
vn 0.9960 -0.0799 0.0409
vn -0.0856 0.6230 -0.7776
vn -0.5481 -0.6159 0.5659
vn -0.3614 -0.9093 0.2062
vn 0.9644 -0.1982 0.1748
vn 0.2510 0.5237 -0.8141
vn 0.4462 0.4944 -0.7460
vn 0.7906 -0.3572 0.4973
vn 0.7909 -0.3573 0.4968
vn 0.7916 -0.3576 0.4955
vn -0.3665 -0.8970 0.2470
vn 0.6337 -0.3961 0.6645
vn 0.7919 -0.3576 0.4950
vn -0.9539 0.2802 -0.1074
vn 0.9599 0.1434 -0.2408
vn 0.9296 0.1944 -0.3132
vn -0.9739 0.1890 0.1259
vn 0.9981 0.0593 -0.0157
vn 0.9786 0.0584 -0.1974
vn -0.5622 -0.3626 0.7433
vn -0.3664 -0.3906 0.8445
vn 0.3519 -0.4952 0.7944
vn -0.5252 -0.5376 -0.6596
vn -0.5036 -0.5221 -0.6883
vn -0.4950 -0.6992 -0.5158
vn -0.1568 -0.9282 -0.3375
vn -0.1921 -0.9635 -0.1863
vn -0.1763 -0.9606 -0.2147
vn -0.1932 -0.9656 -0.1742
vn -0.1925 -0.9658 -0.1734
vn -0.1911 -0.9665 -0.1713
vn -0.1678 -0.9852 0.0338
vn -0.1628 -0.9861 -0.0341
vn -0.1684 -0.9852 -0.0320
vn -0.1634 -0.9860 -0.0340
vn -0.1154 -0.9832 0.1412
vn -0.1272 -0.9608 0.2462
vn -0.0928 -0.8883 0.4498
vn -0.0067 -0.9647 0.2634
vn -0.5830 -0.5799 0.5691
vn 0.8588 0.4973 -0.1228
vn -0.5579 -0.5376 0.6323
vn 0.8604 0.4798 -0.1720
vn -0.1628 -0.3511 0.9221
vn 0.8250 -0.0463 -0.5632
vn 0.6670 -0.1281 -0.7340
vn -0.2426 -0.9576 0.1553
vn -0.4708 -0.7871 0.3986
vn 0.7442 -0.1789 -0.6436
vn -0.5741 -0.7137 0.4013
vn -0.4637 -0.8690 0.1728
vn -0.4385 -0.8703 0.2244
vn 0.9730 -0.1795 -0.1451
vn -0.4382 -0.8769 0.1977
vn 0.1388 0.5573 -0.8187
vn 0.1377 0.5583 -0.8182
vn 0.1434 0.5535 -0.8204
vn -0.5528 0.5201 -0.6511
vn -0.4810 -0.6689 0.5668
vn -0.7769 0.4607 -0.4291
vn -0.3877 -0.5801 0.7164
vn -0.8540 0.4209 -0.3058
vn -0.8535 0.4208 -0.3074
vn -0.8539 0.4209 -0.3062
vn -0.3728 -0.5443 0.7515
vn -0.1535 -0.4895 0.8584
vn -0.0564 -0.5486 0.8342
vn 0.2389 -0.4171 0.8769
vn -0.9954 0.0904 -0.0313
vn 0.9709 -0.1354 0.1974
vn 0.7240 -0.4356 0.5348
vn 0.0718 -0.4952 0.8658
vn 0.2571 -0.4709 0.8439
vn -0.0243 -0.2917 -0.9562
vn -0.3821 -0.8385 -0.3884
vn 0.6459 0.0499 -0.7618
vn 0.7482 0.1414 -0.6482
vn -0.2071 -0.8338 -0.5118
vn -0.1948 -0.8924 -0.4070
vn -0.2803 -0.8689 -0.4080
vn -0.2447 -0.8972 -0.3676
vn 0.8683 0.3388 -0.3624
vn -0.1905 -0.9668 -0.1703
vn -0.1691 -0.9851 -0.0316
vn 0.8737 0.4748 -0.1060
vn -0.1782 -0.9748 0.1342
vn -0.1321 -0.9768 0.1683
vn -0.0546 -0.8346 0.5482
vn -0.0202 -0.9111 0.4116
vn 0.1184 -0.8276 0.5486
vn 0.0402 -0.7635 0.6446
vn -0.2816 -0.7499 0.5986
vn 0.8133 0.5538 -0.1785
vn -0.0731 -0.9143 0.3984
vn -0.0303 -0.9056 0.4231
vn 0.8013 -0.2028 -0.5628
vn -0.4077 -0.5083 0.7586
vn -0.4035 -0.5129 0.7578
vn -0.4080 -0.5087 0.7581
vn -0.1763 -0.7746 0.6073
vn -0.3408 -0.8899 0.3032
vn -0.4445 -0.8559 0.2642
vn -0.3378 0.5779 -0.7429
vn 0.4011 -0.3650 0.8402
vn 0.1699 -0.3502 0.9211
vn -0.8534 0.4207 -0.3078
vn -0.9400 0.3162 -0.1279
vn 0.9823 0.1402 -0.1239
vn -0.9896 0.0777 0.1213
vn 0.9744 -0.1470 0.1702
vn 0.9317 -0.1702 0.3209
vn 0.8144 -0.3140 0.4880
vn 0.5605 -0.4587 0.6896
vn 0.5877 -0.4388 0.6798
vn -0.3837 -0.2771 0.8809
vn -0.2573 -0.2972 0.9195
vn -0.1763 -0.3981 0.9002
vn -0.3039 -0.3162 -0.8987
vn -0.5078 -0.3640 -0.7808
vn 0.2280 -0.1452 -0.9628
vn 0.2288 -0.1507 -0.9617
vn 0.2284 -0.1454 -0.9626
vn 0.2286 -0.1511 -0.9617
vn -0.3312 -0.6101 -0.7198
vn 0.3908 -0.0525 -0.9190
vn -0.3749 -0.6928 -0.6161
vn 0.6043 0.0415 -0.7957
vn -0.2208 -0.8181 -0.5311
vn -0.2738 -0.7951 -0.5411
vn -0.1853 -0.8799 -0.4375
vn -0.1461 -0.9241 -0.3532
vn -0.2066 -0.9146 -0.3476
vn 0.8557 0.4976 -0.1422
vn -0.1767 -0.9784 -0.1076
vn -0.1525 -0.9544 -0.2566
vn -0.1728 -0.9775 0.1207
vn 0.8235 0.5669 0.0235
vn -0.1911 -0.9172 0.3496
vn 0.8856 0.3328 -0.3241
vn -0.1560 -0.8669 0.4734
vn -0.1614 -0.8681 0.4695
vn -0.1605 -0.8679 0.4702
vn -0.1549 -0.8667 0.4742
vn 0.2007 -0.7763 0.5976
vn 0.0449 -0.6893 0.7231
vn 0.7764 0.1088 -0.6208
vn 0.0338 -0.8239 0.5657
vn -0.4577 -0.6433 0.6137
vn 0.8131 0.0663 -0.5784
vn 0.9452 -0.0118 -0.3264
vn -0.5827 -0.6508 0.4867
vn -0.5811 -0.7002 0.4147
vn -0.6052 -0.5470 0.5783
vn -0.6111 -0.5449 0.5742
vn -0.6119 -0.5438 0.5744
vn -0.4249 0.5186 -0.7419
vn -0.4262 0.5227 -0.7384
vn -0.4251 0.5187 -0.7418
vn -0.1018 0.5403 -0.8353
vn 0.1446 0.5526 -0.8208
vn -0.6120 -0.5447 0.5734
vn 0.3151 0.3808 -0.8693
vn 0.5930 -0.1600 0.7892
vn -0.6887 0.5221 -0.5031
vn 0.5048 0.3658 -0.7819
vn 0.7234 0.3340 -0.6042
vn -0.4909 -0.1309 0.8613
vn -0.1396 -0.2504 0.9580
vn -0.1394 -0.2501 0.9581
vn -0.1397 -0.2505 0.9580
vn 0.9935 -0.0056 -0.1135
vn -0.9966 0.0327 0.0754
vn 0.9999 0.0011 -0.0167
vn -0.7944 -0.1497 0.5886
vn -0.7291 -0.1384 0.6703
vn -0.5790 -0.2075 0.7885
vn -0.3451 -0.2598 0.9019
vn -0.0093 -0.9978 0.0662
vn -0.2266 -0.2355 -0.9451
vn -0.2357 -0.2266 -0.9450
vn -0.2272 -0.2348 -0.9451
vn -0.0112 -0.2161 -0.9763
vn 0.1945 -0.1094 -0.9748
vn -0.2830 -0.6984 -0.6573
vn 0.5929 0.0560 -0.8033
vn -0.2873 -0.6258 -0.7252
vn -0.2442 -0.6359 -0.7321
vn 0.7938 0.2861 -0.5367
vn -0.1719 -0.7934 -0.5839
vn -0.3130 -0.7117 -0.6289
vn -0.1150 -0.8537 -0.5078
vn -0.2035 -0.8391 -0.5045
vn -0.1469 -0.9661 -0.2124
vn -0.1314 -0.9523 -0.2754
vn -0.1405 -0.9811 -0.1329
vn -0.1586 -0.9869 -0.0303
vn -0.1575 -0.9712 0.1790
vn -0.1615 -0.9689 0.1875
vn -0.1587 -0.9705 0.1817
vn -0.1756 -0.9361 0.3049
vn 0.0092 -0.9744 -0.2246
vn 0.3426 -0.5763 0.7419
vn 0.1154 -0.5717 0.8123
vn 0.0476 -0.5231 0.8509
vn -0.1035 -0.5408 0.8348
vn 0.0145 -0.5060 0.8624
vn 0.7908 0.2252 -0.5691
vn -0.1295 -0.6932 0.7090
vn -0.1103 -0.7177 0.6875
vn -0.0233 -0.7174 0.6963
vn -0.5899 -0.3906 0.7068
vn 0.7430 0.1698 -0.6474
vn 0.0238 -0.9990 -0.0387
vn 0.0448 -0.9988 -0.0196
vn -0.5559 -0.3919 0.7331
vn -0.1410 -0.9895 0.0326
vn -0.4057 -0.5075 0.7602
vn -0.1529 -0.9857 0.0704
vn -0.4063 -0.5153 0.7546
vn -0.6238 -0.4834 0.6142
vn -0.6232 -0.4808 0.6168
vn -0.6240 -0.4838 0.6137
vn 0.0750 -0.9894 0.1240
vn 0.8281 0.0845 -0.5542
vn -0.0983 -0.9720 0.2133
vn -0.0208 -0.9724 0.2322
vn 0.9413 0.0279 -0.3364
vn -0.6314 -0.4677 0.6185
vn 0.9674 -0.0530 0.2478
vn 0.8393 -0.1926 0.5084
vn -0.0402 0.4954 -0.8677
vn 0.7071 -0.2512 0.6610
vn -0.4639 -0.5622 0.6847
vn 0.4753 -0.2575 0.8413
vn 0.4708 -0.2528 0.8453
vn 0.4713 -0.2532 0.8449
vn -0.3797 -0.3467 0.8577
vn 0.1754 -0.2843 0.9426
vn 0.8148 0.2349 -0.5300
vn -0.9571 0.2135 -0.1958
vn -0.9579 0.0694 0.2785
vn -0.5912 -0.2102 0.7786
vn 0.6210 -0.3950 0.6770
vn 0.0299 -0.4374 0.8988
vn 0.1860 -0.3471 0.9192
vn -0.5180 -0.8298 0.2076
vn -0.0380 -0.9108 -0.4110
vn 0.2110 -0.9055 -0.3682
vn -0.5429 -0.3050 0.7825
vn -0.8654 -0.1585 -0.4754
vn -0.6743 0.4957 0.5473
vn 0.4349 -0.8486 -0.3014
vn 0.1744 -0.9789 0.1060
vn -0.3054 -0.2888 0.9074
vn -0.5595 -0.2851 0.7783
vn -0.1236 -0.6789 0.7237
vn 0.0296 -0.1801 -0.9832
vn 0.3503 -0.0408 -0.9357
vn -0.3098 -0.3366 -0.8892
vn -0.2148 -0.3755 -0.9016
vn -0.3147 -0.5190 -0.7947
vn -0.1774 -0.7242 -0.6664
vn -0.0306 -0.9157 -0.4008
vn -0.1265 -0.8981 -0.4212
vn -0.0946 -0.8288 -0.5515
vn -0.0660 -0.9871 -0.1460
vn -0.0646 -0.9872 -0.1455
vn -0.0588 -0.9880 -0.1430
vn -0.0941 -0.9715 -0.2176
vn -0.0930 -0.9779 -0.1874
vn -0.1403 -0.9875 0.0725
vn -0.1154 -0.9930 -0.0254
vn 0.9029 0.3976 -0.1634
vn -0.1440 -0.9486 0.2819
vn -0.1627 -0.9682 0.1900
vn 0.9363 0.3513 0.0058
vn 0.9398 0.3416 0.0122
vn 0.9399 0.3413 0.0123
vn -0.1562 -0.9283 0.3373
vn 0.9400 0.3410 0.0127
vn -0.1408 -0.9508 -0.2759
vn 0.7838 0.4841 -0.3891
vn -0.0151 -0.9642 -0.2647
vn -0.1827 -0.8233 0.5373
vn -0.1830 -0.8241 0.5360
vn -0.1829 -0.8238 0.5365
vn 0.1514 -0.9588 -0.2406
vn -0.1825 -0.8230 0.5379
vn 0.6706 0.3994 -0.6251
vn -0.4449 -0.8911 -0.0896
vn -0.2737 -0.9524 -0.1339
vn -0.6030 -0.3771 0.7029
vn 0.1879 -0.9737 -0.1290
vn 0.2760 -0.9536 -0.1203
vn -0.1679 -0.6964 0.6977
vn 0.6556 -0.0875 -0.7500
vn 0.0205 -0.6666 0.7451
vn 0.2265 -0.6113 0.7583
vn 0.7311 -0.0295 -0.6816
vn 0.6830 0.0591 -0.7280
vn -0.4890 -0.8715 0.0373
vn 0.2831 -0.9589 0.0200
vn -0.4713 -0.8806 0.0502
vn -0.4755 -0.3758 0.7954
vn 0.1645 -0.9771 0.1353
vn 0.1157 -0.9817 0.1510
vn -0.4493 -0.8664 0.2181
vn -0.1673 -0.9517 0.2573
vn -0.6232 -0.4802 0.6172
vn 0.0111 -0.9615 0.2747
vn 0.0530 -0.9611 0.2710
vn 0.9837 0.1068 0.1444
vn -0.6229 -0.3193 0.7142
vn -0.1486 -0.1168 -0.9820
vn 0.3626 0.3320 -0.8708
vn -0.6365 -0.3200 0.7017
vn 0.4192 0.3979 -0.8161
vn 0.4757 -0.2581 0.8409
vn 0.6585 0.3016 -0.6895
vn -0.1393 -0.2498 0.9582
vn 0.1515 -0.3004 0.9417
vn -0.9214 0.3155 -0.2269
vn 0.9733 0.0774 -0.2163
vn 0.9357 -0.1113 0.3347
vn 0.7787 -0.2742 0.5643
vn 0.0868 -0.9846 -0.1515
vn 0.3854 -0.7610 -0.5220
vn -0.7035 -0.4566 -0.5446
vn 0.3059 -0.9113 0.2755
vn 0.6821 -0.5612 0.4689
vn 0.6801 -0.5663 0.4655
vn 0.6806 -0.5652 0.4663
vn -0.2064 -0.9012 0.3811
vn -0.1571 -0.9045 0.3966
vn -0.2506 -0.3717 0.8939
vn 0.0833 -0.6492 0.7561
vn 0.4346 -0.4444 0.7834
vn 0.0974 -0.9603 0.2614
vn -0.0121 -0.9044 -0.4266
vn -0.4395 -0.7075 -0.5534
vn -0.0608 -0.8235 -0.5640
vn -0.1403 -0.8950 -0.4235
vn -0.7774 -0.2359 0.5831
vn -0.9969 0.0535 0.0578
vn 0.1057 -0.9699 -0.2192
vn -0.4255 0.5064 0.7500
vn 0.4860 -0.8371 -0.2510
vn -0.0570 0.9981 -0.0237
vn -0.2154 0.9655 0.1463
vn -0.3345 -0.3747 0.8647
vn 0.7554 -0.3068 0.5790
vn 0.2243 0.8433 0.4884
vn 0.6640 0.5832 0.4679
vn -0.2362 -0.2263 -0.9450
vn -0.5014 -0.3788 -0.7779
vn -0.1167 -0.5984 -0.7927
vn -0.0584 -0.7760 -0.6280
vn -0.0772 -0.7196 -0.6901
vn -0.1458 -0.7189 -0.6796
vn -0.0576 -0.9800 -0.1904
vn -0.0225 -0.9441 -0.3288
vn -0.0941 -0.9564 -0.2765
vn -0.0577 -0.9881 -0.1424
vn -0.0799 -0.9954 0.0534
vn -0.0781 -0.9946 0.0678
vn -0.1127 -0.9314 0.3461
vn -0.1324 -0.9525 0.2742
vn 0.1287 -0.7713 -0.6234
vn 0.1293 -0.7723 -0.6220
vn 0.1320 -0.7773 -0.6152
vn -0.2550 -0.8712 -0.4195
vn -0.1586 -0.9109 -0.3810
vn 0.1325 -0.7783 -0.6138
vn 0.2294 -0.7457 -0.6255
vn -0.1728 -0.8539 0.4910
vn -0.1691 -0.8343 0.5248
vn -0.5245 -0.8437 -0.1141
vn 0.2794 -0.8523 -0.4422
vn 0.3007 -0.8500 -0.4325
vn 0.6636 0.0453 -0.7467
vn 0.6206 0.0110 -0.7840
vn 0.3230 -0.9243 -0.2034
vn -0.1747 -0.6526 0.7373
vn 0.3175 -0.5594 0.7657
vn 0.2590 -0.5663 0.7825
vn -0.5269 -0.3519 0.7736
vn -0.4552 -0.3336 0.8255
vn -0.5922 -0.7555 0.2804
vn -0.5920 -0.7539 0.2849
vn -0.5920 -0.7539 0.2850
vn 0.2491 -0.9546 0.1635
vn 0.0833 -0.9456 0.3144
vn -0.2437 -0.8769 0.4143
vn -0.2022 -0.9027 0.3799
vn -0.0414 -0.9094 0.4140
vn 0.0916 -0.8927 0.4412
vn 0.0914 -0.8932 0.4403
vn 0.0914 -0.8931 0.4405
vn -0.3341 -0.8773 0.3447
vn -0.9708 -0.2120 -0.1127
vn -0.0768 -0.9539 -0.2900
vn -0.1111 -0.9055 -0.4095
vn -0.0710 -0.9501 -0.3039
vn 0.2549 -0.9666 0.0261
vn 0.3251 -0.9444 -0.0486
vn -0.8529 -0.2872 -0.4360
vn 0.3399 -0.1771 -0.9236
vn -0.4263 0.5233 -0.7378
vn 0.7296 -0.4364 -0.5265
vn -0.7138 0.4833 -0.5069
vn -0.5199 0.5477 -0.6555
vn -0.2283 -0.1229 0.9658
vn -0.1988 -0.1514 0.9683
vn -0.7004 0.4700 -0.5372
vn -0.8645 0.3788 -0.3303
vn 0.8123 0.1807 -0.5545
vn 0.8739 0.1484 -0.4629
vn 0.9370 0.0905 -0.3373
vn 0.9956 -0.0643 -0.0681
vn 0.9956 -0.0642 -0.0681
vn 0.9529 -0.1845 0.2409
vn -0.0601 -0.2382 -0.9694
vn -0.0279 -0.1619 -0.9864
vn 0.4097 -0.9071 0.0968
vn -0.6172 0.5647 -0.5479
vn -0.3871 0.2119 -0.8973
vn 0.4952 -0.4451 0.7461
vn -0.0335 -0.9982 -0.0507
vn 0.2926 -0.7692 -0.5681
vn -0.9435 -0.3303 -0.0252
vn -0.9462 -0.3231 -0.0174
vn -0.9461 -0.3234 -0.0161
vn -0.3145 -0.7824 0.5375
vn 0.4795 -0.4193 0.7709
vn -0.4599 -0.6842 0.5660
vn -0.2669 -0.6884 0.6744
vn -0.0837 0.8510 0.5184
vn -0.2227 0.8546 0.4691
vn -0.1534 0.8922 0.4247
vn 0.4447 -0.8653 -0.2312
vn -0.1781 0.9019 0.3934
vn 0.7750 0.2309 0.5883
vn -0.4154 -0.4156 -0.8091
vn 0.3614 0.0476 -0.9312
vn -0.2447 -0.3411 -0.9076
vn -0.2445 -0.3411 -0.9077
vn -0.2453 -0.3411 -0.9074
vn 0.6270 0.2226 -0.7465
vn -0.0417 -0.8467 -0.5305
vn -0.0079 -0.8692 -0.4945
vn -0.1748 -0.5055 -0.8449
vn -0.1382 -0.5035 -0.8529
vn -0.1785 -0.9249 -0.3358
vn -0.0053 -0.8857 -0.4642
vn -0.0314 -0.8048 -0.5927
vn -0.0223 -0.8031 -0.5954
vn -0.0301 -0.8046 -0.5930
vn -0.0213 -0.8028 -0.5958
vn -0.1012 -0.6111 -0.7850
vn -0.2204 -0.6206 -0.7525
vn -0.0824 -0.8847 -0.4588
vn -0.0337 -0.7774 -0.6282
vn -0.2034 -0.9773 -0.0587
vn -0.1712 -0.9652 -0.1976
vn 0.8491 0.3498 -0.3958
vn 0.8495 0.3492 -0.3954
vn 0.8468 0.3530 -0.3980
vn 0.8497 0.3492 -0.3951
vn -0.1960 -0.9749 0.1057
vn -0.2074 -0.9611 0.1827
vn 0.9357 0.3318 -0.1202
vn -0.1935 -0.8873 0.4186
vn -0.1960 -0.8838 0.4249
vn -0.1938 -0.8871 0.4188
vn -0.1824 -0.9077 0.3780
vn -0.0016 -0.7863 -0.6179
vn -0.4554 -0.8254 -0.3337
vn -0.1281 -0.8463 0.5170
vn 0.9823 0.1861 -0.0230
vn 0.9621 -0.0925 -0.2566
vn -0.5335 -0.8293 -0.1662
vn -0.1767 -0.7431 0.6454
vn -0.1611 -0.6745 0.7205
vn -0.6608 -0.7500 -0.0286
vn 0.4628 -0.8669 -0.1853
vn 0.2235 -0.4223 0.8785
vn 0.0156 -0.3947 0.9187
vn -0.6570 -0.7505 0.0721
vn -0.6833 -0.2650 0.6803
vn 0.3521 -0.9329 0.0755
vn -0.5920 -0.7537 0.2854
vn -0.6629 -0.1740 0.7282
vn 0.9525 0.2224 -0.2080
vn 0.2893 -0.9448 0.1539
vn -0.4977 -0.7553 0.4263
vn 0.3112 -0.9261 0.2134
vn -0.6782 -0.1809 0.7122
vn 0.9978 -0.0037 -0.0656
vn -0.3786 -0.8613 0.3389
vn -0.7042 -0.6546 -0.2751
vn 0.5263 -0.8483 0.0588
vn 0.0918 -0.8926 0.4414
vn 0.8032 -0.0245 0.5953
vn 0.6249 -0.6686 -0.4031
vn -0.5648 -0.1966 0.8015
vn -0.8019 -0.5963 -0.0358
vn 0.8300 -0.5506 -0.0891
vn -0.4419 -0.1556 0.8834
vn -0.4093 -0.1737 0.8957
vn 0.5346 0.0398 0.8442
vn 0.7565 -0.0962 -0.6469
vn 0.7527 0.1713 -0.6357
vn -0.8306 0.4283 -0.3560
vn 0.8550 0.1497 -0.4966
vn -0.9120 0.2701 -0.3086
vn -0.9529 0.3030 -0.0147
vn -0.9521 0.3056 -0.0102
vn -0.9519 0.3064 -0.0092
vn -0.9530 0.3026 -0.0156
vn -0.9249 0.2486 0.2877
vn -0.8237 0.2039 0.5291
vn 0.9260 -0.1792 0.3324
vn -0.5708 -0.1595 0.8055
vn 0.7558 -0.3101 0.5768
vn 0.7726 -0.5321 -0.3463
vn 0.3531 -0.8283 -0.4349
vn -0.2185 -0.0816 0.9724
vn -0.5457 0.5868 -0.5982
vn 0.4342 -0.4324 0.7903
vn 0.1805 -0.6968 0.6942
vn 0.4325 -0.8131 0.3896
vn -0.4476 -0.0672 0.8917
vn -0.3511 -0.1495 0.9243
vn 0.6824 -0.5602 0.4695
vn -0.4461 -0.1765 0.8774
vn 0.3065 -0.2806 -0.9096
vn 0.4850 -0.4648 0.7408
vn -0.3367 -0.9400 0.0543
vn -0.2667 -0.9563 0.1194
vn 0.7567 -0.4837 -0.4398
vn -0.9430 -0.3320 -0.0242
vn -0.2632 -0.5231 0.8106
vn -0.1738 -0.5906 0.7880
vn 0.3597 -0.4216 0.8324
vn -0.3976 0.5593 0.7274
vn 0.1446 0.5530 0.8206
vn 0.1309 0.5113 0.8494
vn 0.0069 0.6264 0.7794
vn -0.1127 0.9302 0.3494
vn -0.5247 0.6699 0.5253
vn 0.5711 0.5492 0.6101
vn 0.7678 -0.5897 -0.2506
vn 0.9553 0.1988 0.2190
vn -0.2096 -0.1528 -0.9658
vn -0.1018 -0.4040 -0.9091
vn 0.0508 -0.7525 -0.6566
vn -0.0358 -0.7832 -0.6208
vn 0.6965 0.3136 -0.6454
vn -0.2008 -0.8937 -0.4012
vn 0.0161 -0.5904 -0.8070
vn 0.0168 -0.5949 -0.8036
vn 0.0175 -0.5925 -0.8054
vn -0.0491 -0.6419 -0.7652
vn 0.9458 0.3157 -0.0767
vn -0.1994 -0.9652 0.1690
vn -0.0143 -0.7651 -0.6437
vn -0.1971 -0.8851 0.4217
vn 0.2969 -0.5992 -0.7435
vn -0.1826 -0.7349 0.6531
vn -0.1592 -0.7347 0.6594
vn 0.3599 -0.6000 -0.7145
vn -0.1438 -0.6756 0.7232
vn 0.3835 -0.6193 -0.6851
vn -0.2014 -0.6900 0.6952
vn 0.8394 -0.1952 -0.5072
vn -0.1705 -0.5370 0.8262
vn -0.1664 -0.5424 0.8235
vn -0.1648 -0.5445 0.8224
vn 0.2441 -0.2458 0.9381
vn -0.0790 -0.2516 0.9646
vn -0.1371 -0.4435 0.8857
vn -0.1587 -0.4559 0.8758
vn -0.6224 -0.1484 0.7685
vn -0.6454 -0.1763 0.7433
vn -0.6768 -0.7351 0.0385
vn 0.5209 -0.8454 -0.1184
vn -0.1394 -0.4082 0.9022
vn -0.1138 -0.3958 0.9113
vn -0.0981 -0.3701 0.9238
vn 0.0348 -0.3812 0.9238
vn 0.7390 0.2800 -0.6127
vn -0.5911 -0.1663 0.7893
vn 0.4917 -0.8707 -0.0050
vn 0.8181 0.3065 -0.4867
vn -0.6536 -0.7415 0.1518
vn 0.8337 0.3344 -0.4395
vn 0.4434 -0.8952 0.0459
vn 0.9163 0.2970 -0.2687
vn 0.4975 -0.8585 0.1244
vn -0.4939 -0.8016 0.3369
vn 0.4196 -0.8849 0.2021
vn 0.7845 0.0225 0.6198
vn 0.0547 -0.9110 0.4087
vn 0.2148 -0.9046 0.3681
vn -0.3522 -0.8649 0.3578
vn -0.8711 -0.4878 -0.0576
vn 0.1302 -0.8974 0.4215
vn 0.5107 0.1259 0.8505
vn 0.6712 -0.4431 -0.5943
vn 0.5587 -0.8288 -0.0316
vn 0.3030 0.2144 0.9286
vn -0.8726 -0.4817 -0.0810
vn 0.2721 0.1807 0.9451
vn 0.9001 -0.3041 -0.3119
vn -0.9135 -0.0448 -0.4044
vn 0.9956 -0.0641 -0.0681
vn 0.9984 -0.0006 0.0574
vn -0.9336 0.2403 0.2658
vn -0.8181 0.1986 0.5397
vn -0.3970 0.6841 -0.6118
vn -0.1223 0.4187 -0.8998
vn 0.4600 0.3101 -0.8320
vn 0.1760 -0.0642 -0.9823
vn -0.3981 -0.5914 -0.7013
vn -0.1451 -0.0966 -0.9847
vn 0.6711 -0.6364 0.3804
vn 0.2110 -0.9679 -0.1365
vn 0.3973 -0.9058 -0.1475
vn 0.8516 -0.5009 0.1544
vn 0.1822 -0.6052 0.7750
vn 0.2159 -0.9590 -0.1837
vn 0.1248 -0.9871 0.0998
vn -0.5861 -0.6073 0.5364
vn 0.3482 -0.2528 -0.9027
vn -0.4232 0.4136 -0.8061
vn -0.4237 0.4121 -0.8066
vn -0.4206 0.4203 -0.8040
vn 0.3167 -0.6663 0.6751
vn 0.0401 -0.7929 -0.6081
vn -0.4524 -0.6309 0.6303
vn -0.4808 -0.5484 -0.6842
vn -0.8853 0.2109 -0.4144
vn 0.0052 -0.3126 0.9499
vn -0.1655 -0.0227 0.9860
vn 0.0137 -0.1068 0.9942
vn -0.0134 -0.1283 0.9916
vn -0.2232 -0.4017 0.8882
vn 0.0056 -0.0108 -0.9999
vn 0.0386 -0.0234 -0.9990
vn -0.2270 -0.1395 -0.9638
vn 0.1995 0.0220 -0.9796
vn 0.1816 -0.0163 -0.9832
vn -0.4290 -0.3139 -0.8470
vn 0.2666 0.0574 -0.9621
vn 0.4873 0.1910 -0.8521
vn -0.1544 -0.7532 -0.6394
vn -0.0683 -0.7423 -0.6665
vn -0.0413 -0.7013 -0.7117
vn 0.0462 -0.6973 -0.7153
vn -0.2361 -0.3393 -0.9106
vn -0.1933 -0.7995 -0.5687
vn 0.0175 -0.5875 -0.8090
vn 0.0163 -0.5886 -0.8083
vn -0.1402 -0.3314 -0.9330
vn -0.0017 -0.4857 -0.8741
vn -0.0824 -0.4972 -0.8637
vn -0.1255 -0.4177 -0.8999
vn -0.1866 -0.3999 -0.8974
vn -0.2538 -0.8976 -0.3604
vn -0.2621 -0.9471 -0.1850
vn -0.2480 -0.9646 -0.0898
vn -0.2457 -0.9633 0.1076
vn -0.2450 -0.9639 0.1043
vn -0.2456 -0.9635 0.1068
vn -0.2447 -0.9641 0.1031
vn -0.1924 -0.7761 -0.6006
vn 0.1845 -0.6747 -0.7146
vn -0.1972 -0.8817 0.4287
vn 0.9267 0.3010 -0.2251
vn -0.4800 -0.7813 -0.3989
vn 0.9661 0.1858 -0.1794
vn 0.3057 -0.6214 -0.7213
vn 0.3134 -0.6239 -0.7159
vn 0.3049 -0.6209 -0.7222
vn 0.3146 -0.6254 -0.7140
vn -0.1859 -0.7696 0.6108
vn -0.0927 -0.7392 0.6671
vn -0.6262 -0.7667 -0.1415
vn -0.2199 -0.6608 0.7176
vn -0.6686 -0.7419 -0.0508
vn -0.1721 -0.5348 0.8273
vn 0.2680 -0.2292 0.9358
vn -0.1839 -0.2015 0.9621
vn 0.5053 -0.2823 0.8155
vn 0.6874 0.3301 -0.6470
vn 0.2931 -0.2410 0.9252
vn 0.4773 -0.2219 0.8503
vn 0.2819 -0.1834 0.9417
vn -0.6735 -0.0902 0.7337
vn -0.5633 -0.7987 0.2117
vn 0.9631 0.2691 0.0030
vn 0.7745 0.2520 0.5802
vn -0.4145 0.0228 0.9098
vn -0.3630 0.0746 0.9288
vn 0.4989 -0.1214 0.8581
vn 0.1346 -0.9154 0.3793
vn -0.2332 -0.0467 0.9713
vn 0.1666 -0.1415 0.9758
vn 0.3890 -0.0197 0.9210
vn -0.6407 -0.7674 -0.0248
vn -0.0170 0.3084 0.9511
vn -0.7002 -0.6811 0.2140
vn 0.7765 -0.5640 -0.2810
vn -0.9033 -0.2358 -0.3584
vn 0.8177 -0.5398 -0.2001
vn -0.9220 0.2565 -0.2902
vn 0.9063 -0.0488 -0.4198
vn -0.3142 0.9472 -0.0644
vn 0.8058 -0.5279 0.2683
vn -0.3782 -0.7668 0.5186
vn -0.1903 -0.9670 -0.1696
vn 0.2062 -0.9775 0.0434
vn -0.3730 -0.4284 0.8231
vn 0.6054 -0.5157 -0.6062
vn -0.3281 -0.7145 -0.6179
vn 0.0581 -0.4658 0.8830
vn -0.4201 0.4211 -0.8038
vn 0.1345 -0.5614 0.8165
vn -0.5393 -0.4762 0.6945
vn -0.5626 -0.1644 -0.8102
vn -0.5734 -0.1715 0.8011
vn 0.3447 -0.3670 0.8640
vn 0.1925 -0.2432 0.9507
vn -0.3282 -0.1755 -0.9282
vn -0.2459 -0.3602 -0.8999
vn 0.0574 -0.6714 -0.7389
vn -0.2520 -0.7546 -0.6059
vn -0.2801 -0.8237 -0.4930
vn -0.2799 -0.8236 -0.4933
vn -0.2704 -0.8260 -0.4945
vn -0.2701 -0.9416 -0.2009
vn 0.0148 -0.7449 -0.6670
vn -0.2235 -0.7659 -0.6029
vn 0.2273 -0.6906 -0.6866
vn -0.0303 -0.9518 0.3052
vn -0.2494 -0.9350 0.2522
vn -0.4376 -0.7589 -0.4823
vn 0.3089 -0.6206 -0.7208
vn -0.2047 -0.8807 0.4271
vn -0.2101 -0.8097 0.5480
vn -0.5996 -0.7469 -0.2874
vn -0.1678 -0.7614 0.6262
vn -0.1903 -0.7599 0.6215
vn -0.1619 -0.4896 0.8568
vn 0.9115 -0.0115 -0.4111
vn 0.5407 -0.6587 -0.5232
vn -0.5492 -0.8354 0.0240
vn 0.5554 -0.8187 -0.1462
vn -0.0831 -0.2106 0.9740
vn 0.0894 -0.1831 0.9790
vn -0.5017 -0.0748 0.8618
vn -0.5085 -0.0681 0.8584
vn -0.5027 -0.0738 0.8613
vn -0.5089 -0.0678 0.8581
vn -0.4720 -0.8800 0.0533
vn -0.4729 -0.8796 0.0522
vn -0.4775 -0.8774 0.0469
vn -0.6302 -0.0130 0.7763
vn -0.4637 -0.8638 0.1970
vn -0.4548 -0.8677 0.2006
vn -0.4626 -0.8644 0.1969
vn -0.4637 -0.8640 0.1962
vn 0.6664 -0.7411 0.0825
vn -0.6601 -0.0074 0.7511
vn -0.6602 -0.0073 0.7511
vn -0.6601 -0.0075 0.7511
vn -0.7158 0.0281 0.6978
vn 0.8740 -0.0024 0.4859
vn -0.4063 -0.8690 0.2825
vn 0.7184 0.1211 0.6850
vn 0.3895 -0.8573 0.3365
vn -0.4129 -0.8607 0.2979
vn -0.5585 -0.8032 0.2073
vn 0.1439 -0.9017 0.4077
vn -0.6233 -0.6650 -0.4114
vn -0.9477 -0.2858 0.1420
vn 0.7350 -0.6542 -0.1785
vn 0.9029 -0.4291 0.0249
vn -0.9649 -0.2058 -0.1634
vn 0.8730 -0.3650 -0.3236
vn 0.9895 -0.1433 -0.0190
vn -0.9265 0.0931 0.3645
vn -0.7655 0.1538 0.6248
vn 0.8677 -0.3760 0.3252
vn -0.2468 -0.2933 -0.9236
vn 0.2276 -0.6362 -0.7372
vn -0.5043 -0.0285 -0.8630
vn -0.5831 -0.7947 -0.1687
vn 0.2843 -0.5498 -0.7854
vn 0.3815 -0.9010 0.2068
vn -0.4011 0.6721 -0.6224
vn 0.2063 0.4865 -0.8489
vn -0.1744 0.6855 -0.7068
vn 0.0691 0.4783 -0.8755
vn 0.9159 -0.3201 0.2420
vn -0.5852 -0.2553 -0.7697
vn 0.3503 -0.2057 -0.9138
vn -0.5511 -0.2663 -0.7908
vn -0.2897 0.4292 -0.8555
vn -0.4708 -0.7082 0.5262
vn 0.2351 -0.5545 0.7983
vn -0.3507 0.0396 -0.9356
vn 0.2390 -0.3618 0.9011
vn -0.2220 -0.0683 0.9727
vn -0.0642 0.0793 0.9948
vn 0.1102 -0.0780 0.9908
vn -0.2765 0.0427 0.9601
vn -0.1874 -0.0161 0.9821
vn -0.0331 -0.1796 0.9832
vn 0.0959 -0.1811 0.9788
vn 0.0934 -0.1793 0.9794
vn 0.0963 -0.1813 0.9787
vn 0.0932 -0.1791 0.9794
vn 0.1889 -0.1530 0.9700
vn -0.0276 0.0588 0.9979
vn -0.3106 0.1813 0.9331
vn -0.1605 0.0893 -0.9830
vn 0.1618 0.1329 -0.9778
vn -0.1868 -0.6758 -0.7130
vn 0.0604 -0.5075 -0.8595
vn 0.4582 0.2856 -0.8417
vn -0.2555 -0.6677 -0.6992
vn 0.0661 -0.3888 -0.9189
vn -0.0061 -0.4541 -0.8909
vn 0.6910 0.3804 -0.6146
vn -0.2700 -0.8262 -0.4944
vn 0.8461 0.3540 -0.3986
vn -0.2547 -0.9429 -0.2145
vn -0.5584 -0.6229 0.5480
vn -0.2270 -0.9736 -0.0248
vn -0.1700 -0.9848 0.0360
vn -0.1167 -0.9644 0.2373
vn -0.0998 -0.9911 0.0884
vn 0.1132 -0.9926 -0.0439
vn 0.9306 0.1616 -0.3283
vn 0.9282 0.1642 -0.3340
vn 0.9281 0.1643 -0.3342
vn 0.1430 -0.9345 -0.3261
vn 0.2390 -0.9075 -0.3453
vn -0.1796 -0.6383 0.7485
vn -0.1794 -0.6376 0.7492
vn -0.1786 -0.6352 0.7514
vn 0.2382 -0.9272 -0.2890
vn 0.2558 -0.9179 -0.3034
vn -0.1783 -0.6344 0.7522
vn -0.0966 -0.5294 0.8429
vn -0.6017 -0.7959 -0.0677
vn -0.1834 -0.4755 0.8604
vn 0.4181 -0.6096 -0.6734
vn -0.1510 -0.4552 0.8775
vn 0.5372 -0.6495 -0.5382
vn -0.1892 -0.3826 0.9043
vn 0.5975 -0.7420 -0.3042
vn -0.1551 -0.3167 0.9357
vn 0.8057 0.0326 -0.5914
vn 0.5117 -0.0319 0.8585
vn 0.4823 -0.0053 0.8760
vn 0.7767 0.0989 -0.6221
vn 0.3594 -0.0388 0.9324
vn -0.4848 -0.8719 -0.0694
vn 0.0413 -0.1042 0.9937
vn 0.6057 -0.7932 -0.0632
vn 0.5995 -0.8002 0.0145
vn 0.6176 -0.7847 0.0533
vn -0.4783 -0.8770 0.0460
vn 0.5736 -0.7920 0.2091
vn 0.9141 0.1445 -0.3788
vn 0.9321 0.1761 -0.3166
vn -0.3159 -0.9337 0.1685
vn 0.9908 0.0715 0.1148
vn 0.9907 0.0717 0.1155
vn 0.9902 0.0726 0.1192
vn 0.9900 0.0729 0.1204
vn -0.3479 0.1537 0.9249
vn -0.3195 -0.9139 0.2504
vn 0.3780 -0.8663 0.3265
vn -0.3897 -0.8798 0.2721
vn -0.0315 0.1621 0.9863
vn 0.0981 0.0744 0.9924
vn 0.0304 0.0799 0.9963
vn -0.4760 -0.8565 0.1994
vn -0.5494 -0.8204 0.1582
vn 0.3599 -0.8911 0.2765
vn 0.1326 -0.9087 0.3959
vn 0.7991 -0.4952 -0.3410
vn -0.7143 -0.6527 -0.2524
vn -0.9303 -0.3508 0.1072
vn 0.8611 -0.4675 -0.2001
vn -0.9558 -0.2907 0.0433
vn -0.9255 -0.0639 0.3733
vn -0.9593 0.1272 0.2521
vn -0.7978 0.1176 0.5914
vn -0.4752 -0.7736 0.4192
vn -0.4816 -0.7697 0.4191
vn -0.4837 -0.7685 0.4189
vn -0.8156 -0.4090 0.4093
vn 0.3898 -0.7331 -0.5573
vn -0.4720 -0.7754 0.4194
vn 0.6833 -0.5891 -0.4313
vn -0.6580 0.0517 0.7512
vn 0.4200 -0.8236 0.3812
vn -0.7851 -0.3479 0.5124
vn -0.7848 -0.3480 0.5128
vn -0.7881 -0.3450 0.5098
vn -0.9180 0.0438 0.3942
vn -0.7883 -0.3445 0.5098
vn 0.6765 -0.5650 -0.4724
vn 0.6764 -0.5651 -0.4724
vn 0.6766 -0.5650 -0.4723
vn 0.6682 0.0259 -0.7435
vn -0.5014 0.0937 -0.8601
vn -0.1220 0.0537 -0.9911
vn -0.8181 -0.3764 0.4347
vn -0.2297 -0.6723 0.7037
vn 0.8569 0.0342 -0.5144
vn 0.9282 0.2754 0.2501
vn -0.3513 -0.7546 0.5542
vn -0.3501 -0.7553 0.5541
vn -0.3568 -0.7520 0.5542
vn -0.3579 -0.7515 0.5542
vn 0.5167 -0.7524 -0.4085
vn -0.5479 -0.6970 -0.4626
vn 0.0591 -0.4060 -0.9119
vn 0.7059 -0.4841 -0.5170
vn -0.2354 0.0355 -0.9712
vn 0.2476 -0.2936 0.9233
vn -0.1743 -0.2181 0.9602
vn 0.5433 0.1747 0.8211
vn -0.3216 0.3179 0.8919
vn 0.0969 -0.0289 0.9949
vn -0.0940 -0.9877 -0.1250
vn -0.0666 -0.9885 -0.1354
vn -0.1145 -0.9921 -0.0522
vn 0.0583 -0.9973 -0.0435
vn -0.0230 -0.9997 0.0023
vn -0.1718 -0.9844 -0.0370
vn -0.0166 -0.9963 0.0848
vn 0.0167 -0.9965 0.0825
vn -0.1614 -0.9847 0.0661
vn -0.1828 -0.9820 0.0481
vn -0.0359 -0.9944 0.0990
vn -0.0086 -0.9887 0.1497
vn -0.0495 0.1651 -0.9850
vn 0.0107 0.1441 -0.9895
vn 0.0635 0.1674 -0.9838
vn -0.1419 -0.4856 -0.8626
vn -0.1414 -0.4870 -0.8619
vn -0.1415 -0.4869 -0.8619
vn -0.1418 -0.4855 -0.8626
vn -0.0015 -0.5044 -0.8635
vn 0.0265 -0.5493 -0.8352
vn 0.0546 -0.4914 -0.8692
vn 0.3070 0.1767 -0.9352
vn 0.0839 -0.4776 -0.8745
vn -0.1672 -0.2025 -0.9649
vn -0.2644 -0.0825 -0.9609
vn -0.2669 -0.6273 -0.7316
vn -0.2661 -0.6276 -0.7317
vn -0.2593 -0.6305 -0.7316
vn -0.1229 -0.2586 -0.9581
vn -0.1490 -0.1868 -0.9710
vn -0.0665 -0.2240 -0.9723
vn -0.2730 -0.7611 -0.5884
vn -0.3170 -0.7504 -0.5800
vn 0.7131 0.4074 -0.5705
vn -0.3197 -0.8350 -0.4479
vn 0.7715 0.4102 -0.4864
vn -0.1971 -0.7208 -0.6645
vn -0.0060 -0.7292 -0.6843
vn -0.2704 -0.9326 -0.2389
vn -0.4644 -0.7421 -0.4834
vn -0.4494 -0.7476 -0.4890
vn -0.5537 -0.7955 -0.2462
vn 0.2943 -0.9328 -0.2078
vn 0.3138 -0.9200 -0.2348
vn -0.0490 -0.4974 0.8661
vn -0.1930 -0.4416 0.8762
vn -0.1450 -0.3111 0.9392
vn -0.1642 -0.2515 0.9538
vn 0.5467 -0.6344 -0.5464
vn 0.0080 0.1031 0.9946
vn -0.2250 0.0442 0.9734
vn 0.6634 -0.6874 -0.2958
vn -0.1398 -0.1831 0.9731
vn 0.1341 0.0133 0.9909
vn -0.1222 -0.1415 0.9824
vn -0.1149 -0.1481 0.9823
vn -0.1212 -0.1425 0.9824
vn -0.1137 -0.1491 0.9823
vn -0.6353 0.0700 0.7691
vn -0.6316 0.0625 0.7728
vn -0.6314 0.0620 0.7730
vn -0.6358 0.0710 0.7686
vn 0.7148 -0.6750 -0.1827
vn -0.1053 -0.1136 0.9879
vn -0.5383 0.0747 0.8394
vn 0.8663 0.2127 -0.4519
vn 0.8677 0.1789 -0.4638
vn 0.5378 -0.8387 0.0855
vn 0.5748 -0.8183 0.0042
vn -0.6456 0.1931 0.7388
vn -0.3435 -0.9039 0.2551
vn -0.3385 -0.9071 0.2502
vn -0.3379 -0.9075 0.2496
vn 0.6699 0.2541 0.6976
vn -0.2067 0.2758 0.9387
vn -0.0372 0.1779 0.9834
vn 0.4997 -0.8166 0.2888
vn 0.3375 -0.8579 0.3875
vn 0.3268 -0.8596 0.3929
vn 0.3272 -0.8594 0.3928
vn 0.3199 -0.8618 0.3936
vn 0.1132 -0.9137 0.3904
vn 0.3291 -0.8588 0.3927
vn -0.5076 -0.8495 0.1439
vn 0.7453 -0.6381 -0.1931
vn -0.7653 -0.5395 0.3511
vn 0.9062 -0.3889 0.1659
vn -0.7950 -0.5048 0.3363
vn 0.1824 -0.4467 -0.8759
vn -0.0812 -0.9844 -0.1564
vn 0.4781 -0.5804 0.6593
vn -0.5354 -0.7184 -0.4440
vn 0.3534 -0.6586 0.6643
vn -0.5391 -0.4415 0.7172
vn 0.2334 -0.8426 -0.4853
vn -0.6578 -0.3989 -0.6389
vn 0.5084 0.0827 -0.8571
vn 0.5085 0.0821 -0.8572
vn 0.2907 -0.3609 -0.8861
vn 0.9798 -0.0769 0.1848
vn -0.3250 0.1488 -0.9339
vn 0.4009 -0.2109 -0.8915
vn -0.4990 -0.8484 0.1767
vn -0.6335 -0.1663 0.7556
vn -0.6304 -0.1603 0.7596
vn -0.6341 -0.1653 0.7553
vn 0.7501 -0.1959 0.6317
vn -0.1696 -0.9206 -0.3518
vn -0.6706 -0.1668 -0.7228
vn -0.7943 0.0688 -0.6037
vn -0.0422 0.9983 0.0407
vn 0.6452 0.0194 0.7637
vn 0.8380 0.0623 -0.5421
vn 0.9798 -0.0572 0.1917
vn -0.4758 0.2399 -0.8462
vn 0.4420 -0.6798 -0.5852
vn 0.9110 -0.3972 0.1110
vn -0.8384 -0.1628 0.5202
vn 0.4609 -0.2662 0.8466
vn 0.4612 -0.2664 0.8464
vn 0.4584 -0.2640 0.8486
vn 0.1550 -0.2054 0.9663
vn -0.0136 -0.3103 0.9505
vn 0.6250 -0.6159 -0.4797
vn -0.0042 0.2067 -0.9784
vn 0.7135 -0.0596 -0.6981
vn -0.4909 0.0692 -0.8685
vn 0.6272 -0.1803 -0.7577
vn -0.6466 -0.6798 0.3461
vn -0.7341 -0.1097 0.6701
vn -0.5760 0.1577 0.8021
vn -0.4569 0.3222 0.8291
vn 0.9363 0.1391 -0.3225
vn 0.4581 -0.2638 0.8489
vn 0.3037 -0.0085 0.9527
vn 0.4710 -0.5511 -0.6888
vn -0.3099 0.3319 -0.8910
vn 0.3536 -0.0956 0.9305
vn -0.3073 -0.1888 -0.9327
vn -0.1729 0.8199 -0.5457
vn 0.1064 -0.2176 0.9702
vn -0.1074 0.2273 0.9679
vn 0.0643 0.0537 0.9965
vn 0.1490 -0.1045 0.9833
vn -0.0270 -0.9639 -0.2648
vn -0.0274 -0.9639 -0.2648
vn -0.0271 -0.9639 -0.2648
vn -0.0173 -0.9635 -0.2672
vn 0.0668 -0.9823 -0.1749
vn 0.0275 -0.9846 -0.1727
vn -0.2392 -0.9482 -0.2089
vn -0.2667 -0.9588 -0.0980
vn 0.1575 -0.9845 -0.0777
vn -0.2573 -0.9628 -0.0824
vn 0.1504 -0.9839 0.0965
vn 0.1443 -0.9847 0.0974
vn 0.1440 -0.9848 0.0974
vn 0.1693 -0.9843 0.0500
vn 0.1434 -0.9848 0.0976
vn -0.3230 -0.9462 0.0171
vn 0.0761 -0.9854 0.1520
vn 0.0783 -0.9854 0.1514
vn 0.0843 -0.9845 0.1537
vn -0.2335 -0.9705 -0.0601
vn -0.3123 -0.9489 0.0447
vn 0.0875 -0.9851 0.1481
vn 0.0871 -0.9852 0.1477
vn -0.1416 -0.9896 0.0237
vn -0.1286 -0.9888 0.0756
vn -0.0232 -0.9962 0.0835
vn 0.0278 -0.9981 0.0543
vn -0.2497 -0.9680 0.0240
vn -0.0991 -0.9937 0.0527
vn 0.0775 -0.9887 0.1283
vn -0.0979 -0.9843 0.1470
vn 0.0446 -0.9842 0.1711
vn 0.0448 -0.9841 0.1719
vn 0.0449 -0.9843 0.1708
vn 0.0440 -0.9822 0.1825
vn -0.0387 -0.9689 0.2446
vn -0.0830 -0.9707 0.2256
vn -0.1134 -0.9924 -0.0476
vn 0.0094 -0.9938 -0.1109
vn 0.0902 -0.9952 -0.0382
vn 0.0975 -0.9896 0.1058
vn -0.1378 -0.9823 0.1270
vn -0.0677 -0.9842 0.1636
vn -0.1872 -0.9750 0.1200
vn -0.1328 -0.9874 0.0862
vn -0.2771 0.1073 -0.9548
vn 0.0837 -0.3963 -0.9143
vn -0.2286 0.0029 -0.9735
vn 0.2292 0.2080 -0.9509
vn 0.4830 0.3317 -0.8103
vn 0.0332 -0.2510 -0.9674
vn 0.5757 0.4084 -0.7084
vn -0.2583 -0.6309 -0.7316
vn -0.0538 -0.2464 -0.9677
vn -0.1602 -0.8502 -0.5015
vn -0.1749 -0.7381 -0.6516
vn -0.5265 -0.7649 -0.3710
vn -0.5928 -0.7887 -0.1632
vn 0.9278 0.1646 -0.3349
vn -0.5865 -0.8077 -0.0602
vn 0.8526 0.1745 -0.4925
vn 0.4077 -0.8936 -0.1879
vn -0.1209 -0.5872 0.8004
vn 0.0823 -0.5660 0.8203
vn 0.8714 0.1514 -0.4666
vn 0.3776 -0.9132 0.1531
vn -0.1471 -0.1423 0.9788
vn -0.5054 -0.8576 -0.0956
vn -0.1424 -0.1469 0.9788
vn -0.1516 -0.1473 0.9774
vn -0.1420 -0.1481 0.9787
vn 0.2420 0.0849 0.9665
vn 0.7957 0.1081 -0.5960
vn -0.1518 -0.1490 0.9771
vn -0.5148 -0.8542 -0.0731
vn -0.4109 -0.9010 -0.1389
vn 0.0472 0.0724 0.9963
vn 0.1649 0.1499 0.9749
vn -0.4238 -0.9042 -0.0526
vn -0.4146 -0.9099 -0.0130
vn -0.4161 -0.9087 0.0334
vn 0.8293 0.4823 0.2822
vn -0.5777 0.3203 0.7508
vn 0.7015 0.4804 0.5264
vn -0.3438 -0.9036 0.2555
vn -0.5079 0.3435 0.7899
vn 0.5862 -0.8021 0.1140
vn 0.4536 0.3822 0.8051
vn 0.2612 0.3353 0.9052
vn 0.4111 0.3450 0.8438
vn 0.5099 -0.8053 0.3024
vn -0.3456 -0.8995 0.2673
vn -0.6110 -0.7338 0.2969
vn 0.7675 -0.6083 0.2023
vn -0.5804 -0.6400 0.5036
vn -0.8195 -0.4374 0.3702
vn 0.1743 -0.1121 -0.9783
vn 0.2256 -0.1512 -0.9624
vn -0.6651 -0.3412 0.6643
vn -0.5527 -0.0801 -0.8295
vn -0.5568 -0.0723 -0.8275
vn -0.5560 -0.0738 -0.8279
vn -0.5520 -0.0815 -0.8298
vn -0.9371 -0.1599 -0.3102
vn 0.5131 -0.2525 0.8204
vn -0.3266 -0.2246 0.9181
vn -0.6372 -0.1566 0.7546
vn -0.6305 -0.1557 0.7604
vn 0.2786 0.9355 0.2173
vn 0.7911 -0.1119 -0.6014
vn -0.4006 0.1068 -0.9100
vn 0.6052 -0.4622 -0.6482
vn -0.0019 -0.2613 0.9652
vn -0.0697 -0.2821 0.9569
vn -0.8292 -0.0202 0.5586
vn -0.2916 0.0746 -0.9536
vn -0.5755 0.1545 0.8031
vn -0.1274 0.1412 -0.9818
vn -0.3069 0.0813 -0.9483
vn 0.4957 -0.1741 0.8509
vn 0.3614 -0.1224 0.9243
vn -0.7745 0.2944 0.5598
vn 0.1052 -0.5355 -0.8379
vn 0.1825 -0.4453 -0.8766
vn -0.1998 -0.0486 -0.9786
vn 0.9643 0.1114 0.2400
vn 0.3624 -0.1144 0.9250
vn 0.3124 -0.0750 0.9470
vn -0.5848 0.2748 0.7632
vn -0.1224 0.2549 0.9592
vn 0.1559 0.2419 -0.9577
vn 0.9052 0.2991 -0.3017
vn 0.0233 -0.6789 0.7338
vn -0.5668 0.1842 -0.8030
vn -0.0601 -0.5915 0.8041
vn 0.1697 -0.2928 0.9410
vn 0.0013 -0.3348 0.9423
vn 0.1950 0.0995 0.9757
vn -0.4499 0.3298 0.8300
vn 0.1303 -0.0080 0.9914
vn 0.0009 0.0255 0.9997
vn -0.1858 -0.4509 0.8730
vn 0.0432 -0.2868 0.9570
vn -0.1357 -0.9198 -0.3682
vn -0.1778 -0.9165 -0.3582
vn -0.3180 -0.9085 -0.2712
vn -0.2676 -0.9284 -0.2578
vn 0.1129 -0.9613 -0.2514
vn 0.2252 -0.9569 -0.1831
vn -0.4091 -0.8894 -0.2041
vn 0.2251 -0.9628 -0.1493
vn -0.3899 -0.9091 -0.1465
vn -0.4314 -0.9005 -0.0542
vn -0.3601 -0.9314 -0.0530
vn 0.2156 -0.9596 0.1809
vn 0.1860 -0.9471 0.2616
vn 0.2037 -0.9444 0.2580
vn -0.3039 -0.9460 -0.1127
vn 0.2289 -0.9539 0.1939
vn 0.1207 -0.9742 0.1906
vn 0.3106 -0.9396 0.1440
vn -0.2754 -0.9613 0.0053
vn -0.3441 -0.9388 0.0177
vn -0.2104 -0.9203 -0.3297
vn 0.1035 -0.9866 0.1259
vn 0.1696 -0.9822 0.0811
vn -0.1882 -0.9520 -0.2413
vn -0.2324 -0.9581 0.1673
vn -0.4480 -0.8703 -0.2047
vn 0.0150 -0.9827 -0.1848
vn -0.2998 -0.9457 -0.1254
vn -0.2420 -0.9604 -0.1381
vn 0.0727 -0.9710 0.2277
vn 0.2202 -0.9734 -0.0625
vn -0.0438 -0.9429 0.3301
vn 0.0389 -0.9715 0.2338
vn 0.0168 -0.9157 0.4015
vn -0.3631 -0.9303 0.0524
vn 0.0289 -0.9184 0.3946
vn -0.4272 -0.9024 0.0565
vn 0.2647 -0.9454 0.1900
vn -0.2511 -0.9555 0.1548
vn 0.2496 -0.9487 0.1942
vn 0.4667 -0.8447 0.2622
vn -0.3250 -0.9073 0.2667
vn 0.2475 -0.9102 0.3320
vn -0.0003 -0.9383 0.3458
vn 0.1497 -0.9158 0.3728
vn -0.5767 -0.7326 -0.3617
vn -0.2082 -0.9198 -0.3326
vn -0.4950 -0.7831 -0.3765
vn 0.3087 -0.8904 -0.3345
vn 0.6844 -0.7131 -0.1518
vn -0.5494 -0.7098 -0.4409
vn 0.8350 -0.4328 0.3398
vn 0.8647 -0.0298 0.5013
vn -0.5286 -0.8464 -0.0645
vn -0.5639 -0.8249 0.0390
vn -0.4424 -0.6613 0.6058
vn 0.2564 -0.2897 0.9221
vn 0.4129 -0.4672 0.7818
vn -0.2366 -0.4553 -0.8583
vn 0.1230 -0.3476 -0.9295
vn -0.2206 0.1760 -0.9594
vn 0.2283 0.2726 -0.9346
vn -0.2283 -0.4460 -0.8654
vn 0.1014 -0.3108 -0.9450
vn 0.1201 -0.2747 -0.9540
vn -0.1497 0.1256 -0.9807
vn -0.1500 0.1252 -0.9807
vn -0.1479 0.1274 -0.9808
vn -0.1476 0.1276 -0.9808
vn 0.0345 -0.2657 -0.9634
vn -0.2871 -0.7261 -0.6248
vn -0.2136 -0.7544 -0.6207
vn -0.2987 -0.7190 -0.6275
vn -0.3002 -0.7181 -0.6279
vn -0.2907 -0.7246 -0.6249
vn -0.3962 -0.8022 -0.4467
vn 0.0750 -0.9776 0.1966
vn 0.0072 -0.2314 0.9728
vn 0.6051 -0.6018 -0.5212
vn 0.6837 -0.6196 -0.3856
vn -0.4863 -0.8427 -0.2311
vn 0.2897 0.0903 0.9528
vn -0.0143 0.1192 0.9928
vn -0.4995 0.2188 0.8382
vn 0.7263 -0.6874 0.0066
vn 0.8487 0.2541 -0.4638
vn -0.5799 0.1780 0.7950
vn -0.5884 0.1994 0.7836
vn 0.8605 0.3127 -0.4022
vn -0.4805 -0.8683 0.1231
vn -0.6481 0.2114 0.7316
vn 0.9092 0.3062 -0.2820
vn -0.5651 0.3035 0.7672
vn -0.4633 -0.8525 0.2420
vn 0.0957 0.4575 0.8840
vn 0.0428 0.4369 0.8985
vn 0.5656 -0.7670 0.3030
vn 0.4203 -0.8171 0.3947
vn -0.3070 -0.8862 0.3470
vn -0.4067 -0.8340 0.3728
vn -0.4217 -0.8464 0.3252
vn 0.8154 -0.4618 0.3492
vn 0.4912 0.1030 -0.8649
vn 0.4930 0.0938 -0.8649
vn 0.4915 0.1016 -0.8649
vn 0.5085 0.0816 -0.8572
vn -0.6607 -0.4201 0.6221
vn 0.9254 -0.2819 0.2535
vn 0.1816 0.1304 -0.9747
vn -0.9795 -0.0306 -0.1989
vn -0.9908 -0.0218 0.1337
vn -0.4679 -0.1558 0.8699
vn -0.7642 0.1787 0.6198
vn 0.0057 -0.0275 -0.9996
vn -0.4452 0.1433 -0.8839
vn -0.0280 -0.3115 0.9498
vn 0.2365 -0.1684 0.9569
vn -0.7352 -0.6690 -0.1087
vn 0.4005 -0.1497 0.9040
vn 0.3830 -0.8487 0.3646
vn 0.5253 -0.3228 -0.7873
vn -0.6163 0.0985 -0.7813
vn 0.8862 0.1143 -0.4490
vn -0.4713 0.0324 -0.8814
vn 0.2302 -0.2337 0.9447
vn -0.0490 -0.3466 -0.9367
vn -0.0028 -0.3252 -0.9456
vn -0.1970 -0.0794 -0.9772
vn 0.9798 0.1608 0.1188
vn -0.5196 0.0144 0.8543
vn -0.6832 0.0999 0.7233
vn -0.4494 0.3039 0.8401
vn 0.0787 -0.0405 0.9961
vn 0.3792 -0.4160 0.8265
vn -0.2544 0.2974 0.9203
vn -0.2770 0.3057 0.9110
vn -0.1450 -0.3826 0.9124
vn -0.0174 -0.3389 0.9406
vn 0.3012 -0.3000 0.9051
vn -0.1095 -0.9041 -0.4131
vn 0.0064 -0.9176 -0.3973
vn -0.0130 -0.9253 -0.3791
vn 0.1008 -0.9213 -0.3757
vn 0.1229 -0.9258 -0.3575
vn -0.3357 -0.8874 -0.3159
vn 0.2501 -0.9421 -0.2236
vn 0.3258 -0.9446 -0.0405
vn 0.3246 -0.9456 0.0197
vn 0.3550 -0.9316 0.0779
vn -0.4652 -0.8842 -0.0419
vn 0.2554 -0.9487 0.1862
vn -0.4602 -0.8768 -0.1392
vn -0.4319 -0.8865 -0.1659
vn -0.4321 -0.8861 -0.1676
vn 0.2962 -0.9032 0.3106
vn -0.4322 -0.8857 -0.1694
vn -0.4963 -0.8626 -0.0978
vn -0.4359 -0.8998 -0.0165
vn 0.3096 -0.9424 0.1265
vn -0.4184 -0.8482 -0.3248
vn -0.3018 -0.8722 -0.3849
vn 0.5225 -0.8448 -0.1156
vn 0.2380 -0.9678 0.0819
vn 0.2140 -0.9767 0.0183
vn -0.5721 -0.8063 -0.1500
vn -0.5400 -0.8283 -0.1494
vn 0.2381 -0.9711 0.0186
vn 0.2380 -0.9711 0.0185
vn 0.2379 -0.9711 0.0181
vn 0.0187 -0.9791 0.2026
vn -0.0967 -0.9071 0.4097
vn -0.5015 -0.8497 0.1630
vn 0.0141 -0.8927 0.4505
vn -0.4830 -0.8334 0.2687
vn -0.4953 -0.8197 0.2876
vn 0.3864 -0.8462 0.3669
vn 0.4581 -0.8191 0.3454
vn -0.2560 -0.8642 0.4331
vn -0.1435 -0.8828 0.4473
vn -0.1298 -0.8747 0.4670
vn -0.2373 -0.8562 0.4588
vn 0.0898 -0.9930 0.0763
vn 0.4183 -0.8008 -0.4285
vn -0.9047 -0.0379 -0.4244
vn -0.4366 -0.8912 0.1232
vn -0.7607 -0.3377 -0.5543
vn 0.7826 0.2162 0.5838
vn -0.5230 -0.7963 -0.3040
vn -0.0731 -0.3904 -0.9178
vn 0.8726 0.1899 0.4501
vn 0.8688 0.1338 0.4768
vn -0.4314 -0.2571 0.8648
vn 0.3168 0.3347 0.8875
vn -0.1036 -0.3488 -0.9315
vn -0.0126 -0.3048 -0.9523
vn -0.1248 0.3757 -0.9183
vn 0.1345 0.3545 -0.9253
vn 0.3314 0.4191 -0.8453
vn -0.1044 0.0299 -0.9941
vn -0.0990 0.0442 -0.9941
vn -0.0162 -0.0587 -0.9981
vn -0.0285 -0.0165 -0.9995
vn -0.1957 -0.7357 -0.6485
vn 0.8395 0.3511 -0.4147
vn 0.8395 0.3512 -0.4146
vn 0.8396 0.3508 -0.4148
vn -0.6624 -0.7365 -0.1369
vn -0.6108 -0.7798 -0.1374
vn 0.4535 -0.5502 0.7011
vn 0.3519 -0.5268 0.7737
vn 0.0224 -0.2229 0.9746
vn -0.4998 -0.8249 -0.2639
vn 0.6021 -0.7927 -0.0953
vn -0.1284 -0.0809 0.9884
vn -0.1588 -0.0802 0.9840
vn 0.1154 0.3776 0.9188
vn 0.4474 0.1959 0.8726
vn 0.4474 0.1954 0.8727
vn 0.4474 0.1957 0.8727
vn 0.4475 0.1963 0.8725
vn -0.0681 0.0672 0.9954
vn -0.0539 0.0981 0.9937
vn -0.5539 0.3055 0.7745
vn 0.7585 -0.6305 -0.1648
vn 0.7588 -0.6302 -0.1649
vn 0.7594 -0.6292 -0.1658
vn -0.5160 0.2973 0.8033
vn 0.8054 0.5865 0.0859
vn 0.7109 -0.7032 -0.0110
vn 0.8201 0.5718 -0.0214
vn 0.6629 0.5206 0.5381
vn 0.4732 0.4938 0.7296
vn -0.1848 0.4980 0.8473
vn -0.0703 0.5409 0.8382
vn -0.4920 -0.8271 0.2717
vn -0.4127 -0.8123 0.4121
vn 0.6519 -0.6606 0.3724
vn 0.3540 -0.8082 0.4707
vn -0.3312 -0.7321 0.5953
vn -0.5625 0.2087 -0.8001
vn 0.4930 0.0930 -0.8651
vn 0.0985 0.0763 -0.9922
vn 0.1004 0.0753 -0.9921
vn 0.0990 0.0761 -0.9922
vn 0.4244 0.0231 -0.9052
vn 0.4473 -0.2581 -0.8563
vn -0.4356 -0.5946 0.6758
vn -0.2531 -0.1277 -0.9590
vn 0.2728 -0.4401 -0.8555
vn -0.4803 -0.4454 -0.7556
vn -0.3500 0.1014 -0.9313
vn 0.2365 -0.3230 0.9164
vn 0.0940 -0.1646 -0.9819
vn 0.6455 -0.6127 -0.4560
vn -0.0015 -0.2715 -0.9624
vn -0.2873 -0.5403 -0.7909
vn 0.0875 -0.6541 -0.7513
vn -0.0587 0.3158 0.9470
vn -0.2839 0.2209 0.9331
vn 0.0178 0.1125 0.9935
vn 0.0864 -0.2808 0.9559
vn -0.0253 -0.1608 0.9867
vn -0.2164 -0.5610 0.7991
vn -0.1020 -0.6487 0.7542
vn 0.2561 -0.4978 0.8287
vn -0.2840 -0.8245 0.4894
vn 0.0536 -0.3016 0.9519
vn -0.2553 -0.8751 -0.4111
vn 0.2004 -0.9118 -0.3584
vn 0.2335 -0.9127 -0.3352
vn -0.4392 -0.8217 -0.3632
vn 0.3759 -0.9057 -0.1960
vn 0.4086 -0.9038 -0.1269
vn -0.5111 -0.8283 -0.2297
vn -0.4935 -0.8361 -0.2397
vn 0.3046 -0.9504 0.0629
vn -0.5341 -0.8370 -0.1192
vn 0.3986 -0.9039 0.1554
vn 0.3949 -0.8573 0.3302
vn 0.3731 -0.8415 0.3908
vn 0.2608 -0.9022 0.3436
vn -0.6000 -0.7941 -0.0967
vn 0.3668 -0.8147 0.4491
vn 0.6388 -0.6680 0.3816
vn 0.6321 -0.6651 0.3976
vn 0.8523 -0.5160 0.0855
vn 0.7181 -0.5505 -0.4257
vn 0.7275 -0.6572 -0.1971
vn 0.5781 -0.7465 -0.3293
vn 0.4039 -0.8711 -0.2792
vn -0.7017 -0.7121 0.0208
vn 0.2382 -0.9710 0.0189
vn -0.0098 -0.9499 0.3124
vn 0.0164 -0.9736 0.2275
vn -0.0917 -0.9172 0.3878
vn -0.0916 -0.9178 0.3863
vn -0.0918 -0.9169 0.3883
vn -0.0619 -0.9487 0.3100
vn 0.0773 -0.9726 0.2192
vn 0.0827 -0.9696 0.2301
vn 0.0821 -0.9699 0.2292
vn -0.4758 -0.7279 0.4938
vn -0.3767 -0.7745 0.5083
vn 0.8656 -0.4508 0.2182
vn 0.9150 -0.3841 -0.1236
vn -0.4843 -0.8685 0.1055
vn -0.5718 -0.7677 0.2891
vn 0.3554 -0.9306 -0.0873
vn -0.1306 -0.7482 0.6505
vn -0.7536 -0.6048 0.2574
vn 0.1600 -0.9131 -0.3751
vn -0.7471 -0.5585 -0.3604
vn -0.7070 -0.6361 -0.3091
vn -0.5315 -0.8463 0.0363
vn 0.4456 0.7980 0.4058
vn 0.5729 0.7488 0.3333
vn -0.7244 -0.3583 0.5890
vn -0.9401 -0.1320 0.3143
vn 0.5681 0.6417 0.5152
vn -0.6126 0.0104 0.7903
vn 0.3377 0.4367 0.8338
vn 0.0129 -0.2150 -0.9765
vn -0.1381 -0.2541 -0.9573
vn 0.0770 -0.2216 -0.9721
vn 0.1112 -0.1887 -0.9757
vn 0.1252 -0.2042 -0.9709
vn 0.1712 -0.1563 -0.9727
vn -0.1309 0.3439 -0.9299
vn 0.1149 0.4747 -0.8726
vn -0.2394 -0.4313 -0.8699
vn 0.1321 -0.1269 -0.9831
vn 0.1456 -0.1092 -0.9833
vn -0.1711 0.3714 -0.9126
vn 0.3270 0.4457 -0.8333
vn -0.1906 -0.5346 -0.8233
vn -0.2892 -0.4981 -0.8175
vn 0.0567 -0.0656 -0.9962
vn 0.0559 -0.0681 -0.9961
vn 0.0583 -0.0607 -0.9965
vn 0.0591 -0.0580 -0.9966
vn -0.0669 0.2539 -0.9649
vn -0.2433 -0.5842 -0.7743
vn -0.0121 0.2770 -0.9608
vn -0.4514 -0.7933 -0.4086
vn -0.5262 -0.7990 -0.2911
vn 0.8397 0.3505 -0.4148
vn -0.3917 -0.8727 -0.2915
vn 0.0582 0.4727 0.8793
vn 0.8576 0.2278 -0.4612
vn -0.1212 0.0902 0.9885
vn -0.1174 0.0857 0.9894
vn -0.1204 0.0892 0.9887
vn -0.5123 0.4059 0.7568
vn -0.4229 -0.8888 -0.1765
vn -0.0961 0.0829 0.9919
vn -0.1017 0.1106 0.9887
vn -0.5602 0.4575 0.6906
vn 0.7907 0.3198 -0.5220
vn 0.7908 0.3200 -0.5218
vn 0.7907 0.3199 -0.5219
vn -0.5286 -0.8435 -0.0956
vn 0.1790 0.4316 0.8841
vn 0.7910 0.3203 -0.5213
vn 0.7639 -0.6223 -0.1709
vn -0.4748 0.4065 0.7806
vn -0.5366 -0.8427 -0.0445
vn -0.5485 0.4020 0.7332
vn -0.6309 -0.7698 0.0967
vn 0.8423 0.3987 -0.3627
vn -0.6166 -0.7765 0.1296
vn -0.5159 0.4422 0.7337
vn 0.7471 -0.6647 -0.0035
vn 0.6907 0.6489 0.3191
vn -0.3318 0.5665 0.7543
vn -0.3038 0.5735 0.7608
vn 0.3440 0.6599 0.6679
vn 0.7039 -0.6852 0.1869
vn 0.6929 -0.6911 0.2058
vn -0.4520 -0.8233 0.3433
vn 0.5806 -0.7259 0.3687
vn -0.4364 -0.8158 0.3795
vn 0.4617 -0.7725 0.4359
vn 0.4583 -0.7650 0.4525
vn -0.4355 -0.8086 0.3956
vn 0.4076 -0.7761 0.4812
vn 0.1841 0.2760 -0.9433
vn 0.1880 0.2764 -0.9425
vn 0.1823 0.2758 -0.9438
vn -0.3150 0.2995 -0.9006
vn -0.5829 0.2179 -0.7828
vn -0.3263 -0.7887 0.5210
vn -0.3256 -0.7896 0.5202
vn -0.3289 -0.7853 0.5244
vn -0.6312 -0.0830 0.7712
vn -0.2398 0.4995 0.8324
vn -0.2929 -0.7929 0.5344
vn 0.9429 -0.1869 0.2756
vn -0.4365 -0.0059 0.8997
vn -0.5226 0.0227 0.8523
vn 0.1863 -0.2932 -0.9377
vn -0.2966 -0.8829 -0.3640
vn 0.8246 0.3213 0.4656
vn 0.9162 -0.2281 -0.3294
vn -0.2500 -0.1367 0.9585
vn 0.2120 -0.2324 0.9492
vn -0.0475 -0.1036 -0.9935
vn -0.0438 -0.1081 -0.9932
vn -0.0456 -0.1059 -0.9933
vn -0.0512 -0.0992 -0.9938
vn 0.9370 0.3424 -0.0693
vn 0.1789 0.5162 -0.8376
vn 0.0896 0.3792 -0.9210
vn 0.3023 -0.4726 0.8278
vn 0.0521 -0.2744 0.9602
vn 0.3339 -0.2152 0.9177
vn -0.1883 -0.1898 0.9636
vn -0.2037 -0.1643 0.9651
vn 0.0330 -0.3375 0.9407
vn 0.0194 -0.6715 0.7408
vn 0.1943 -0.4260 0.8836
vn -0.1916 -0.8155 0.5461
vn 0.0483 -0.8242 0.5642
vn -0.2333 -0.8451 -0.4809
vn -0.1243 -0.8842 -0.4502
vn -0.0937 -0.8759 -0.4733
vn -0.0159 -0.8988 -0.4382
vn -0.2618 -0.8417 -0.4722
vn -0.4936 -0.8074 -0.3232
vn 0.3428 -0.9275 -0.1490
vn 0.3736 -0.9272 -0.0278
vn -0.6536 -0.7494 -0.1059
vn -0.5119 -0.7397 -0.4367
vn -0.7115 -0.6515 -0.2632
vn 0.5183 -0.8182 -0.2487
vn -0.7978 -0.6016 0.0405
vn 0.4517 -0.8898 -0.0651
vn 0.4606 -0.8857 -0.0578
vn 0.4521 -0.8896 -0.0646
vn -0.7465 -0.5749 0.3349
vn -0.6758 -0.6352 0.3739
vn 0.4610 -0.8855 -0.0579
vn 0.3901 -0.7804 0.4886
vn -0.2972 -0.7867 0.5411
vn 0.0767 -0.9729 0.2179
vn 0.4489 -0.8935 0.0130
vn -0.5909 -0.6031 0.5358
vn 0.6291 -0.6672 0.3989
vn -0.0915 -0.9180 0.3858
vn -0.0653 -0.9261 0.3716
vn -0.0734 -0.9302 0.3598
vn 0.0505 -0.9450 0.3231
vn -0.6600 -0.6371 0.3980
vn 0.6931 0.3800 0.6125
vn 0.1025 0.7242 0.6820
vn 0.5928 0.3333 0.7332
vn -0.8671 -0.4822 0.1248
vn 0.4249 0.8987 -0.1087
vn 0.5295 0.8089 0.2556
vn -0.7967 -0.0930 0.5972
vn -0.2326 0.5115 0.8272
vn -0.0244 -0.1616 -0.9866
vn 0.0377 -0.2034 -0.9784
vn -0.1827 -0.2378 -0.9540
vn -0.1771 -0.2551 -0.9506
vn 0.1124 0.4599 -0.8808
vn -0.1289 0.4210 -0.8979
vn -0.0673 0.2241 -0.9722
vn -0.1710 -0.5861 -0.7920
vn -0.1917 -0.6190 -0.7617
vn 0.5692 0.5100 -0.6449
vn -0.2899 -0.7253 -0.6244
vn -0.3716 -0.7453 -0.5536
vn 0.6568 0.5181 -0.5480
vn 0.6607 0.5287 -0.5329
vn 0.7289 0.4866 -0.4815
vn -0.5752 -0.7772 -0.2550
vn -0.5750 -0.7775 -0.2547
vn -0.5647 -0.8191 -0.1003
vn -0.1299 0.0938 0.9871
vn -0.1288 0.0919 0.9874
vn -0.1343 0.1016 0.9857
vn 0.1530 0.4031 0.9023
vn 0.7838 0.4087 -0.4676
vn -0.1165 0.0847 0.9896
vn 0.3855 0.4129 0.8252
vn -0.4826 0.5533 0.6789
vn -0.5079 -0.8568 -0.0887
vn 0.1674 0.4507 0.8768
vn -0.5289 0.4357 0.7283
vn 0.8253 0.5454 -0.1464
vn 0.8020 0.5948 0.0554
vn -0.4209 0.5555 0.7171
vn -0.3729 0.5807 0.7237
vn -0.6387 -0.7399 0.2111
vn 0.0458 0.6904 0.7219
vn 0.1429 0.6870 0.7125
vn 0.1690 0.6671 0.7255
vn -0.6113 -0.7559 0.2343
vn -0.4675 -0.7777 0.4202
vn 0.6105 -0.6999 0.3706
vn -0.4387 -0.7832 0.4405
vn -0.4743 -0.8050 0.3563
vn -0.4781 -0.7443 0.4663
vn 0.1897 0.2765 -0.9421
vn 0.3215 0.2466 -0.9143
vn -0.5771 0.2060 -0.7903
vn -0.7297 0.3131 0.6079
vn -0.7368 0.3108 0.6005
vn -0.7386 0.3101 0.5986
vn 0.1931 -0.0734 0.9784
vn 0.5514 -0.2197 0.8048
vn 0.1312 -0.3101 0.9416
vn 0.3735 0.0065 -0.9276
vn 0.3959 -0.0077 -0.9183
vn -0.3294 -0.7847 0.5251
vn 0.6324 -0.5303 0.5647
vn -0.4424 0.1683 -0.8809
vn 0.5591 0.0004 -0.8291
vn 0.1741 -0.0554 -0.9832
vn -0.3538 -0.8407 -0.4099
vn -0.3800 -0.8585 -0.3442
vn 0.5284 -0.4364 -0.7282
vn 0.5296 -0.4341 -0.7288
vn 0.5329 -0.4269 -0.7306
vn 0.5342 -0.4241 -0.7313
vn -0.7652 -0.0612 0.6409
vn -0.6762 0.0902 0.7312
vn 0.1675 0.8488 0.5014
vn 0.0234 0.8228 0.5679
vn 0.4228 -0.1133 0.8991
vn 0.4095 -0.1001 0.9068
vn -0.3528 -0.1164 0.9284
vn -0.2482 -0.2097 0.9458
vn -0.3831 -0.1032 0.9179
vn 0.6166 0.7218 0.3144
vn -0.3368 0.2240 -0.9146
vn 0.3550 -0.2055 0.9120
vn 0.3692 -0.2433 0.8969
vn 0.1094 -0.1075 0.9882
vn 0.1264 0.3498 -0.9283
vn -0.1687 -0.4222 0.8907
vn 0.2904 -0.4523 0.8433
vn -0.2913 -0.8052 0.5164
vn -0.2482 -0.8490 0.4665
vn 0.1215 -0.7864 0.6056
vn -0.1119 -0.8987 0.4241
vn -0.0074 -0.9326 0.3609
vn 0.2156 -0.8704 0.4426
vn -0.0585 -0.8801 0.4711
vn -0.1041 -0.9344 -0.3406
vn -0.1043 -0.9344 -0.3406
vn -0.1005 -0.9350 -0.3400
vn -0.1001 -0.9351 -0.3399
vn 0.0698 -0.8920 -0.4467
vn 0.1070 -0.8938 -0.4355
vn 0.2586 -0.8432 -0.4713
vn 0.2573 -0.8449 -0.4691
vn 0.2590 -0.8432 -0.4711
vn 0.3168 -0.8285 -0.4618
vn 0.3386 -0.8518 -0.3997
vn -0.5363 -0.7698 -0.3460
vn 0.3552 -0.9207 -0.1615
vn 0.4916 -0.8657 0.0939
vn 0.4892 -0.8596 0.1473
vn -0.5607 -0.8118 -0.1630
vn -0.5793 -0.7797 -0.2375
vn 0.4827 -0.7657 0.4252
vn 0.4780 -0.7764 0.4107
vn 0.4427 -0.6986 0.5621
vn -0.6637 -0.7372 -0.1264
vn 0.4746 -0.6785 0.5607
vn 0.4726 -0.6768 0.5644
vn 0.4742 -0.6783 0.5613
vn 0.4722 -0.6766 0.5650
vn 0.4903 -0.4151 0.7664
vn -0.6874 -0.5974 -0.4131
vn -0.7173 -0.5914 -0.3685
vn 0.7607 -0.5361 0.3659
vn 0.6790 -0.5310 -0.5070
vn -0.8593 -0.4867 -0.1569
vn -0.8680 -0.4955 -0.0316
vn 0.6922 -0.5976 -0.4046
vn 0.6864 -0.6015 -0.4087
vn 0.6862 -0.6014 -0.4092
vn -0.6229 -0.5100 0.5932
vn 0.7225 -0.5677 0.3945
vn 0.0602 -0.7943 0.6045
vn 0.4287 -0.9034 -0.0075
vn -0.2583 -0.7849 0.5633
vn -0.1327 -0.8756 0.4645
vn -0.1372 -0.9138 0.3822
vn -0.7263 -0.5560 0.4042
vn 0.5391 -0.4184 0.7309
vn 0.2605 -0.9387 0.2258
vn -0.4113 0.2744 0.8692
vn 0.3165 -0.3826 0.8680
vn 0.2512 -0.3344 0.9083
vn -0.0507 -0.9248 0.3771
vn -0.0912 -0.9066 0.4121
vn 0.0206 -0.9579 0.2865
vn 0.4706 0.5962 0.6505
vn 0.9995 0.0071 0.0311
vn -0.4623 0.2410 0.8533
vn -0.4598 0.2402 0.8550
vn -0.4588 0.2400 0.8555
vn -0.4659 0.2421 0.8511
vn 0.5411 0.7983 0.2642
vn -0.5442 0.5403 0.6418
vn -0.2750 0.5950 0.7552
vn -0.2139 -0.2667 -0.9397
vn 0.1769 0.1208 -0.9768
vn -0.1056 0.5523 -0.8269
vn 0.0763 0.5566 -0.8273
vn 0.0825 0.0909 -0.9924
vn 0.0840 0.0812 -0.9931
vn 0.0835 0.0845 -0.9929
vn 0.0820 0.0941 -0.9922
vn 0.0452 0.3930 -0.9184
vn -0.1210 0.6964 -0.7074
vn 0.1068 0.1342 -0.9852
vn -0.0009 0.2263 -0.9741
vn 0.0118 0.2487 -0.9685
vn -0.0357 0.5095 -0.8597
vn -0.0425 0.4945 -0.8681
vn -0.4256 -0.7217 -0.5459
vn -0.5757 -0.7768 -0.2554
vn 0.7364 0.5049 -0.4503
vn 0.7862 0.4510 -0.4225
vn -0.4260 -0.8758 -0.2270
vn -0.4086 -0.8561 -0.3164
vn 0.2633 -0.1605 0.9513
vn 0.0830 0.1467 0.9857
vn -0.1354 0.1034 0.9854
vn 0.2988 0.6071 0.7363
vn 0.0692 0.7671 0.6378
vn -0.5465 -0.8048 -0.2316
vn 0.7954 -0.6026 -0.0645
vn -0.1065 0.1526 0.9825
vn -0.1080 0.1584 0.9814
vn -0.1069 0.1542 0.9822
vn -0.1234 0.1586 0.9796
vn 0.3808 0.5972 0.7059
vn -0.0907 0.1901 0.9776
vn -0.0530 0.2855 0.9569
vn 0.7555 0.5256 -0.3911
vn -0.0424 0.2651 0.9633
vn 0.0379 0.3929 0.9188
vn 0.0569 0.3709 0.9269
vn -0.5045 0.5580 0.6589
vn 0.6802 0.5036 -0.5326
vn 0.7700 0.4019 -0.4956
vn 0.7885 -0.6023 -0.1243
vn 0.7765 0.4309 -0.4596
vn 0.7999 -0.5976 -0.0550
vn 0.5582 0.7239 0.4053
vn 0.3724 0.7425 0.5569
vn 0.7766 -0.6255 0.0746
vn 0.7602 -0.6359 0.1334
vn 0.6655 -0.6693 0.3304
vn 0.6008 -0.6820 0.4171
vn -0.3255 0.1538 -0.9329
vn 0.1011 0.0749 -0.9920
vn -0.7391 0.3100 0.5980
vn -0.0566 0.1787 0.9823
vn 0.2971 -0.2590 0.9190
vn -0.3995 -0.1753 0.8998
vn 0.4985 -0.6838 0.5328
vn 0.3839 -0.7162 0.5828
vn 0.4547 0.0277 -0.8902
vn 0.3745 0.1619 -0.9130
vn -0.6379 -0.7698 -0.0226
vn 0.4273 -0.6572 0.6209
vn -0.4079 0.3484 -0.8440
vn -0.3285 0.3746 -0.8670
vn -0.1737 -0.0977 0.9799
vn -0.0144 -0.0985 0.9950
vn 0.9942 0.0390 0.1005
vn -0.5676 -0.0101 0.8232
vn -0.0109 -0.0248 -0.9996
vn -0.0760 -0.0231 -0.9968
vn 0.5200 -0.5686 0.6375
vn 0.3888 -0.5895 0.7081
vn -0.3011 0.2710 -0.9143
vn -0.3292 0.2669 -0.9058
vn 0.2243 -0.3726 0.9005
vn 0.4876 -0.2063 0.8484
vn -0.3551 -0.3916 0.8489
vn 0.1197 -0.2466 -0.9617
vn 0.0608 -0.2906 -0.9549
vn -0.1524 -0.1209 -0.9809
vn -0.3084 -0.3147 0.8977
vn -0.3085 -0.3103 0.8992
vn -0.3085 -0.3100 0.8993
vn 0.2878 -0.5322 0.7962
vn -0.3458 -0.8317 0.4344
vn -0.3775 -0.7948 0.4752
vn 0.3478 -0.8038 0.4827
vn 0.1650 -0.9829 0.0813
vn -0.2259 -0.9574 0.1799
vn -0.1406 -0.9364 0.3215
vn -0.0518 -0.9888 -0.1400
vn 0.1676 -0.9858 -0.0081
vn -0.3123 -0.9381 -0.1499
vn -0.1506 -0.8685 -0.4722
vn 0.2600 -0.8434 -0.4702
vn 0.2545 -0.8442 -0.4718
vn -0.3994 -0.7651 -0.5052
vn -0.4197 -0.7638 -0.4903
vn 0.4114 -0.8503 -0.3282
vn 0.3918 -0.8850 -0.2516
vn 0.3941 -0.8436 -0.3648
vn 0.3883 -0.8742 -0.2917
vn -0.5972 -0.7518 -0.2793
vn -0.5964 -0.7526 -0.2792
vn -0.5886 -0.7585 -0.2797
vn -0.5874 -0.7593 -0.2799
vn -0.7011 -0.6986 -0.1430
vn -0.7004 -0.6992 -0.1434
vn -0.7081 -0.6922 -0.1396
vn 0.5551 -0.7885 0.2650
vn -0.6996 -0.7042 -0.1212
vn -0.7454 -0.6608 -0.0879
vn 0.6859 -0.4497 -0.5721
vn -0.9463 -0.3228 0.0154
vn 0.7150 -0.6260 -0.3113
vn -0.9328 -0.2361 0.2722
vn -0.8538 -0.3274 0.4047
vn -0.8457 -0.3423 0.4093
vn -0.7131 -0.3888 0.5833
vn 0.2231 -0.7115 0.6663
vn 0.5931 -0.3934 0.7025
vn 0.3471 -0.3117 0.8845
vn -0.2454 -0.8305 0.5000
vn -0.2286 -0.8315 0.5063
vn -0.2742 0.5741 0.7715
vn 0.4844 0.4486 0.7511
vn -0.2381 -0.8497 0.4705
vn 0.0153 -0.9194 0.3930
vn 0.2506 -0.9489 0.1919
vn -0.0391 -0.8966 0.4411
vn -0.0078 -0.9218 0.3876
vn 0.0854 -0.0159 -0.9962
vn -0.1617 -0.0814 -0.9835
vn 0.1143 -0.0098 -0.9934
vn -0.1941 -0.3485 -0.9170
vn -0.1575 -0.3355 -0.9288
vn 0.0930 0.6463 -0.7574
vn -0.2505 -0.6451 -0.7218
vn 0.4325 0.5958 -0.6768
vn 0.4709 0.5944 -0.6519
vn -0.4421 -0.7005 -0.5602
vn 0.6263 0.6023 -0.4951
vn 0.6800 0.5833 -0.4442
vn -0.6989 -0.6906 -0.1859
vn 0.6069 -0.2599 0.7510
vn 0.7715 0.5079 -0.3831
vn -0.0967 0.2214 0.9704
vn 0.3588 0.6407 0.6788
vn -0.4766 0.5358 0.6970
vn 0.2347 0.6739 0.7005
vn 0.2147 0.6498 0.7292
vn -0.7651 -0.6434 -0.0258
vn -0.7775 -0.6261 -0.0589
vn -0.7601 -0.6441 0.0859
vn -0.7695 -0.6347 0.0710
vn 0.7528 0.5330 -0.3863
vn -0.3921 0.6297 0.6707
vn 0.6126 0.7542 0.2365
vn -0.7801 -0.5933 0.1985
vn -0.7806 -0.5931 0.1971
vn -0.7772 -0.5944 0.2067
vn -0.1496 0.7378 0.6583
vn -0.7768 -0.5949 0.2067
vn -0.0532 0.7597 0.6480
vn 0.2845 0.7883 0.5455
vn -0.7468 -0.6251 0.2270
vn -0.7345 -0.6242 0.2661
vn -0.6854 -0.6581 0.3115
vn -0.6311 -0.6655 0.3985
vn -0.5069 -0.7467 0.4307
vn -0.5076 -0.7429 0.4364
vn -0.5074 -0.7447 0.4336
vn -0.3712 -0.9285 -0.0087
vn 0.4086 -0.8912 -0.1967
vn 0.0873 -0.9653 0.2462
vn 0.5287 -0.7001 0.4800
vn 0.4196 -0.4517 -0.7873
vn -0.5400 -0.6785 0.4980
vn -0.9325 -0.1511 -0.3279
vn 0.0799 0.0921 -0.9925
vn -0.0920 0.1352 0.9865
vn 0.4004 -0.0412 -0.9154
vn 0.3999 -0.6980 0.5941
vn -0.3921 0.3422 -0.8539
vn -0.1539 -0.1439 0.9776
vn -0.3852 -0.0585 0.9210
vn -0.5526 -0.2433 0.7971
vn 0.1178 -0.9926 -0.0307
vn -0.3282 -0.9144 -0.2369
vn 0.3497 -0.7452 -0.5677
vn -0.2659 -0.2261 -0.9371
vn -0.1540 0.0177 -0.9879
vn 0.3933 -0.3529 -0.8490
vn -0.6509 -0.7294 -0.2105
vn -0.8870 -0.3546 0.2958
vn -0.8197 -0.1086 0.5625
vn -0.0607 0.7659 0.6400
vn 0.8961 0.4244 0.1298
vn 0.3824 -0.5656 0.7307
vn -0.1068 -0.0115 0.9942
vn 0.3451 -0.4281 0.8353
vn 0.2623 -0.4012 0.8776
vn -0.3086 -0.3097 0.8994
vn 0.3884 -0.4865 0.7826
vn 0.2804 -0.9118 0.3001
vn -0.3618 -0.8797 0.3085
vn 0.4059 -0.6985 -0.5894
vn 0.4057 -0.6987 -0.5893
vn 0.4065 -0.6979 -0.5896
vn -0.5562 -0.7238 -0.4084
vn 0.5401 -0.8364 -0.0933
vn 0.5205 -0.8527 -0.0439
vn -0.7090 -0.6914 -0.1392
vn 0.5171 -0.8536 0.0628
vn -0.6432 -0.7313 -0.2268
vn -0.6929 -0.6833 -0.2302
vn 0.5944 -0.6460 0.4789
vn 0.6239 -0.6304 0.4620
vn 0.5118 -0.5664 0.6459
vn 0.5302 -0.5505 0.6448
vn 0.4711 -0.4740 0.7439
vn 0.7060 -0.2700 0.6547
vn 0.8220 -0.3562 -0.4444
vn 0.7240 -0.3603 -0.5882
vn 0.6545 -0.3351 -0.6778
vn -0.8916 -0.4007 -0.2110
vn -0.9767 -0.2118 -0.0341
vn 0.6774 -0.6603 -0.3243
vn 0.5138 -0.8573 -0.0331
vn 0.6266 -0.2939 0.7218
vn -0.4775 0.1461 0.8664
vn -0.4125 -0.6887 0.5962
vn -0.4090 -0.6971 0.5889
vn -0.4126 -0.6889 0.5960
vn -0.3018 0.8515 -0.4288
vn -0.1433 -0.1160 0.9829
vn 0.1776 -0.1936 0.9649
vn -0.0900 -0.8730 0.4794
vn -0.1435 -0.8415 0.5208
vn 0.2763 -0.9413 0.1939
vn -0.0501 -0.8769 0.4780
vn 0.0034 -0.9105 0.4136
vn -0.1440 -0.1186 -0.9824
vn 0.1316 0.0394 -0.9905
vn -0.1663 -0.1417 -0.9758
vn 0.1867 0.0672 -0.9801
vn 0.1853 0.0840 -0.9791
vn -0.1337 -0.4423 -0.8868
vn -0.1716 -0.5197 -0.8370
vn 0.1009 0.3047 -0.9471
vn 0.1046 0.3089 -0.9453
vn 0.1019 0.3058 -0.9466
vn 0.1057 0.3102 -0.9448
vn -0.0948 0.7616 -0.6411
vn -0.0579 0.7835 -0.6187
vn 0.2463 0.7080 -0.6619
vn 0.1313 0.3985 -0.9077
vn 0.0230 0.5348 -0.8447
vn 0.0426 0.5948 -0.8027
vn 0.0050 0.5854 -0.8107
vn -0.0197 0.7305 -0.6826
vn -0.0088 0.7319 -0.6814
vn -0.0190 0.7305 -0.6827
vn -0.0073 0.7321 -0.6811
vn -0.5039 -0.6695 -0.5457
vn -0.5651 -0.6757 -0.4733
vn 0.5015 0.6725 -0.5443
vn 0.5857 0.6452 -0.4907
vn -0.5476 -0.7987 -0.2494
vn -0.5029 -0.8096 -0.3027
vn -0.2127 0.8705 0.4438
vn -0.4261 0.8283 0.3639
vn 0.3723 0.8245 0.4261
vn 0.1650 0.8469 0.5055
vn -0.1084 0.1599 0.9812
vn -0.0946 0.4778 0.8734
vn 0.3507 0.7866 0.5083
vn -0.4041 0.7229 0.5604
vn -0.4689 0.7510 0.4648
vn -0.4688 0.7511 0.4648
vn -0.4613 0.7552 0.4657
vn -0.7296 -0.6650 -0.1593
vn 0.7694 -0.6177 -0.1625
vn 0.6987 -0.6098 -0.3743
vn 0.7450 -0.5998 -0.2919
vn -0.0507 0.3834 0.9222
vn 0.0698 0.5420 0.8375
vn -0.4550 0.6109 0.6480
vn 0.5938 0.6988 -0.3989
vn -0.4622 0.6312 0.6229
vn -0.4022 0.6417 0.6530
vn 0.6116 0.6933 -0.3812
vn 0.3128 0.9446 0.0989
vn 0.8247 -0.5652 -0.0234
vn -0.3421 0.6627 0.6662
vn -0.2262 0.7812 0.5819
vn 0.3603 0.9041 0.2299
vn 0.2616 0.8186 0.5113
vn 0.0514 0.8521 0.5208
vn 0.8261 -0.5632 0.0207
vn 0.8075 -0.5719 0.1445
vn -0.3921 -0.9184 -0.0528
vn -0.6636 -0.7480 -0.0116
vn -0.7473 -0.2663 0.6088
vn -0.4448 -0.2206 -0.8681
vn 0.5344 -0.7610 -0.3677
vn 0.6102 -0.2642 -0.7469
vn -0.8578 -0.3426 0.3831
vn 0.7367 -0.5759 -0.3543
vn 0.7427 -0.5797 0.3353
vn 0.8651 -0.4234 -0.2690
vn -0.8109 -0.4365 0.3899
vn -0.6861 -0.5265 0.5021
vn -0.6861 -0.5268 0.5017
vn -0.6861 -0.5264 0.5022
vn 0.6324 -0.6813 -0.3686
vn 0.8723 -0.4672 0.1444
vn -0.4651 -0.7143 0.5229
vn -0.4625 -0.7138 0.5259
vn -0.4650 -0.7142 0.5231
vn -0.6860 -0.5261 0.5026
vn 0.3707 -0.6792 0.6335
vn -0.4597 -0.7133 0.5291
vn -0.1064 -0.9202 0.3767
vn 0.2850 -0.5904 -0.7551
vn 0.5537 -0.5325 -0.6402
vn 0.5315 -0.6417 0.5530
vn -0.9373 0.1586 -0.3105
vn 0.2241 -0.2459 -0.9430
vn -0.3156 0.5335 0.7847
vn -0.5345 -0.6938 0.4826
vn -0.4621 0.2488 -0.8512
vn 0.2622 -0.3144 -0.9124
vn -0.4508 -0.7447 -0.4921
vn -0.6143 -0.7887 0.0234
vn -0.2645 -0.8038 -0.5329
vn 0.3416 -0.9231 0.1765
vn -0.1344 -0.9490 -0.2853
vn -0.6513 -0.7423 -0.1577
vn 0.9184 0.2315 0.3208
vn -0.6625 -0.0998 0.7424
vn 0.3398 -0.3196 0.8845
vn 0.2140 -0.1607 0.9635
vn 0.3528 -0.4225 0.8349
vn -0.3245 -0.2762 0.9047
vn 0.4240 -0.6383 0.6425
vn -0.4980 -0.7604 0.4168
vn -0.5089 -0.7481 0.4259
vn 0.4110 -0.7322 0.5431
vn 0.4583 -0.8796 0.1276
vn -0.3577 -0.8865 0.2936
vn -0.4040 -0.9055 -0.1296
vn -0.3817 -0.8712 -0.3089
vn -0.4879 -0.7280 -0.4817
vn -0.5300 -0.7171 -0.4526
vn -0.6367 -0.6574 -0.4030
vn 0.4367 -0.8094 -0.3926
vn -0.6750 -0.6477 -0.3535
vn -0.7913 -0.5136 -0.3318
vn -0.8368 -0.4870 -0.2500
vn 0.5570 -0.8237 -0.1064
vn 0.6364 -0.6779 0.3681
vn 0.6213 -0.7167 0.3167
vn -0.7336 -0.6465 -0.2094
vn -0.8708 -0.4866 -0.0703
vn -0.8650 -0.4033 -0.2985
vn -0.9772 -0.2123 0.0024
vn -0.0241 -0.6569 0.7536
vn -0.3803 -0.2744 0.8832
vn -0.4130 -0.6885 0.5961
vn 0.4888 -0.8697 -0.0681
vn 0.0016 -0.1744 0.9847
vn 0.4776 -0.8786 -0.0029
vn -0.2848 -0.7697 0.5713
vn 0.2556 -0.9129 0.3182
vn -0.0390 -0.8594 0.5097
vn 0.0305 -0.8701 0.4920
vn -0.0921 -0.8250 0.5576
vn -0.0503 0.0391 -0.9980
vn -0.0315 0.0203 -0.9993
vn 0.0441 0.0708 -0.9965
vn -0.0987 -0.2274 -0.9688
vn -0.1121 -0.2473 -0.9624
vn -0.2677 -0.5901 -0.7616
vn -0.1949 -0.5103 -0.8376
vn 0.1414 0.5244 -0.8397
vn 0.0403 0.6778 -0.7341
vn 0.0312 0.7747 -0.6316
vn -0.0393 0.8738 -0.4847
vn 0.2288 0.7981 -0.5573
vn 0.0832 0.8696 -0.4866
vn 0.1441 0.8845 -0.4437
vn 0.2372 0.8176 -0.5247
vn -0.4392 0.8441 -0.3076
vn -0.2416 0.8714 -0.4269
vn 0.4533 0.7239 -0.5201
vn 0.5679 0.6911 -0.4471
vn -0.6620 -0.6966 -0.2766
vn 0.2221 0.8824 0.4148
vn 0.6317 0.6700 -0.3899
vn 0.6255 0.6894 -0.3655
vn 0.9729 -0.2099 -0.0970
vn 0.6685 -0.4941 0.5559
vn 0.0815 0.0517 0.9953
vn 0.2401 0.7960 0.5556
vn 0.6516 0.6777 -0.3408
vn -0.0664 0.3347 0.9400
vn -0.0676 0.3761 0.9241
vn -0.4695 0.7509 0.4646
vn -0.0121 0.5371 0.8434
vn 0.1244 0.6656 0.7359
vn 0.6129 0.7460 -0.2603
vn -0.4252 0.7392 0.5223
vn 0.4613 0.8115 -0.3587
vn -0.1985 0.7752 0.5997
vn -0.1793 0.7703 0.6119
vn -0.2041 0.8234 0.5295
vn 0.0096 0.9285 0.3713
vn 0.0219 0.9291 0.3692
vn 0.0195 0.9290 0.3697
vn 0.2547 0.9634 0.0832
vn 0.2743 0.9586 0.0772
vn 0.0081 0.9285 0.3713
vn 0.8469 -0.5180 0.1204
vn -0.4862 -0.5981 -0.6370
vn 0.3488 -0.1471 -0.9256
vn -0.7504 -0.6507 0.1161
vn -0.5700 -0.6588 0.4909
vn -0.6182 -0.1909 -0.7625
vn 0.8181 -0.5704 0.0733
vn 0.5169 -0.1638 -0.8402
vn 0.5634 -0.0770 -0.8226
vn -0.6183 -0.3874 0.6838
vn 0.2212 -0.1810 -0.9583
vn 0.6078 -0.3061 -0.7327
vn -0.0411 -0.9711 -0.2352
vn -0.2157 -0.9572 -0.1929
vn -0.8852 -0.1305 0.4465
vn -0.2040 -0.9743 0.0954
vn -0.0897 -0.9365 0.3391
vn 0.3661 -0.9243 0.1075
vn 0.1761 -0.9148 0.3636
vn -0.4482 -0.7591 0.4720
vn -0.5078 -0.7426 0.4366
vn -0.4451 -0.7205 0.5317
vn -0.8136 -0.2195 0.5383
vn 0.9268 -0.3392 -0.1615
vn 0.9331 -0.3489 -0.0868
vn -0.1856 -0.7649 0.6168
vn -0.0420 -0.6631 0.7473
vn -0.8957 -0.3501 0.2741
vn 0.3685 -0.6878 -0.6254
vn -0.9064 -0.3577 0.2247
vn -0.4741 -0.7702 0.4266
vn -0.4572 -0.7683 0.4480
vn -0.7648 0.6325 0.1227
vn -0.3276 -0.9448 0.0058
vn -0.3156 0.4288 0.8465
vn 0.0153 -0.6478 -0.7616
vn -0.2649 -0.9389 -0.2198
vn 0.2764 -0.5233 -0.8061
vn 0.5445 -0.8139 0.2029
vn -0.4520 0.1755 -0.8746
vn -0.4152 0.2482 -0.8752
vn -0.2892 0.1942 0.9373
vn 0.4355 -0.6890 -0.5793
vn -0.4762 -0.0390 -0.8785
vn -0.0123 -0.3826 -0.9238
vn 0.4786 -0.2186 0.8504
vn -0.0392 -0.1550 0.9871
vn 0.0236 -0.2262 0.9738
vn 0.4818 -0.7125 0.5100
vn -0.5498 -0.7398 0.3879
vn 0.5189 -0.7910 0.3241
vn -0.5508 -0.8275 0.1084
vn 0.4190 -0.7101 -0.5658
vn -0.5434 -0.8309 -0.1202
vn 0.4067 -0.6977 -0.5897
vn 0.6014 -0.7153 -0.3558
vn 0.6194 -0.7090 -0.3370
vn -0.7861 -0.5526 -0.2769
vn -0.7626 -0.5664 -0.3126
vn 0.6391 -0.7375 0.2182
vn -0.8053 -0.5497 -0.2223
vn -0.8566 -0.5056 -0.1031
vn -0.9884 -0.1336 0.0717
vn -0.9732 -0.1213 0.1952
vn -0.9738 -0.1251 0.1900
vn -0.9732 -0.1216 0.1951
vn -0.8413 -0.1934 0.5048
vn 0.7039 -0.6045 -0.3730
vn -0.7214 -0.1582 0.6742
vn -0.7477 -0.2224 0.6257
vn -0.6874 -0.1407 0.7125
vn 0.7157 -0.6343 -0.2925
vn 0.0558 -0.5519 0.8321
vn 0.3983 -0.1792 0.8996
vn 0.4577 -0.1758 0.8715
vn -0.5062 -0.5934 0.6258
vn -0.5061 -0.5928 0.6265
vn -0.5060 -0.5880 0.6310
vn -0.4130 -0.7152 0.5638
vn -0.1065 -0.0700 0.9919
vn 0.4589 -0.8884 -0.0108
vn -0.3830 -0.7094 0.5917
vn -0.2436 -0.7590 0.6038
vn 0.4601 -0.8878 0.0134
vn -0.1597 -0.7995 0.5791
vn 0.2057 -0.9366 0.2837
vn -0.1345 -0.7775 0.6143
vn -0.0698 -0.8078 0.5853
vn -0.1399 -0.9242 0.3554
vn 0.2092 0.1663 -0.9636
vn -0.3596 -0.5971 -0.7171
vn 0.2437 0.2392 -0.9399
vn 0.1163 0.2807 -0.9527
vn 0.1801 0.6429 -0.7445
vn 0.1267 0.6090 -0.7830
vn 0.0803 0.7462 -0.6609
vn -0.0945 0.9151 -0.3919
vn 0.0530 0.8889 -0.4551
vn 0.1393 0.8686 -0.4756
vn -0.5857 -0.6667 -0.4609
vn 0.0847 0.9083 -0.4097
vn 0.1197 0.9502 -0.2878
vn -0.0964 0.9523 -0.2897
vn 0.1232 0.9783 -0.1668
vn -0.2072 0.9743 -0.0881
vn 0.1630 0.9866 -0.0116
vn -0.0062 0.9999 0.0126
vn -0.1116 0.9932 0.0338
vn -0.4212 0.9066 0.0269
vn 0.1969 0.9798 0.0350
vn -0.7308 -0.6144 -0.2974
vn -0.3187 0.9440 0.0851
vn -0.7792 -0.5650 -0.2713
vn 0.1586 0.9491 0.2721
vn 0.2880 0.9430 0.1669
vn -0.8112 -0.5501 -0.1982
vn 0.2825 0.9256 0.2519
vn -0.3542 0.8921 0.2805
vn 0.2379 0.1857 0.9534
vn -0.0994 0.3493 0.9317
vn -0.1047 0.3634 0.9257
vn -0.1012 0.3674 0.9245
vn -0.1058 0.3621 0.9261
vn 0.2145 0.8357 0.5055
vn 0.1255 0.7250 0.6772
vn -0.0031 0.6364 0.7714
vn 0.0241 0.7026 0.7112
vn 0.5186 0.8277 -0.2143
vn -0.4507 0.3772 0.8091
vn -0.3592 0.8098 0.4639
vn 0.3459 0.9351 0.0775
vn 0.2498 0.9658 0.0693
vn 0.0619 0.9572 0.2826
vn 0.0502 0.9129 0.4050
vn -0.8771 -0.4581 0.1442
vn 0.8685 -0.4910 0.0673
vn -0.7980 -0.5101 -0.3210
vn -0.9013 0.1134 0.4181
vn 0.7623 -0.5317 0.3691
vn 0.6099 -0.6520 0.4504
vn -0.1112 -0.8005 0.5889
vn 0.7490 -0.5155 0.4162
vn -0.7942 -0.5118 -0.3277
vn 0.9455 -0.3237 -0.0363
vn -0.7286 -0.5662 0.3854
vn 0.4201 -0.1527 -0.8945
vn 0.4613 -0.1364 -0.8767
vn -0.6589 0.3067 0.6868
vn -0.5654 -0.7776 0.2750
vn -0.5960 -0.5942 0.5401
vn 0.3303 -0.2801 -0.9014
vn 0.3122 -0.2729 -0.9100
vn -0.5220 -0.7069 -0.4772
vn -0.0371 -0.9285 -0.3695
vn 0.5527 -0.5983 0.5801
vn -0.4612 0.3418 0.8189
vn -0.0808 -0.9239 -0.3740
vn 0.5630 -0.6944 -0.4480
vn -0.6304 -0.3329 0.7013
vn -0.7361 -0.5266 0.4253
vn 0.5973 -0.7128 -0.3675
vn 0.3771 -0.5974 -0.7078
vn -0.7183 -0.5408 -0.4377
vn 0.5209 -0.6934 -0.4978
vn -0.6731 -0.5555 -0.4882
vn 0.4578 -0.7298 -0.5078
vn -0.8545 -0.3660 -0.3686
vn 0.6764 -0.6466 -0.3527
vn 0.7252 -0.6764 0.1284
vn -0.8272 -0.4718 -0.3054
vn -0.8841 -0.4587 -0.0890
vn 0.5728 -0.4430 0.6897
vn 0.4745 -0.3504 0.8075
vn 0.4495 -0.2952 0.8431
vn 0.4350 -0.2870 0.8535
vn 0.6609 -0.3036 -0.6863
vn -0.9739 -0.1260 0.1885
vn 0.7321 -0.5103 -0.4512
vn 0.7215 -0.5957 -0.3529
vn -0.1284 -0.4519 0.8828
vn 0.7447 -0.6155 -0.2579
vn 0.7450 -0.6158 -0.2564
vn 0.7447 -0.6156 -0.2577
vn -0.2668 -0.0525 0.9623
vn 0.2867 -0.1213 0.9503
vn -0.2985 -0.6342 0.7132
vn -0.0921 -0.1002 0.9907
vn 0.7453 -0.6162 -0.2547
vn 0.2014 -0.9248 0.3227
vn -0.0504 -0.7790 0.6249
vn -0.1571 -0.7569 0.6343
vn 0.1384 -0.8838 0.4469
vn -0.0449 -0.8345 0.5492
vn -0.0278 -0.8360 0.5481
vn 0.0787 0.1702 -0.9823
vn 0.1033 0.1834 -0.9776
vn -0.1716 -0.4157 -0.8932
vn -0.1425 -0.3784 -0.9146
vn -0.0879 -0.3483 -0.9333
vn -0.5051 -0.5823 -0.6371
vn 0.1702 0.3813 -0.9086
vn 0.1681 0.7663 -0.6201
vn 0.0862 0.8312 -0.5493
vn -0.6273 -0.6117 -0.4819
vn 0.1410 0.8585 -0.4931
vn -0.0333 0.9518 -0.3050
vn 0.1871 0.9530 -0.2382
vn 0.1860 0.9537 -0.2365
vn 0.1828 0.9554 -0.2318
vn 0.1742 0.9538 -0.2447
vn 0.1896 0.9093 -0.3704
vn 0.2845 0.8887 -0.3596
vn 0.4297 0.8005 -0.4178
vn 0.2612 0.9639 -0.0518
vn -0.2076 0.9708 -0.1200
vn 0.5021 0.7611 -0.4106
vn 0.2429 0.9671 0.0758
vn -0.2679 0.9625 0.0420
vn 0.5467 0.7750 -0.3171
vn 0.7037 -0.3780 0.6016
vn 0.2433 0.9305 0.2737
vn -0.3207 0.9007 0.2932
vn 0.4941 0.8356 -0.2400
vn 0.4938 0.8357 -0.2406
vn 0.4951 0.8367 -0.2343
vn 0.8577 -0.5140 0.0095
vn 0.7497 -0.5681 -0.3393
vn -0.0998 0.3690 0.9240
vn -0.3428 0.8900 0.3006
vn 0.1530 0.8162 0.5572
vn 0.1757 0.8360 0.5199
vn 0.4940 0.8355 -0.2408
vn 0.7543 -0.5872 -0.2937
vn -0.3301 0.8896 0.3156
vn -0.8853 -0.4635 -0.0385
vn -0.8852 -0.4637 -0.0382
vn -0.8852 -0.4636 -0.0383
vn -0.8838 -0.4666 -0.0351
vn 0.8568 -0.4984 -0.1320
vn 0.8199 -0.5474 -0.1674
vn 0.3906 0.9054 0.1665
vn -0.1705 0.8888 0.4255
vn 0.0704 0.9533 0.2938
vn -0.8895 -0.4552 0.0401
vn -0.2110 0.8864 0.4121
vn -0.8769 -0.4742 0.0780
vn 0.8794 -0.4735 -0.0485
vn 0.8678 -0.4935 -0.0574
vn -0.8962 -0.3990 0.1938
vn -0.8487 -0.4431 0.2889
vn -0.4280 -0.4790 -0.7664
vn 0.2606 0.2034 -0.9438
vn 0.3602 0.2270 -0.9048
vn -0.5307 -0.4973 0.6863
vn 0.3724 0.2389 -0.8968
vn 0.3858 0.2399 -0.8908
vn -0.7311 -0.3569 -0.5815
vn -0.6191 -0.2151 0.7553
vn 0.0590 0.1864 -0.9807
vn -0.7892 -0.0637 0.6108
vn -0.9426 0.0051 0.3339
vn -0.9888 -0.1459 -0.0316
vn -0.6647 -0.1279 -0.7361
vn 0.7672 -0.4648 0.4420
vn -0.5686 -0.2585 0.7809
vn -0.0549 0.0435 0.9975
vn 0.8150 -0.5742 -0.0776
vn 0.6047 -0.5416 0.5840
vn -0.5511 -0.2327 0.8013
vn 0.4924 -0.5150 -0.7016
vn 0.1105 0.2640 -0.9582
vn 0.5725 0.2198 -0.7899
vn -0.5852 -0.2888 0.7577
vn -0.4974 -0.3231 0.8051
vn 0.9283 0.3641 0.0750
vn 0.0582 -0.1892 0.9802
vn -0.6800 -0.4707 0.5622
vn -0.7744 -0.5029 0.3839
vn 0.4729 -0.5494 0.6888
vn 0.6033 -0.5227 0.6023
vn 0.5338 -0.6466 0.5449
vn 0.6483 -0.7378 0.1883
vn -0.6784 -0.7029 0.2138
vn -0.7088 -0.6659 -0.2327
vn 0.4139 -0.5893 -0.6939
vn 0.4159 -0.5948 -0.6880
vn 0.4156 -0.5937 -0.6890
vn -0.7256 -0.6557 -0.2085
vn 0.4133 -0.5879 -0.6954
vn -0.8323 -0.3667 -0.4158
vn 0.8359 -0.5394 0.1018
vn -0.8306 -0.4795 -0.2830
vn 0.6868 -0.5701 0.4509
vn 0.6779 -0.5364 0.5027
vn 0.6852 -0.4041 0.6060
vn -0.8705 -0.4552 -0.1869
vn 0.6776 -0.3875 0.6251
vn 0.5359 -0.3532 0.7669
vn 0.8449 -0.2473 -0.4743
vn 0.6086 -0.2062 -0.7662
vn -0.9566 -0.2900 -0.0269
vn 0.6340 -0.2382 -0.7357
vn 0.7292 -0.4260 -0.5355
vn -0.3297 0.0615 0.9421
vn -0.4057 -0.6293 0.6628
vn 0.7639 -0.6403 -0.0802
vn 0.7411 -0.6612 -0.1163
vn -0.2644 -0.6828 0.6811
vn 0.6133 -0.7554 0.2309
vn -0.1483 -0.7330 0.6639
vn 0.2007 -0.8119 0.5482
vn -0.0597 0.1351 -0.9890
vn -0.1022 0.0814 -0.9914
vn -0.0595 -0.1694 -0.9837
vn 0.1497 0.3046 -0.9406
vn -0.4203 -0.5412 -0.7283
vn 0.2403 0.3969 -0.8859
vn 0.1756 0.5253 -0.8326
vn 0.1972 0.5980 -0.7768
vn 0.2266 0.7784 -0.5855
vn 0.1343 0.8539 -0.5028
vn -0.7225 -0.5467 -0.4231
vn 0.1816 0.9561 -0.2300
vn 0.1677 0.9701 -0.1752
vn 0.0261 0.9662 -0.2563
vn 0.0051 0.9853 -0.1708
vn 0.1886 0.9638 -0.1885
vn 0.2260 0.9708 0.0804
vn 0.2255 0.9708 0.0815
vn 0.2245 0.9708 0.0845
vn 0.0174 0.9912 -0.1315
vn 0.2243 0.9708 0.0855
vn -0.0454 0.9988 0.0181
vn -0.2071 0.9736 0.0963
vn -0.1351 0.9900 -0.0415
vn 0.2059 0.9656 -0.1590
vn -0.8847 -0.4485 -0.1270
vn 0.1882 0.9135 0.3608
vn 0.2327 0.9385 0.2552
vn 0.1394 0.9861 -0.0902
vn -0.0438 0.4937 0.8686
vn -0.0486 0.4995 0.8650
vn -0.0502 0.5014 0.8638
vn -0.0423 0.4919 0.8696
vn 0.0880 0.7509 0.6545
vn 0.0455 0.8509 0.5233
vn 0.0345 0.5971 0.8015
vn 0.0057 0.5940 0.8044
vn -0.1059 0.9803 0.1667
vn 0.1057 0.9874 0.1181
vn -0.1962 0.9402 0.2785
vn 0.0942 0.9896 0.1084
vn 0.1086 0.9686 0.2236
vn 0.9015 -0.4318 0.0280
vn 0.8885 -0.4544 0.0642
vn -0.8773 -0.4158 0.2396
vn -0.8776 -0.4143 0.2410
vn -0.8789 -0.4080 0.2473
vn -0.8790 -0.4071 0.2483
vn 0.3349 0.3001 -0.8932
vn 0.6200 0.3838 -0.6843
vn 0.9022 -0.4085 0.1382
vn -0.3068 -0.3276 0.8936
vn -0.3077 -0.3320 0.8917
vn -0.3077 -0.3322 0.8916
vn -0.4185 -0.1307 0.8988
vn 0.2346 0.1667 -0.9577
vn -0.8565 -0.3418 -0.3868
vn -0.5898 -0.1715 0.7891
vn 0.8319 -0.3986 0.3860
vn 0.8322 -0.3958 0.3883
vn 0.8320 -0.3981 0.3864
vn 0.8322 -0.3956 0.3884
vn 0.3547 -0.5717 0.7398
vn 0.8443 -0.5235 0.1144
vn -0.5634 -0.4767 0.6748
vn 0.8031 -0.4147 0.4278
vn -0.7671 -0.6117 0.1935
vn -0.5397 -0.6261 0.5628
vn -0.6012 -0.0339 0.7984
vn 0.4732 -0.1092 -0.8741
vn -0.5072 -0.6283 -0.5900
vn -0.6798 -0.1242 0.7228
vn 0.2893 0.1608 -0.9436
vn 0.9165 0.1597 -0.3668
vn 0.6803 0.0778 0.7288
vn 0.3662 0.1113 0.9239
vn -0.7165 -0.5666 0.4068
vn 0.6260 -0.5927 0.5067
vn 0.5541 -0.6313 -0.5427
vn 0.5675 -0.6296 -0.5306
vn 0.7184 -0.5679 -0.4017
vn -0.7790 -0.4648 -0.4210
vn 0.8412 -0.5323 -0.0948
vn 0.8210 -0.4754 0.3161
vn -0.8753 -0.4423 -0.1954
vn -0.9344 -0.3431 -0.0957
vn -0.9347 -0.3424 -0.0950
vn -0.9348 -0.3420 -0.0961
vn 0.4652 -0.0167 0.8850
vn 0.1978 -0.0478 0.9791
vn -0.9499 -0.3125 0.0002
vn 0.7134 -0.3318 -0.6172
vn 0.7395 -0.4590 -0.4924
vn -0.8800 -0.0591 0.4713
vn -0.8899 -0.0512 0.4533
vn -0.7999 -0.0152 0.6000
vn 0.2654 0.0104 0.9641
vn 0.0864 0.0741 0.9935
vn -0.5062 -0.5877 0.6312
vn 0.7610 -0.6062 -0.2310
vn -0.3801 -0.6171 0.6890
vn -0.2452 -0.6678 0.7028
vn -0.2470 -0.6674 0.7025
vn -0.2353 -0.6702 0.7039
vn -0.2337 -0.6706 0.7041
vn 0.6316 -0.7080 0.3160
vn -0.0953 -0.7040 0.7038
vn -0.0921 -0.7065 0.7017
vn -0.0940 -0.7049 0.7030
vn -0.0912 -0.7072 0.7011
vn 0.3533 -0.7741 0.5253
vn -0.1569 -0.6551 0.7391
vn 0.0444 -0.7140 0.6988
vn -0.0441 0.1303 -0.9905
vn 0.0270 0.2557 -0.9664
vn -0.0906 -0.0183 -0.9957
vn 0.1540 0.3394 -0.9279
vn -0.2862 -0.4114 -0.8653
vn -0.4144 -0.5224 -0.7452
vn 0.2561 0.5077 -0.8226
vn -0.6057 -0.5241 -0.5987
vn 0.2019 0.6891 -0.6959
vn -0.6281 -0.5264 -0.5730
vn -0.7755 -0.4575 -0.4351
vn -0.8339 -0.4182 -0.3601
vn 0.2837 0.9162 -0.2829
vn -0.8487 -0.4332 -0.3033
vn 0.2162 0.9716 -0.0959
vn 0.2218 0.9701 -0.0981
vn 0.2209 0.9704 -0.0977
vn 0.2644 0.9532 0.1467
vn 0.1417 0.9218 0.3609
vn 0.1418 0.9221 0.3600
vn 0.1418 0.9211 0.3626
vn 0.9431 0.3150 0.1066
vn -0.0520 0.5567 0.8291
vn 0.0951 0.8340 0.5435
vn 0.8999 -0.4220 0.1099
vn 0.8899 -0.4302 0.1514
vn -0.6881 -0.1243 -0.7149
vn 0.2226 0.3353 -0.9154
vn -0.9538 -0.1515 -0.2596
vn -0.2616 -0.5626 0.7843
vn -0.4378 -0.4628 0.7708
vn -0.4059 -0.4182 0.8126
vn -0.3078 -0.3330 0.8913
vn 0.9592 -0.1471 0.2416
vn 0.5426 -0.6857 -0.4851
vn -0.2339 -0.5180 -0.8228
vn -0.7623 -0.2702 -0.5881
vn -0.2252 0.8692 0.4402
vn 0.4327 0.3967 0.8096
vn -0.2930 -0.3047 0.9062
vn -0.3083 -0.3040 0.9014
vn -0.5868 -0.2246 -0.7779
vn -0.5326 -0.3206 0.7833
vn -0.0926 0.0021 0.9957
vn -0.0748 -0.0226 0.9969
vn 0.5225 -0.4259 -0.7387
vn 0.8141 -0.3836 0.4360
vn -0.6869 -0.1460 0.7119
vn 0.0915 -0.6287 -0.7722
vn -0.6407 -0.1505 0.7529
vn 0.7336 0.3052 -0.6072
vn 0.9168 -0.3308 0.2236
vn 0.1221 -0.4405 0.8894
vn 0.7748 -0.2708 0.5713
vn 0.6397 -0.5452 0.5418
vn 0.7279 -0.5422 0.4197
vn -0.8141 -0.5687 0.1176
vn -0.8494 -0.4417 -0.2890
vn 0.5348 -0.5542 -0.6378
vn 0.5464 -0.5596 -0.6232
vn 0.7144 -0.5495 -0.4332
vn -0.8053 -0.4171 -0.4213
vn -0.8527 -0.4242 -0.3050
vn 0.4289 -0.1836 0.8845
vn 0.4030 -0.1469 0.9033
vn 0.5091 -0.0357 0.8600
vn 0.6323 -0.0975 -0.7686
vn -0.9445 -0.2456 0.2183
vn -0.5399 0.1866 0.8208
vn -0.6284 0.1268 0.7675
vn 0.3050 0.0526 0.9509
vn -0.4459 -0.5117 0.7343
vn -0.4745 -0.5873 0.6557
vn -0.3599 -0.5252 0.7711
vn -0.0911 -0.7071 0.7012
vn -0.0453 -0.6561 0.7533
vn 0.0384 -0.7002 0.7129
vn -0.0642 -0.0021 -0.9979
vn 0.0384 0.3080 -0.9506
vn -0.0423 -0.1466 -0.9883
vn 0.1445 0.4402 -0.8862
vn 0.2511 0.5714 -0.7813
vn 0.2511 0.5716 -0.7811
vn 0.2511 0.5700 -0.7824
vn 0.2510 0.5695 -0.7827
vn 0.2622 0.6228 -0.7372
vn -0.7138 -0.4322 -0.5510
vn 0.2168 0.8428 -0.4925
vn -0.7662 -0.4103 -0.4947
vn 0.2265 0.9025 -0.3663
vn 0.2022 0.9598 -0.1949
vn 0.1918 0.9814 -0.0091
vn 0.2154 0.9718 -0.0956
vn 0.1701 0.9658 0.1955
vn 0.1803 0.9700 0.1628
vn 0.1418 0.9207 0.3636
vn 0.5612 0.1249 0.8182
vn -0.0769 0.4738 0.8773
vn -0.0164 0.5353 0.8445
vn -0.9118 -0.3777 -0.1612
vn 0.0300 0.7333 0.6793
vn 0.0292 0.7339 0.6787
vn 0.0337 0.7308 0.6818
vn 0.0347 0.7302 0.6824
vn 0.1158 0.7998 0.5890
vn 0.7774 -0.5230 -0.3495
vn -0.9170 -0.3059 0.2559
vn -0.9472 -0.1254 0.2951
vn -0.3023 0.5404 -0.7853
vn -0.8033 -0.5078 -0.3112
vn 0.3032 0.4568 -0.8363
vn 0.1392 0.3801 -0.9144
vn 0.2474 0.3658 -0.8972
vn -0.6184 -0.3381 0.7094
vn -0.2948 -0.4430 0.8467
vn 0.9686 -0.1495 0.1987
vn -0.2465 -0.7028 -0.6673
vn -0.3542 -0.4959 -0.7929
vn -0.3486 0.9217 -0.1704
vn -0.0783 0.9806 0.1797
vn 0.3677 0.5893 0.7194
vn -0.2076 -0.3446 0.9155
vn -0.2657 -0.3164 0.9107
vn 0.7747 -0.5006 0.3864
vn -0.5419 -0.2334 -0.8074
vn -0.8906 -0.2817 0.3569
vn -0.7122 -0.0887 0.6963
vn 0.7916 0.1384 -0.5952
vn 0.6145 -0.5091 0.6026
vn -0.7833 -0.5130 0.3511
vn 0.6466 -0.5372 -0.5416
vn 0.7659 -0.5200 -0.3781
vn -0.8229 -0.5502 0.1418
vn 0.4522 -0.4716 -0.7570
vn -0.7941 -0.4786 -0.3746
vn -0.8237 -0.3204 -0.4678
vn 0.8454 -0.5159 -0.1381
vn -0.9054 -0.3142 -0.2855
vn -0.9056 -0.3129 -0.2862
vn -0.9038 -0.3220 -0.2819
vn 0.8517 -0.5051 0.1396
vn -0.9326 -0.2920 -0.2121
vn -0.9637 -0.2664 -0.0199
vn 0.5941 -0.2283 0.7713
vn -0.9358 -0.3363 -0.1063
vn 0.3652 -0.0338 0.9303
vn -0.9519 -0.2085 0.2244
vn -0.9550 -0.2062 0.2133
vn -0.9555 -0.2048 0.2125
vn -0.9650 -0.2138 0.1520
vn -0.9045 0.0748 0.4198
vn 0.7836 -0.4129 -0.4642
vn -0.7148 0.1404 0.6851
vn 0.7876 -0.4543 -0.4164
vn 0.7950 -0.4570 -0.3988
vn -0.2832 0.1913 0.9398
vn 0.0998 -0.0691 0.9926
vn -0.5988 -0.5063 0.6206
vn 0.8432 -0.5320 -0.0773
vn -0.1046 -0.6010 0.7924
vn -0.0495 -0.1988 -0.9788
vn -0.0590 0.0738 -0.9955
vn -0.2774 -0.3703 -0.8865
vn 0.2437 0.7749 -0.5832
vn 0.2570 0.8189 -0.5132
vn -0.8994 -0.3745 -0.2254
vn -0.0171 0.5122 0.8587
vn 0.1685 0.9183 0.3583
vn 0.1279 0.8874 0.4428
vn 0.6985 -0.3675 0.6141
vn 0.9420 0.3073 0.1350
vn 0.0271 0.6664 0.7451
vn 0.7678 -0.5373 -0.3489
vn -0.9591 -0.2698 -0.0856
vn -0.9658 -0.2563 -0.0379
vn 0.9256 -0.3743 -0.0563
vn -0.9701 -0.2412 0.0282
vn 0.9403 -0.3396 -0.0214
vn 0.9369 -0.3496 0.0076
vn -0.9559 -0.2320 0.1801
vn -0.9396 -0.1702 0.2968
vn -0.4920 0.8453 -0.2085
vn 0.3928 0.9133 0.1077
vn 0.1821 0.3804 -0.9067
vn 0.2842 0.3911 -0.8754
vn -0.7935 0.2630 -0.5488
vn 0.3229 0.4212 -0.8475
vn 0.4351 0.4456 -0.7824
vn -0.8611 0.2930 -0.4155
vn 0.8573 0.0146 0.5146
vn -0.5247 -0.2605 0.8105
vn -0.7715 -0.0187 0.6360
vn -0.9181 0.1404 0.3705
vn -0.0755 0.0468 0.9961
vn 0.8012 -0.4093 0.4365
vn 0.8108 0.3855 -0.4404
vn 0.8822 0.4325 -0.1864
vn 0.4872 -0.1457 -0.8610
vn 0.9507 -0.2042 0.2333
vn 0.7284 -0.3581 0.5841
vn -0.8343 -0.4059 0.3730
vn 0.7321 -0.4422 0.5182
vn 0.4216 -0.3429 -0.8394
vn 0.6309 -0.4424 -0.6374
vn -0.9418 -0.2697 -0.2006
vn -0.9710 -0.2237 -0.0849
vn 0.8180 0.0352 0.5741
vn 0.2052 0.1098 0.9725
vn 0.7179 -0.3149 -0.6209
vn -0.9118 0.0870 0.4012
vn -0.1324 0.2427 0.9610
vn 0.8297 -0.4214 -0.3660
vn -0.4124 -0.4409 0.7972
vn 0.8449 -0.4694 -0.2566
vn 0.8454 -0.4690 -0.2557
vn 0.8500 -0.4654 -0.2467
vn 0.8506 -0.4650 -0.2454
vn 0.8581 -0.5014 -0.1105
vn -0.4474 -0.3934 0.8032
vn -0.4705 -0.4236 0.7741
vn -0.3737 -0.4564 0.8075
vn -0.3783 -0.4699 0.7976
vn 0.7880 -0.5583 0.2595
vn -0.1984 -0.4898 0.8490
vn 0.7765 -0.5312 0.3388
vn -0.2467 -0.5345 0.8084
vn -0.0061 -0.4872 0.8732
vn -0.1748 -0.4686 0.8659
vn -0.1748 -0.4687 0.8659
vn -0.1750 -0.4688 0.8658
vn 0.3615 -0.6485 0.6699
vn 0.4101 -0.6355 0.6542
vn -0.0493 -0.5138 0.8565
vn -0.0068 -0.4967 0.8679
vn 0.0947 -0.6153 0.7826
vn -0.0633 -0.2303 -0.9711
vn -0.0952 -0.2269 -0.9692
vn -0.0612 0.3627 -0.9299
vn 0.0314 0.2383 -0.9707
vn 0.0070 0.4003 -0.9163
vn 0.1669 0.5624 -0.8099
vn -0.5663 -0.3598 -0.7415
vn 0.2118 0.7078 -0.6739
vn -0.5774 -0.3626 -0.7315
vn 0.2229 0.7887 -0.5730
vn 0.2266 0.9104 -0.3463
vn 0.2239 0.9135 -0.3398
vn 0.2214 0.9121 -0.3450
vn 0.2363 0.9453 -0.2250
vn 0.2207 0.9644 -0.1460
vn 0.1830 0.9749 0.1266
vn 0.2183 0.9759 -0.0009
vn 0.1908 0.9590 0.2097
vn 0.0189 0.6865 0.7269
vn 0.0598 0.8208 0.5681
vn 0.0638 0.8209 0.5675
vn 0.0663 0.8235 0.5634
vn 0.1128 0.8940 0.4337
vn 0.8593 -0.4318 -0.2741
vn 0.8819 -0.4080 -0.2363
vn 0.8872 -0.4112 -0.2093
vn -0.9731 -0.2300 -0.0097
vn 0.9325 -0.3448 -0.1071
vn -0.9527 -0.2279 0.2008
vn -0.9508 -0.1413 0.2756
vn 0.9076 -0.3662 0.2052
vn -0.3101 0.9387 -0.1509
vn -0.1788 0.6339 0.7525
vn -0.9543 -0.0385 -0.2962
vn -0.5895 0.6315 -0.5038
vn 0.4632 0.4752 -0.7481
vn -0.6670 0.7444 -0.0312
vn -0.4868 -0.2109 0.8476
vn 0.8795 -0.3695 0.2998
vn 0.8779 -0.3762 0.2962
vn 0.8780 -0.3762 0.2959
vn -0.8198 -0.0136 0.5725
vn -0.9728 0.0816 -0.2167
vn -0.4151 -0.1172 -0.9022
vn 0.4861 -0.8618 0.1451
vn -0.6745 -0.0096 0.7382
vn 0.1063 -0.0253 0.9940
vn 0.7877 -0.3900 0.4769
vn 0.7356 -0.3639 0.5713
vn -0.8045 -0.3022 0.5114
vn 0.6168 -0.4279 0.6607
vn -0.8996 -0.2888 -0.3275
vn -0.8529 -0.3426 -0.3940
vn 0.7580 -0.4388 -0.4826
vn -0.8375 -0.2899 -0.4632
vn -0.9033 -0.3244 -0.2807
vn 0.9025 -0.4112 0.1283
vn 0.9013 -0.4129 0.1310
vn 0.9011 -0.4132 0.1314
vn 0.7198 -0.3088 0.6217
vn 0.7374 -0.3498 0.5778
vn 0.5596 -0.3026 0.7715
vn 0.6875 -0.3041 0.6595
vn 0.6354 -0.2341 0.7358
vn 0.5475 -0.1589 0.8216
vn 0.2476 0.1524 0.9568
vn 0.4135 0.2002 0.8882
vn -0.9850 -0.1670 0.0437
vn -0.8503 -0.2901 0.4390
vn 0.7797 -0.2686 -0.5657
vn -0.7473 0.1759 0.6408
vn -0.4666 0.3787 0.7993
vn 0.8532 -0.5089 0.1141
vn -0.1746 -0.4685 0.8661
vn -0.3869 -0.2635 -0.8837
vn 0.0069 -0.0814 -0.9967
vn -0.0358 -0.0451 -0.9983
vn 0.0218 0.0304 -0.9993
vn 0.0360 0.3518 -0.9354
vn -0.4688 -0.2599 -0.8442
vn 0.1709 0.6148 -0.7699
vn -0.7056 -0.3019 -0.6411
vn 0.2125 0.8450 -0.4906
vn 0.2214 0.9129 -0.3429
vn 0.2226 0.9148 -0.3371
vn -0.8822 -0.2589 -0.3932
vn 0.1612 0.9776 0.1353
vn 0.1167 0.9228 0.3671
vn 0.9846 0.0799 0.1558
vn 0.0198 0.7285 0.6847
vn 0.0680 0.8236 0.5631
vn 0.8236 -0.4334 -0.3659
vn -0.9727 -0.1748 0.1528
vn -0.9387 -0.1546 0.3083
vn 0.9513 -0.2976 0.0807
vn -0.9186 -0.0731 0.3885
vn -0.8654 -0.0769 0.4951
vn -0.3051 0.9412 -0.1449
vn -0.6300 0.7755 -0.0403
vn -0.2407 0.8737 0.4228
vn 0.0456 0.9749 0.2181
vn -0.0686 0.9891 -0.1302
vn -0.5662 0.8143 -0.1278
vn -0.6808 0.6762 -0.2817
vn -0.9875 0.1242 -0.0972
vn -0.2069 0.5912 -0.7795
vn -0.1849 -0.0560 -0.9812
vn -0.4086 0.0390 -0.9119
vn -0.9064 -0.4196 0.0483
vn 0.7072 -0.4815 0.5177
vn -0.4647 -0.1721 0.8686
vn 0.3443 -0.2174 0.9133
vn -0.7020 -0.2250 0.6757
vn 0.4789 -0.2245 -0.8487
vn -0.1609 -0.3600 -0.9190
vn 0.0361 -0.9715 -0.2344
vn -0.8450 -0.2814 0.4548
vn 0.7034 -0.6742 0.2250
vn 0.7426 -0.6141 0.2672
vn -0.3031 -0.7827 0.5437
vn -0.0156 -0.9553 0.2951
vn 0.2052 -0.9382 -0.2789
vn 0.7886 -0.5793 -0.2064
vn -0.4168 -0.8127 0.4071
vn 0.0625 -0.9852 0.1595
vn -0.8860 -0.3442 0.3106
vn 0.5802 -0.4482 0.6801
vn -0.1259 -0.9894 0.0727
vn 0.7054 -0.4494 0.5481
vn 0.7597 -0.4633 -0.4564
vn -0.9122 -0.4005 0.0859
vn 0.4281 -0.3232 -0.8440
vn 0.6332 -0.3800 -0.6743
vn -0.9164 0.3896 -0.0915
vn 0.8017 -0.3569 -0.4795
vn 0.9140 -0.3887 -0.1160
vn 0.9026 -0.4111 0.1279
vn 0.8465 -0.3403 0.4095
vn 0.6077 -0.1055 -0.7871
vn 0.5933 -0.1279 -0.7947
vn 0.6419 -0.1491 -0.7522
vn 0.6434 -0.1510 -0.7505
vn 0.6370 -0.1435 -0.7574
vn -0.9516 -0.2146 0.2201
vn 0.6958 -0.1801 -0.6953
vn 0.8016 -0.2878 -0.5240
vn -0.6691 -0.2587 0.6967
vn 0.8036 -0.3043 -0.5114
vn -0.4871 -0.2609 0.8335
vn -0.4881 -0.2671 0.8309
vn -0.4866 -0.2589 0.8343
vn -0.3249 -0.2241 0.9188
vn -0.3333 -0.2161 0.9177
vn -0.3351 -0.2164 0.9170
vn -0.3344 -0.2149 0.9176
vn -0.6154 -0.2855 0.7347
vn -0.6332 -0.3243 0.7028
vn 0.9210 -0.3813 -0.0800
vn 0.9218 -0.3829 0.0603
vn -0.2799 -0.3696 0.8860
vn -0.1293 -0.3228 0.9376
vn -0.0143 -0.3425 0.9394
vn 0.1067 0.1612 -0.9811
vn 0.0304 0.5500 -0.8346
vn 0.1568 0.6495 -0.7440
vn -0.7546 -0.2263 -0.6160
vn -0.8213 -0.2636 -0.5059
vn -0.8435 -0.2410 -0.4801
vn 0.2005 0.9707 -0.1321
vn 0.1857 0.9790 -0.0840
vn 0.1476 0.9561 0.2531
vn 0.1795 0.9646 0.1932
vn -0.9305 -0.2177 -0.2947
vn 0.1285 0.9036 0.4086
vn 0.9054 0.2277 -0.3584
vn 0.8120 0.5529 0.1871
vn 0.8128 0.5518 0.1869
vn 0.8146 0.5493 0.1864
vn 0.0679 0.8216 0.5661
vn 0.9546 0.2042 0.2169
vn -0.9704 -0.1554 -0.1847
vn -0.9772 -0.2120 -0.0078
vn 0.9728 -0.2058 -0.1064
vn -0.9767 -0.1523 0.1515
vn 0.9596 -0.2761 0.0539
vn 0.9430 -0.3033 0.1369
vn -0.8963 -0.1086 0.4301
vn -0.8815 -0.0158 0.4719
vn -0.8815 -0.0150 0.4720
vn -0.8816 -0.0165 0.4717
vn -0.6440 0.7062 -0.2941
vn -0.8059 -0.0507 -0.5899
vn 0.5876 -0.7028 0.4010
vn -0.2667 -0.1023 0.9583
vn -0.2636 -0.1056 0.9588
vn -0.2604 -0.1050 0.9598
vn -0.6783 -0.1015 0.7278
vn 0.8024 -0.5463 0.2401
vn -0.4239 -0.4787 -0.7688
vn 0.1459 -0.3285 -0.9332
vn 0.5742 -0.4834 -0.6607
vn 0.6547 -0.3440 -0.6731
vn 0.3095 0.0483 0.9497
vn -0.6240 0.4801 0.6165
vn -0.7531 0.3571 0.5526
vn 0.8697 -0.3067 -0.3868
vn 0.6187 -0.7856 0.0080
vn -0.2810 -0.8691 0.4071
vn 0.6122 -0.7905 -0.0182
vn -0.0029 -0.8995 0.4368
vn 0.9160 -0.3980 0.0506
vn -0.9151 -0.3901 0.1021
vn 0.5115 -0.2899 -0.8089
vn 0.8086 -0.2834 -0.5156
vn 0.8698 -0.2845 -0.4032
vn -0.8589 -0.1456 -0.4910
vn 0.9238 -0.3215 -0.2079
vn 0.8333 -0.3513 0.4269
vn -0.9521 -0.2050 -0.2269
vn -0.9637 -0.1618 -0.2124
vn -0.9849 -0.1331 -0.1110
vn 0.3383 -0.2907 0.8950
vn 0.1094 -0.2323 0.9665
vn -0.9797 -0.1914 0.0604
vn 0.6358 -0.1424 -0.7586
vn -0.7871 -0.2405 0.5681
vn -0.6273 -0.2257 0.7453
vn -0.4884 -0.2695 0.8299
vn 0.8716 -0.2883 -0.3966
vn 0.8690 -0.2585 -0.4220
vn -0.4862 -0.2576 0.8350
vn -0.5261 -0.2468 0.8138
vn -0.6129 -0.2417 0.7523
vn -0.3758 -0.3656 0.8515
vn -0.2558 -0.3161 0.9136
vn 0.8353 -0.4117 0.3644
vn -0.0671 -0.3069 0.9494
vn 0.4633 -0.4026 0.7895
vn -0.2305 -0.1180 -0.9659
vn -0.1424 -0.1232 -0.9821
vn 0.1004 0.2642 -0.9592
vn 0.1136 0.4347 -0.8934
vn 0.1584 0.6618 -0.7328
vn -0.7435 -0.3318 -0.5806
vn 0.2308 0.8363 -0.4973
vn 0.1914 0.9548 -0.2275
vn 0.1918 0.9814 -0.0036
vn 0.2380 0.9677 -0.0831
vn 0.1748 0.9120 0.3711
vn -0.9198 -0.2111 -0.3308
vn 0.9485 -0.2399 -0.2069
vn -0.9906 -0.0899 0.1033
vn 0.8798 -0.3681 0.3006
vn -0.8207 0.0029 -0.5713
vn 0.1235 -0.0635 0.9903
vn -0.9948 -0.0569 -0.0849
vn 0.4102 -0.2378 0.8805
vn 0.5199 -0.1363 0.8433
vn -0.2629 -0.0985 0.9598
vn 0.6395 -0.4991 0.5848
vn -0.7047 -0.0442 0.7081
vn 0.7760 -0.3614 0.5170
vn 0.7703 -0.3677 0.5210
vn 0.7769 -0.3604 0.5163
vn 0.7668 -0.3996 -0.5024
vn -0.2937 -0.6461 0.7045
vn -0.4220 -0.5260 -0.7384
vn -0.2881 -0.5582 -0.7781
vn -0.2948 0.0716 0.9529
vn -0.9306 0.2919 0.2207
vn 0.0230 -0.8562 0.5161
vn 0.3501 -0.1632 -0.9224
vn 0.2883 -0.8874 0.3598
vn 0.7554 -0.2741 -0.5952
vn 0.7880 -0.2609 -0.5577
vn -0.8973 -0.1685 -0.4079
vn -0.8486 -0.1224 -0.5147
vn -0.9382 -0.1964 -0.2851
vn 0.7493 -0.1995 0.6315
vn 0.7486 -0.2018 0.6315
vn 0.7488 -0.2013 0.6315
vn -0.9844 -0.1490 -0.0940
vn -0.9867 -0.1628 -0.0003
vn 0.5782 -0.0886 -0.8111
vn 0.7411 -0.1509 -0.6542
vn -0.3569 -0.1311 0.9249
vn 0.9152 -0.3057 -0.2626
vn -0.5952 -0.2276 0.7707
vn -0.5084 -0.2956 0.8088
vn 0.9426 -0.3217 0.0893
vn -0.4112 -0.2565 0.8747
vn 0.0086 -0.2901 0.9570
vn 0.0049 -0.0219 -0.9997
vn 0.0274 0.0473 -0.9985
vn 0.2143 0.0967 -0.9720
vn 0.2131 0.0957 -0.9723
vn 0.2048 0.0896 -0.9747
vn 0.1372 0.6592 -0.7394
vn 0.2377 0.7481 -0.6195
vn 0.2503 0.8992 -0.3588
vn 0.2842 0.9238 -0.2566
vn 0.2241 0.9740 0.0338
vn 0.6552 0.5975 -0.4624
vn 0.6428 0.6484 -0.4078
vn 0.8878 0.4602 -0.0031
vn 0.8153 0.5483 0.1863
vn 0.8547 -0.2142 -0.4729
vn 0.9284 -0.2436 -0.2808
vn 0.8942 -0.2537 -0.3687
vn -0.9782 -0.1158 -0.1725
vn 0.9365 -0.1844 -0.2981
vn 0.9488 -0.1941 -0.2490
vn 0.9709 -0.2200 -0.0947
vn 0.9741 -0.2236 -0.0332
vn 0.9758 -0.2172 -0.0270
vn 0.9743 -0.2230 -0.0330
vn 0.9758 -0.2171 -0.0265
vn -0.9733 -0.0299 0.2278
vn 0.9696 -0.2412 0.0414
vn -0.9628 -0.0057 0.2703
vn -0.8821 -0.0257 0.4703
vn -0.7957 0.3445 -0.4982
vn -0.1386 0.2653 -0.9541
vn -0.0571 0.1662 -0.9844
vn -0.3343 0.2952 -0.8950
vn -0.5376 0.2532 -0.8043
vn -0.7763 0.0981 -0.6226
vn -0.7645 0.1128 -0.6347
vn 0.6530 -0.1107 -0.7493
vn -0.7573 -0.4116 0.5071
vn -0.7615 -0.0687 0.6445
vn 0.0680 0.5684 0.8199
vn 0.6441 0.3790 -0.6645
vn 0.3319 -0.4117 -0.8487
vn 0.5369 -0.1652 0.8273
vn -0.9940 0.0397 0.1019
vn 0.7620 -0.1886 0.6196
vn 0.7693 -0.3687 0.5217
vn -0.7740 -0.6312 -0.0498
vn -0.7590 -0.0712 0.6472
vn 0.8053 -0.3754 -0.4590
vn -0.8650 -0.0718 0.4967
vn 0.2337 -0.1288 -0.9637
vn 0.6425 -0.1115 -0.7582
vn 0.6926 -0.1294 -0.7097
vn 0.5151 -0.1319 -0.8469
vn -0.4962 -0.6469 0.5791
vn 0.2956 -0.7726 0.5619
vn -0.8920 -0.1263 -0.4341
vn 0.8684 -0.1567 -0.4705
vn -0.9193 -0.0921 -0.3827
vn 0.9631 -0.2159 0.1610
vn 0.9537 -0.2387 0.1829
vn 0.8576 -0.2788 0.4323
vn 0.7493 -0.1991 0.6315
vn 0.6207 -0.1144 0.7757
vn 0.5486 -0.1876 0.8148
vn -0.9948 -0.0904 -0.0460
vn 0.0764 -0.0619 0.9952
vn -0.9509 -0.2121 0.2255
vn -0.9095 -0.2211 0.3519
vn -0.4984 -0.1892 0.8461
vn -0.5056 -0.1817 0.8434
vn -0.5061 -0.1813 0.8432
vn 0.8823 -0.2071 -0.4227
vn 0.9482 -0.2597 -0.1829
vn 0.9502 -0.2535 -0.1814
vn 0.9521 -0.2473 -0.1799
vn 0.9390 -0.2873 0.1890
vn -0.3988 -0.1618 0.9026
vn -0.4053 -0.1197 0.9063
vn -0.2643 -0.1727 0.9489
vn -0.0349 -0.1495 0.9881
vn -0.1633 -0.1695 0.9719
vn 0.7483 -0.3232 0.5793
vn -0.2780 0.0200 -0.9604
vn -0.2797 0.0192 -0.9599
vn -0.2793 0.0195 -0.9600
vn -0.0819 0.0016 -0.9966
vn 0.2042 0.0896 -0.9748
vn 0.2070 0.3806 -0.9013
vn 0.2106 0.3744 -0.9030
vn 0.2095 0.3763 -0.9025
vn 0.2058 0.3826 -0.9007
vn 0.3327 0.7112 -0.6193
vn 0.3434 0.6571 -0.6710
vn 0.3964 0.7798 -0.4845
vn 0.7050 0.5082 -0.4947
vn -0.8811 -0.0768 -0.4666
vn -0.9162 -0.1101 -0.3854
vn -0.9463 -0.0557 0.3184
vn -0.9320 -0.0394 0.3602
vn -0.9341 0.0076 0.3570
vn -0.8883 0.0389 0.4576
vn -0.8852 0.0466 0.4628
vn -0.8850 0.0467 0.4632
vn 0.2186 0.8286 -0.5154
vn -0.7621 -0.0502 -0.6456
vn 0.5487 -0.3465 0.7608
vn -0.9002 0.1563 -0.4066
vn -0.5254 -0.0746 0.8476
vn -0.9687 -0.1297 -0.2114
vn 0.6742 -0.6174 0.4053
vn -0.9983 0.0430 -0.0405
vn -0.3041 -0.7561 0.5795
vn 0.1232 -0.9172 0.3789
vn -0.9121 -0.0990 0.3977
vn -0.8692 -0.1731 0.4632
vn -0.3041 -0.1042 0.9469
vn -0.7847 -0.0523 0.6176
vn 0.9213 -0.0262 -0.3880
vn 0.7234 -0.1812 0.6662
vn -0.9510 -0.1343 0.2784
vn -0.9510 -0.1330 0.2791
vn -0.9510 -0.1333 0.2789
vn -0.9884 -0.0118 0.1512
vn 0.9987 -0.0060 -0.0515
vn 0.9703 -0.2272 0.0832
vn -0.9914 -0.1054 0.0780
vn 0.9992 -0.0027 0.0393
vn 0.9992 -0.0031 0.0389
vn 0.9994 -0.0056 0.0339
vn 0.7267 -0.1904 -0.6601
vn 0.3935 -0.0038 -0.9193
vn -0.8507 -0.1260 -0.5104
vn -0.9813 -0.1670 0.0962
vn 0.3149 -0.0395 -0.9483
vn 0.5364 -0.0993 -0.8381
vn -0.0403 -0.9902 0.1336
vn 0.9124 -0.0162 0.4090
vn 0.7214 -0.6926 -0.0046
vn 0.1516 -0.1159 -0.9816
vn 0.8377 -0.5428 0.0595
vn 0.0714 -0.8518 0.5190
vn -0.9616 -0.1058 -0.2533
vn 0.8060 -0.2108 -0.5531
vn 0.8735 -0.1029 -0.4759
vn 0.9733 -0.1487 -0.1746
vn 0.9158 -0.1906 0.3535
vn 0.8613 -0.0839 0.5012
vn -0.9882 -0.1000 0.1160
vn 0.8280 -0.1687 -0.5347
vn -0.6005 -0.1626 0.7829
vn 0.8432 -0.1543 -0.5150
vn -0.5064 -0.1809 0.8431
vn -0.3878 -0.0992 0.9164
vn -0.5414 -0.1102 0.8335
vn 0.9522 -0.2471 -0.1798
vn 0.9737 -0.2085 -0.0920
vn -0.2769 -0.1502 0.9491
vn -0.0257 -0.1352 0.9905
vn -0.1258 -0.0939 0.9876
vn -0.0249 -0.1545 0.9877
vn -0.0196 0.0220 -0.9996
vn -0.4653 -0.0132 -0.8851
vn -0.3736 0.0300 -0.9271
vn -0.5873 0.0250 -0.8090
vn 0.3665 -0.0554 -0.9288
vn 0.3662 -0.0548 -0.9289
vn 0.3664 -0.0551 -0.9288
vn 0.4858 -0.1145 -0.8666
vn -0.7967 -0.0660 -0.6008
vn 0.4730 -0.1318 -0.8711
vn -0.9964 -0.0463 -0.0717
vn -0.9972 -0.0572 -0.0483
vn -0.9978 -0.0113 0.0660
vn -0.9957 -0.0228 0.0893
vn 0.9917 -0.1127 0.0614
vn 0.9832 -0.0919 0.1575
vn 0.9829 -0.0881 0.1617
vn 0.9829 -0.0882 0.1617
vn -0.8851 0.0474 0.4630
vn 0.9496 -0.0975 0.2978
vn -0.8791 0.4670 -0.0951
vn -0.1181 0.3966 -0.9104
vn -0.6403 0.4654 -0.6110
vn 0.5943 -0.3262 0.7351
vn -0.2639 -0.0969 0.9597
vn 0.8562 -0.0602 0.5132
vn 0.9015 -0.2826 0.3277
vn 0.7409 -0.4463 0.5019
vn 0.6929 -0.0907 -0.7154
vn -0.9962 0.0759 -0.0417
vn -0.9946 0.1005 -0.0273
vn 0.3239 -0.7130 0.6219
vn 0.8961 -0.3501 0.2728
vn 0.7955 -0.0223 -0.6055
vn 0.3979 -0.7433 0.5378
vn -0.0261 -0.2074 0.9779
vn 0.5128 -0.1930 0.8365
vn -0.6131 0.0057 0.7900
vn 0.7408 -0.1741 0.6487
vn 0.8271 -0.2564 0.5002
vn -0.9510 -0.1357 0.2777
vn -0.9971 -0.0756 0.0078
vn -0.9971 -0.0752 0.0079
vn -0.9971 -0.0759 0.0077
vn -0.9851 -0.1530 0.0787
vn -0.8039 -0.1662 -0.5711
vn -0.8905 -0.2856 -0.3542
vn 0.8607 0.0905 0.5011
vn -0.9812 -0.1911 -0.0253
vn -0.3406 -0.4266 -0.8378
vn 0.8350 0.1029 0.5405
vn 0.8220 0.0830 0.5634
vn 0.9546 0.2129 -0.2084
vn 0.8635 -0.0056 -0.5042
vn 0.9701 -0.0183 -0.2422
vn -0.9219 -0.0695 -0.3811
vn -0.9731 -0.0509 -0.2248
vn 0.7465 -0.1333 0.6519
vn -0.9927 -0.0166 -0.1191
vn -0.9924 -0.0156 -0.1221
vn -0.9928 -0.0167 -0.1190
vn 0.5730 -0.1142 0.8115
vn 0.6042 -0.0843 0.7924
vn 0.9744 -0.0426 0.2208
vn 0.2924 -0.0262 0.9559
vn 0.7507 -0.1135 -0.6508
vn 0.9619 -0.1625 0.2197
vn 0.9566 -0.1143 0.2681
vn 0.7672 -0.1922 0.6119
vn 0.7881 -0.1707 0.5914
vn 0.5568 -0.0308 0.8301
vn 0.0152 -0.0955 0.9953
vn -0.2776 0.0201 -0.9605
vn 0.1562 -0.0606 -0.9859
vn 0.1522 -0.0588 -0.9866
vn 0.1557 -0.0523 -0.9864
vn 0.2102 -0.1178 -0.9705
vn 0.5192 -0.1499 -0.8414
vn 0.6605 -0.0611 -0.7483
vn -0.8839 -0.0891 -0.4592
vn 0.7940 -0.0982 -0.5999
vn 0.7577 -0.1220 -0.6411
vn 0.8433 -0.1282 -0.5220
vn 0.9859 -0.0798 -0.1474
vn 0.9848 -0.1360 -0.1083
vn -0.9880 0.0173 0.1537
vn 0.9953 -0.0904 -0.0334
vn -0.9775 0.0021 0.2109
vn 0.9931 -0.0845 0.0813
vn -0.9104 0.0578 0.4096
vn 0.9825 -0.0844 0.1659
vn 0.9535 -0.0865 0.2886
vn -0.3440 0.3337 -0.8777
vn -0.2000 0.1542 -0.9676
vn 0.8653 -0.0479 0.4989
vn -0.5334 0.3159 -0.7846
vn -0.7736 0.4339 -0.4619
vn -0.7600 0.4435 -0.4751
vn 0.5859 -0.2898 0.7568
vn -0.8292 0.4407 -0.3439
vn 0.7971 0.3154 0.5150
vn 0.3123 0.5747 0.7564
vn -0.6038 0.7613 0.2364
vn 0.0437 0.9983 -0.0397
vn 0.8201 0.5429 0.1810
vn 0.4127 -0.2317 0.8809
vn -0.9542 -0.0373 0.2968
vn 0.8350 -0.2871 0.4695
vn 0.9994 -0.0062 0.0326
vn 0.3987 0.1439 -0.9057
vn -0.6328 0.7007 -0.3296
vn 0.3168 0.9248 -0.2108
vn -0.2029 0.8288 -0.5214
vn -0.3475 0.8789 0.3267
vn 0.6231 0.6269 -0.4678
vn 0.1485 0.9313 0.3325
vn 0.5799 0.3522 0.7347
vn -0.9304 -0.0176 -0.3661
vn 0.8710 0.0864 -0.4837
vn 0.8690 0.1039 -0.4838
vn 0.9471 0.0855 -0.3094
vn 0.9693 0.0212 -0.2449
vn 0.9323 0.0259 0.3607
vn 0.9323 0.0256 0.3608
vn 0.9333 0.0287 0.3580
vn -0.9928 -0.0168 -0.1187
vn -0.9449 0.0427 0.3246
vn 0.7782 -0.1033 -0.6195
vn -0.9088 -0.0235 0.4166
vn -0.8196 -0.0085 0.5728
vn -0.8009 -0.0234 0.5984
vn -0.6692 -0.0219 0.7428
vn 0.9194 -0.0858 -0.3839
vn -0.4032 -0.0015 0.9151
vn -0.4063 0.0001 0.9138
vn -0.4058 -0.0001 0.9140
vn -0.6422 -0.0145 0.7664
vn 0.9612 -0.0764 -0.2652
vn -0.6093 0.0094 0.7929
vn -0.6098 0.0102 0.7925
vn -0.6094 0.0095 0.7928
vn -0.5133 0.0178 0.8580
vn -0.2642 0.0653 0.9623
vn -0.2415 0.0316 0.9699
vn -0.0323 0.0465 0.9984
vn -0.1067 0.0581 0.9926
vn -0.0598 -0.0515 -0.9969
vn 0.0015 -0.0367 -0.9993
vn 0.0011 -0.0362 -0.9993
vn -0.0024 -0.0315 -0.9995
vn 0.3300 -0.0465 -0.9428
vn 0.3659 -0.0543 -0.9291
vn -0.7728 -0.0269 -0.6340
vn 0.6237 -0.0996 -0.7753
vn -0.9609 -0.0225 -0.2761
vn 0.9388 -0.0561 -0.3399
vn 0.9998 -0.0181 -0.0118
vn -0.8831 0.0489 0.4667
vn -0.8338 0.0245 0.5516
vn -0.1979 0.8142 0.5458
vn 0.2817 0.1609 -0.9459
vn 0.2848 0.1591 -0.9453
vn 0.2823 0.1604 -0.9458
vn 0.2856 0.1587 -0.9451
vn -0.7279 -0.0051 -0.6856
vn -0.9728 0.0875 -0.2144
vn -0.3642 0.3760 0.8520
vn -0.1464 0.0860 0.9855
vn -0.3745 0.8918 -0.2540
vn 0.5950 0.5410 0.5943
vn -0.6332 0.0798 0.7699
vn 0.3827 0.7733 0.5054
vn -0.7380 0.1088 0.6659
vn 0.9652 0.2599 0.0273
vn 0.5150 0.1105 -0.8500
vn -0.8944 0.0668 0.4422
vn -0.9298 -0.0600 0.3631
vn 0.7339 -0.0909 0.6731
vn 0.9846 0.0352 -0.1711
vn -0.9730 -0.0603 0.2227
vn 0.6143 0.6846 0.3924
vn 0.6148 0.6844 0.3918
vn 0.6127 0.6851 0.3939
vn 0.8753 0.1008 -0.4730
vn 0.4481 0.1876 -0.8741
vn 0.4486 0.1875 -0.8739
vn 0.4494 0.1874 -0.8734
vn -0.7377 0.5769 0.3507
vn 0.6122 0.6853 0.3943
vn 0.4479 0.1877 -0.8742
vn 0.5144 0.2768 -0.8117
vn 0.5795 0.2661 -0.7703
vn -0.8471 -0.0546 -0.5286
vn -0.9638 0.0057 -0.2666
vn 0.9851 0.0735 0.1553
vn 0.9807 0.0520 0.1884
vn -0.9688 0.0013 -0.2479
vn 0.7716 0.0173 0.6358
vn 0.7720 0.0154 0.6354
vn 0.7716 0.0170 0.6358
vn 0.6226 0.0023 0.7825
vn -0.9981 0.0203 -0.0582
vn -0.9981 0.0198 -0.0583
vn -0.9979 0.0220 -0.0613
vn 0.1412 -0.0425 0.9891
vn 0.3964 -0.0194 0.9179
vn 0.0100 0.0048 0.9999
vn 0.5963 -0.0310 -0.8021
vn 0.6561 -0.0406 -0.7536
vn 0.7102 -0.0519 -0.7021
vn -0.4873 0.0550 0.8715
vn -0.6252 0.0070 0.7804
vn 0.9704 -0.0380 -0.2386
vn -0.6089 0.0089 0.7932
vn 0.9958 0.0211 -0.0894
vn -0.4011 0.0557 0.9144
vn 0.9535 0.0521 0.2967
vn -0.1534 0.0931 0.9838
vn 0.0587 0.1764 0.9826
vn 0.1551 -0.0515 -0.9866
vn 0.1744 -0.0091 -0.9846
vn 0.9871 -0.0195 -0.1588
vn -0.2381 0.8535 0.4635
vn -0.2639 0.8433 0.4681
vn -0.6264 0.5389 -0.5633
vn -0.4612 0.3297 0.8237
vn -0.7687 0.1747 0.6153
vn 0.4943 0.0870 -0.8649
vn 0.5650 0.0830 -0.8209
vn 0.7695 0.0049 -0.6387
vn -0.4534 0.6544 0.6051
vn 0.8559 -0.0191 0.5168
vn 0.8582 -0.0128 0.5132
vn 0.8570 -0.0162 0.5151
vn 0.9658 -0.0591 -0.2524
vn -0.9827 0.0358 0.1817
vn -0.9849 -0.0105 -0.1727
vn 0.7632 0.3090 -0.5674
vn -0.9033 0.0502 -0.4260
vn -0.8691 0.0208 -0.4943
vn 0.9638 -0.2174 -0.1543
vn 0.9334 0.0288 0.3577
vn 0.7722 0.0151 0.6353
vn 0.6336 0.0184 0.7734
vn -0.9979 0.0219 -0.0617
vn 0.6074 0.0864 0.7897
vn 0.8428 0.0637 0.5345
vn 0.0512 0.0404 0.9979
vn 0.0529 0.0446 0.9976
vn 0.0510 0.0424 0.9978
vn 0.6443 -0.0283 -0.7643
vn -0.9929 0.0481 0.1090
vn -0.9821 0.0658 0.1767
vn -0.5900 0.0640 0.8049
vn 0.8715 -0.0082 -0.4903
vn -0.4260 0.0916 0.9001
vn 0.9073 -0.0282 -0.4195
vn -0.4002 -0.0031 0.9164
vn -0.4517 0.1192 0.8842
vn 0.9938 -0.0049 -0.1115
vn 0.9998 0.0195 -0.0040
vn -0.4161 0.0715 0.9065
vn -0.3813 0.0726 0.9216
vn 0.8829 0.1754 0.4356
vn 0.0015 0.0834 0.9965
vn 0.8250 0.1743 0.5377
vn -0.0028 -0.0309 -0.9995
vn 0.0758 -0.0647 -0.9950
vn -0.5389 -0.0216 -0.8421
vn 0.3086 -0.0209 -0.9510
vn 0.4281 -0.0079 -0.9037
vn 0.4619 -0.0083 -0.8869
vn 0.4632 -0.0056 -0.8863
vn 0.4619 -0.0079 -0.8869
vn 0.9144 -0.0394 -0.4029
vn 0.9976 0.0673 -0.0136
vn 0.9971 0.0741 -0.0162
vn 0.9978 0.0650 -0.0127
vn -0.9636 0.1126 0.2423
vn 0.9884 0.1350 0.0700
vn 0.9551 0.0709 0.2876
vn -0.7708 0.6340 0.0630
vn -0.6506 0.5046 -0.5676
vn -0.5286 0.8488 -0.0105
vn -0.6548 0.4958 0.5704
vn -0.9585 0.1152 0.2608
vn -0.9373 0.0911 0.3363
vn 0.3574 0.1711 0.9181
vn 0.3633 0.1743 0.9152
vn 0.3583 0.1716 0.9177
vn 0.7824 -0.0216 0.6224
vn 0.7216 -0.0911 0.6863
vn -0.3844 0.7078 0.5927
vn 0.6907 0.5358 0.4856
vn 0.8558 -0.0195 0.5169
vn 0.8615 -0.0310 -0.5068
vn 0.9021 0.0374 -0.4299
vn -0.9753 0.0448 -0.2163
vn -0.9819 0.0504 -0.1827
vn -0.9949 0.0787 0.0637
vn 0.8598 0.0260 -0.5099
vn 0.9836 0.1437 0.1092
vn 0.9833 0.1442 0.1112
vn 0.9834 0.1440 0.1103
vn 0.9833 0.1442 0.1114
vn -0.0919 0.2184 0.9715
vn -0.0187 0.2506 0.9679
vn 0.0030 -0.0526 -0.9986
vn 0.0573 -0.0536 -0.9969
vn -0.5534 -0.0422 -0.8318
vn 0.4634 -0.0054 -0.8861
vn 0.5880 -0.0025 -0.8089
vn 0.7707 0.0160 -0.6370
vn -0.9091 0.0635 -0.4118
vn -0.9587 0.0623 -0.2775
vn -0.9654 0.0819 -0.2475
vn 0.9687 0.0029 -0.2484
vn 0.9902 0.0851 -0.1109
vn 0.9901 0.0839 -0.1122
vn 0.9910 0.0755 -0.1101
vn 0.9943 0.0914 0.0551
vn -0.8979 0.1657 0.4079
vn 0.9806 0.1054 0.1654
vn 0.9805 0.1059 0.1658
vn 0.9805 0.1057 0.1656
vn 0.9793 0.1097 0.1700
vn 0.8771 0.0532 0.4773
vn 0.8028 0.0299 0.5955
vn 0.9728 0.2281 0.0417
vn -0.8126 -0.2205 0.5394
vn 0.3643 0.1747 0.9148
vn 0.0502 0.2706 0.9614
vn 0.2757 0.1920 0.9419
vn -0.9328 0.1203 0.3396
vn 0.8237 -0.2843 0.4905
vn 0.6492 -0.1455 0.7466
vn -0.9887 -0.1368 0.0610
vn -0.9560 0.1151 0.2698
vn -0.9864 0.0661 0.1507
vn -0.8802 0.0634 -0.4704
vn 0.9181 0.1420 -0.3701
vn 0.9732 0.1012 -0.2066
vn -0.9530 0.0688 -0.2952
vn 0.7837 0.0941 0.6140
vn 0.0540 0.0428 0.9976
vn 0.8153 0.0192 -0.5788
vn 0.9372 0.1090 -0.3315
vn -0.4224 0.1728 0.8898
vn -0.3524 0.2396 0.9047
vn 0.6428 0.2550 0.7224
vn 0.5595 0.2396 0.7935
vn 0.5161 0.2465 0.8203
vn -0.0417 -0.0952 -0.9946
vn -0.2510 -0.0393 -0.9672
vn -0.2459 -0.0421 -0.9684
vn -0.2498 -0.0400 -0.9675
vn -0.2457 -0.0424 -0.9684
vn 0.1490 -0.0496 -0.9876
vn -0.3941 -0.0430 -0.9181
vn -0.4238 -0.0261 -0.9054
vn 0.3504 -0.2361 -0.9064
vn 0.4861 -0.4084 -0.7726
vn -0.8768 0.1251 -0.4643
vn 0.6522 0.1910 -0.7336
vn 0.8382 0.0686 -0.5410
vn 0.9010 0.0390 -0.4320
vn -0.9931 0.0587 -0.1014
vn -0.9932 0.1004 -0.0582
vn -0.9953 0.0900 0.0348
vn 0.9969 0.0763 -0.0171
vn -0.9340 0.1163 0.3378
vn -0.9093 0.1678 0.3808
vn -0.9002 0.1904 0.3917
vn -0.9071 0.3265 0.2656
vn -0.7722 0.4051 0.4894
vn -0.9474 0.2958 0.1222
vn 0.1057 -0.8530 -0.5110
vn -0.9970 -0.0754 0.0194
vn 0.7094 0.1419 -0.6903
vn 0.3038 0.1976 -0.9320
vn 0.8145 0.5319 0.2317
vn 0.5112 -0.4219 0.7488
vn 0.7681 -0.3822 0.5138
vn 0.4844 0.7192 0.4981
vn 0.7755 0.5181 0.3607
vn 0.9827 0.1685 -0.0774
vn 0.6612 0.3040 0.6859
vn -0.8434 0.3668 0.3925
vn -0.2847 0.6350 0.7181
vn 0.7853 0.2541 0.5646
vn 0.9717 0.2091 -0.1095
vn 0.9129 0.2768 0.2999
vn 0.4418 0.0713 -0.8943
vn 0.5550 0.1760 -0.8130
vn 0.6175 0.1663 -0.7688
vn -0.9138 0.1240 -0.3867
vn 0.7392 0.1377 -0.6593
vn 0.7330 0.1331 -0.6671
vn 0.7320 0.1325 -0.6683
vn 0.7395 0.1381 -0.6589
vn 0.9714 0.1931 0.1382
vn 0.9135 0.1513 0.3777
vn 0.8197 0.1608 0.5498
vn -0.9869 0.1357 -0.0874
vn -0.9870 0.1354 -0.0870
vn -0.9866 0.1371 -0.0885
vn 0.2387 0.1449 0.9602
vn 0.5085 0.1720 0.8437
vn 0.7139 0.0086 -0.7002
vn 0.5738 0.0224 -0.8187
vn -0.7514 0.2274 0.6194
vn -0.6010 0.2767 0.7498
vn 0.8626 0.0747 -0.5004
vn -0.4084 0.2970 0.8631
vn -0.4318 0.2028 0.8789
vn -0.6379 0.2036 0.7427
vn -0.5681 0.1836 0.8022
vn 0.9835 0.1479 -0.1041
vn 0.9754 0.2173 -0.0373
vn -0.3603 0.2517 0.8983
vn 0.9020 0.3040 0.3065
vn 0.9019 0.3038 0.3070
vn 0.9004 0.3016 0.3136
vn 0.9022 0.3042 0.3059
vn -0.2365 0.3170 0.9185
vn -0.1344 0.3115 0.9407
vn 0.1474 -0.3639 -0.9197
vn 0.1857 -0.6969 -0.6927
vn 0.2581 -0.7217 -0.6423
vn 0.1058 -0.8371 -0.5368
vn -0.8009 0.1309 -0.5843
vn 0.2421 -0.8559 -0.4569
vn 0.3503 -0.9305 -0.1066
vn 0.5624 -0.5270 -0.6372
vn 0.9375 0.0060 -0.3478
vn 0.8213 0.0933 -0.5629
vn -0.9786 0.1212 0.1660
vn -0.9660 0.1483 0.2118
vn -0.8780 0.1938 0.4377
vn -0.8380 0.3436 0.4239
vn 0.9139 0.1219 0.3873
vn 0.2518 -0.9392 0.2333
vn -0.5818 -0.5312 -0.6159
vn -0.5317 -0.8156 -0.2281
vn 0.1860 -0.8785 -0.4401
vn -0.7233 -0.3790 0.5772
vn -0.8233 -0.2927 0.4862
vn -0.7939 -0.2554 0.5518
vn 0.8270 -0.0077 -0.5622
vn -0.8941 0.1950 0.4032
vn 0.0234 0.6890 -0.7244
vn 0.8710 0.4169 -0.2598
vn -0.9604 0.1327 0.2451
vn 0.9254 -0.1825 0.3323
vn -0.7839 0.3514 0.5118
vn 0.8679 0.2868 0.4056
vn 0.5544 0.7873 -0.2698
vn -0.9834 0.1788 -0.0308
vn -0.9665 0.0900 -0.2402
vn 0.6414 0.1948 -0.7421
vn -0.8572 0.0651 -0.5108
vn 0.9726 0.2088 0.1021
vn 0.9399 0.2204 0.2607
vn -0.9801 0.1208 -0.1577
vn 0.6843 0.1462 0.7144
vn 0.6340 0.0565 0.7713
vn 0.7314 0.0397 0.6808
vn 0.2462 0.0907 0.9650
vn -0.9836 0.1700 0.0604
vn 0.6404 0.0593 -0.7657
vn 0.6401 0.0595 -0.7660
vn 0.6432 0.0586 -0.7635
vn -0.5850 0.2563 0.7695
vn 0.8909 0.1928 -0.4112
vn 0.9326 0.1571 -0.3248
vn -0.6080 0.2406 0.7566
vn 0.9407 0.2091 -0.2672
vn -0.4495 0.1840 0.8741
vn -0.2199 0.2944 0.9300
vn 0.0094 0.2908 0.9567
vn 0.0094 0.2912 0.9566
vn 0.0091 0.2915 0.9565
vn 0.0051 0.2976 0.9547
vn -0.0975 0.3592 0.9282
vn -0.1753 0.3360 0.9254
vn 0.0099 0.3700 0.9290
vn -0.6711 0.1794 -0.7193
vn 0.2118 -0.9195 -0.3313
vn -0.7867 0.1534 -0.5980
vn 0.1197 -0.9919 0.0427
vn 0.1102 -0.9939 0.0069
vn 0.6714 -0.7050 -0.2287
vn 0.0610 -0.9312 0.3593
vn 0.6495 -0.7505 0.1216
vn 0.9151 0.1029 -0.3898
vn 0.9368 0.1625 -0.3099
vn 0.9366 0.1625 -0.3104
vn 0.9355 0.1625 -0.3136
vn 0.9355 0.1625 -0.3139
vn 0.9618 0.1187 -0.2468
vn 0.9736 0.1353 -0.1839
vn 0.9900 0.0850 -0.1126
vn -0.9868 0.1437 0.0749
vn -0.4343 -0.8147 -0.3843
vn -0.0723 -0.7371 -0.6719
vn -0.4225 -0.8814 0.2112
vn 0.5327 -0.4707 -0.7033
vn -0.7255 -0.3200 -0.6093
vn -0.7094 0.3640 0.6035
vn -0.7591 0.3142 0.5701
vn -0.7417 0.2822 0.6084
vn 0.9133 0.3876 0.1247
vn 0.5477 0.5968 -0.5864
vn 0.3188 0.0986 -0.9427
vn 0.5223 0.5108 0.6829
vn 0.9629 -0.2634 -0.0588
vn -0.3569 0.5365 0.7647
vn 0.7521 0.6560 -0.0629
vn 0.0727 0.9955 0.0613
vn -0.3977 0.8529 0.3381
vn -0.1554 0.9670 -0.2017
vn 0.5032 0.4126 0.7593
vn 0.3524 0.3067 0.8842
vn -0.9861 0.1631 0.0307
vn 0.7498 0.2446 -0.6148
vn -0.8783 0.1649 -0.4488
vn 0.8799 0.2771 -0.3859
vn -0.9425 0.1832 -0.2796
vn -0.9540 0.1934 -0.2289
vn -0.9542 0.1809 -0.2385
vn -0.9865 0.1374 -0.0888
vn 0.5972 0.0616 0.7998
vn 0.1144 0.2150 0.9699
vn 0.0541 0.0422 0.9976
vn 0.5863 0.0364 -0.8093
vn 0.7273 0.1220 -0.6754
vn 0.7508 0.0990 -0.6531
vn -0.8904 0.2655 0.3699
vn 0.7747 0.0977 -0.6247
vn -0.8116 0.2863 0.5093
vn -0.6023 0.2067 0.7710
vn -0.4510 0.2255 0.8636
vn -0.4446 0.2251 0.8670
vn -0.4444 0.2246 0.8672
vn -0.3022 -0.1938 0.9333
vn -0.4521 0.2255 0.8630
vn -0.5873 0.2390 0.7732
vn -0.2219 0.3894 0.8939
vn 0.7160 0.3682 0.5931
vn -0.0073 0.3840 0.9233
vn 0.0884 0.4338 0.8966
vn -0.2417 0.0257 -0.9700
vn 0.0006 0.0349 -0.9994
vn 0.0493 -0.2298 -0.9720
vn 0.0961 -0.2463 -0.9644
vn 0.0562 -0.4851 -0.8726
vn 0.1347 -0.5111 -0.8489
vn 0.0030 -0.6259 -0.7799
vn 0.1112 -0.7772 -0.6194
vn 0.0784 -0.7926 -0.6046
vn -0.6360 0.2256 -0.7380
vn 0.1269 -0.9348 -0.3318
vn 0.1417 -0.9528 -0.2686
vn 0.0745 -0.9972 -0.0059
vn 0.0864 -0.9958 -0.0315
vn 0.0907 -0.8806 0.4651
vn -0.0074 -0.9357 0.3527
vn 0.0567 -0.9710 0.2323
vn 0.4936 -0.8644 0.0955
vn 0.4549 -0.8546 0.2506
vn 0.9930 0.1177 -0.0081
vn 0.9907 0.1284 0.0448
vn 0.9844 0.1662 0.0580
vn 0.9746 0.1541 0.1624
vn 0.0291 -0.6397 -0.7680
vn -0.6275 -0.7503 -0.2080
vn -0.4804 -0.7749 -0.4108
vn -0.9192 0.2952 0.2605
vn 0.9074 0.2146 0.3613
vn -0.3140 0.2213 0.9233
vn -0.3273 0.2710 0.9052
vn -0.1966 0.0720 -0.9778
vn -0.8779 0.1666 0.4490
vn 0.5145 0.3821 0.7677
vn -0.9601 -0.2787 0.0234
vn 0.6065 0.3486 0.7146
vn 0.8214 0.3415 0.4569
vn 0.8975 0.3862 0.2129
vn 0.5244 0.3347 -0.7829
vn 0.5246 0.3347 -0.7828
vn 0.5283 0.3389 -0.7785
vn 0.8476 0.3049 -0.4343
vn 0.9583 0.2755 0.0755
vn 0.6744 0.2508 0.6945
vn -0.9678 0.2347 -0.0914
vn 0.1503 -0.3065 0.9399
vn -0.9819 0.1864 0.0342
vn 0.6438 0.0584 -0.7630
vn 0.8243 0.2000 -0.5296
vn 0.8253 0.2304 -0.5155
vn -0.6131 0.2586 0.7464
vn -0.4678 0.2261 0.8544
vn 0.8724 0.2465 -0.4222
vn 0.9351 0.2467 -0.2542
vn -0.3197 0.3811 0.8675
vn -0.3335 0.3828 0.8615
vn -0.2078 0.4179 0.8844
vn -0.0135 -0.3389 -0.9407
vn 0.0358 -0.3717 -0.9276
vn -0.4557 0.2027 -0.8668
vn -0.5815 0.2471 -0.7751
vn 0.1013 -0.9495 -0.2971
vn 0.1050 -0.9599 -0.2600
vn 0.1065 -0.9598 -0.2599
vn -0.8684 0.2553 -0.4252
vn 0.0993 -0.9951 -0.0009
vn 0.0717 -0.9635 0.2579
vn -0.0048 -0.9092 0.4164
vn 0.6210 -0.5848 0.5219
vn -0.0710 -0.7665 0.6383
vn 0.9195 -0.3925 0.0186
vn 0.9634 0.2110 -0.1655
vn -0.9671 0.2478 -0.0571
vn -0.9648 0.2630 0.0012
vn -0.9679 0.2466 0.0478
vn 0.9782 0.2023 -0.0469
vn 0.9773 0.2068 -0.0469
vn 0.9784 0.2014 -0.0468
vn -0.9514 0.2115 0.2239
vn -0.9016 0.2677 0.3399
vn -0.9049 0.2597 0.3372
vn -0.9051 0.2596 0.3369
vn 0.9637 0.1944 0.1831
vn -0.8364 0.2460 0.4898
vn -0.7421 0.2547 0.6200
vn -0.7576 -0.4861 -0.4356
vn 0.0443 -0.6433 -0.7644
vn -0.2762 -0.2587 -0.9256
vn 0.4971 -0.4019 -0.7690
vn 0.9210 0.1634 0.3537
vn 0.1008 0.1034 0.9895
vn -0.2173 0.1001 -0.9710
vn 0.5066 0.1806 -0.8431
vn 0.6141 -0.7861 0.0694
vn 0.3090 -0.4060 -0.8600
vn 0.4014 -0.3715 -0.8372
vn 0.7149 -0.6467 0.2659
vn 0.7057 -0.6837 0.1857
vn 0.4260 0.5178 0.7419
vn 0.2771 -0.0170 0.9607
vn 0.7135 0.2789 -0.6427
vn 0.5245 0.3342 -0.7831
vn 0.6126 0.3379 -0.7146
vn -0.8833 0.3516 -0.3101
vn -0.8830 0.3521 -0.3103
vn -0.8869 0.3503 -0.3012
vn -0.9296 0.2081 -0.3043
vn 0.9442 0.2926 0.1514
vn 0.9305 0.2599 0.2581
vn 0.8113 0.2387 0.5336
vn 0.5479 -0.2952 0.7827
vn 0.2531 -0.0995 0.9623
vn 0.9008 -0.4274 0.0763
vn -0.9471 0.2503 0.2007
vn -0.9462 0.2495 0.2062
vn -0.9465 0.2497 0.2046
vn -0.9014 0.2723 0.3366
vn -0.8511 0.2422 0.4658
vn -0.4799 -0.2984 0.8250
vn 0.8661 0.3274 -0.3777
vn 0.9167 0.3795 -0.1247
vn 0.9430 0.3314 -0.0293
vn -0.3120 0.4121 0.8560
vn 0.8426 0.4600 0.2799
vn 0.8753 0.4140 0.2497
vn -0.0086 0.5237 0.8518
vn 0.0291 0.4453 0.8949
vn -0.0220 0.5834 0.8119
vn 0.1512 0.6134 0.7752
vn -0.2894 0.2265 -0.9300
vn -0.0961 0.1727 -0.9803
vn -0.0453 -0.4423 -0.8957
vn 0.0027 -0.5451 -0.8383
vn -0.4055 0.2310 -0.8844
vn 0.1276 -0.8258 -0.5493
vn 0.1362 -0.8716 -0.4708
vn 0.1267 -0.8608 -0.4930
vn -0.7711 0.3023 -0.5603
vn 0.1035 -0.9600 -0.2601
vn 0.1208 -0.9916 -0.0468
vn -0.9051 0.2981 -0.3033
vn 0.0684 -0.9846 0.1611
vn 0.0192 -0.8958 0.4440
vn 0.0475 -0.9317 0.3602
vn -0.9349 0.2572 -0.2444
vn -0.0568 -0.7236 0.6879
vn -0.0598 -0.7237 0.6875
vn -0.0627 -0.7240 0.6870
vn -0.0629 -0.7239 0.6871
vn -0.0038 -0.7894 0.6139
vn 0.9307 -0.0604 0.3608
vn 0.9006 0.2874 -0.3259
vn 0.9772 0.2069 -0.0474
vn 0.2930 -0.2937 -0.9099
vn 0.5619 -0.3528 -0.7482
vn 0.5465 -0.3106 -0.7777
vn -0.9639 0.0209 -0.2655
vn 0.6623 -0.2818 -0.6943
vn -0.9530 0.1311 0.2731
vn -0.9960 -0.0896 -0.0004
vn -0.6650 0.1297 0.7355
vn -0.7711 0.2562 0.5828
vn 0.4299 -0.3767 -0.8205
vn 0.4901 0.1805 0.8528
vn 0.2118 0.1843 0.9598
vn -0.8877 0.3529 0.2956
vn -0.9603 0.2201 0.1712
vn -0.9152 0.3817 0.1293
vn 0.6358 0.3757 -0.6742
vn 0.6584 0.3853 -0.6466
vn -0.8638 0.1844 -0.4689
vn -0.8888 0.1830 -0.4202
vn 0.8015 0.4110 -0.4343
vn 0.9016 0.2862 0.3243
vn -0.9305 0.2858 -0.2292
vn -0.9400 0.2901 -0.1796
vn 0.7317 0.1891 0.6549
vn 0.5834 0.1183 0.8035
vn 0.6084 0.1660 0.7761
vn -0.9597 0.2704 -0.0771
vn 0.3703 0.0379 0.9281
vn 0.4518 0.0411 0.8912
vn -0.9651 0.2613 0.0147
vn -0.9702 0.2172 0.1075
vn -0.9474 0.2505 0.1993
vn 0.7252 0.1997 -0.6590
vn -0.7654 -0.1664 0.6217
vn -0.7439 -0.1951 0.6391
vn -0.6003 -0.1983 0.7748
vn -0.3695 0.3639 0.8550
vn -0.4017 0.3599 0.8421
vn -0.5823 0.4629 0.6683
vn -0.5483 0.4901 0.6777
vn -0.5099 0.4258 0.7474
vn -0.4464 0.4726 0.7599
vn -0.2113 0.5200 0.8276
vn 0.5786 0.5987 0.5539
vn -0.1348 0.5588 0.8183
vn -0.0913 0.5902 0.8020
vn 0.2775 0.6514 0.7061
vn 0.5561 0.6005 0.5746
vn -0.2401 0.2528 -0.9373
vn 0.0897 -0.5114 -0.8547
vn 0.0362 -0.6145 -0.7881
vn 0.1232 -0.6501 -0.7498
vn 0.1381 -0.7314 -0.6678
vn -0.7120 0.3517 -0.6077
vn 0.1371 -0.8514 -0.5062
vn 0.1111 -0.8311 -0.5449
vn 0.1210 -0.9336 -0.3374
vn 0.1143 -0.9289 -0.3523
vn -0.8043 0.3505 -0.4799
vn 0.0721 -0.9953 -0.0641
vn 0.1052 -0.9840 -0.1441
vn 0.1020 -0.9845 -0.1424
vn 0.1011 -0.9847 -0.1420
vn 0.0747 -0.9954 0.0602
vn 0.0457 -0.9830 0.1779
vn 0.0303 -0.9536 0.2996
vn 0.0395 -0.9573 0.2865
vn 0.0398 -0.9570 0.2873
vn 0.0395 -0.9573 0.2862
vn -0.0549 -0.7004 0.7117
vn -0.0075 -0.8164 0.5774
vn -0.0437 -0.8169 0.5752
vn 0.0091 -0.8613 0.5080
vn -0.9493 0.2907 -0.1202
vn -0.0801 -0.9926 -0.0917
vn 0.0482 -0.9795 0.1954
vn 0.9643 0.2624 -0.0365
vn -0.9013 0.2684 0.3401
vn -0.8684 0.3019 0.3934
vn 0.9371 0.3084 0.1633
vn -0.9814 -0.0740 0.1773
vn -0.8232 -0.0623 -0.5644
vn -0.8008 0.1490 0.5802
vn -0.5169 -0.0387 -0.8552
vn -0.5207 -0.6387 -0.5665
vn -0.9846 0.0059 -0.1750
vn -0.4993 -0.8649 -0.0511
vn 0.8859 0.3023 0.3520
vn 0.1507 -0.0020 0.9886
vn -0.4337 0.1222 0.8927
vn -0.4239 0.1242 0.8972
vn -0.4266 0.1229 0.8960
vn -0.4167 0.1276 0.9000
vn 0.8713 0.3338 0.3598
vn -0.8156 0.2367 0.5280
vn -0.0438 -0.0586 -0.9973
vn 0.1194 -0.0521 -0.9915
vn -0.1915 -0.5539 -0.8102
vn -0.8462 0.3346 0.4146
vn 0.4082 -0.7423 -0.5313
vn 0.2744 0.5319 0.8011
vn -0.3037 0.6004 0.7398
vn 0.4523 -0.2019 0.8687
vn 0.5601 0.4360 0.7044
vn 0.6653 0.4385 0.6042
vn 0.7497 0.4709 0.4649
vn -0.8876 0.3470 -0.3030
vn 0.5078 0.4210 -0.7516
vn -0.8836 0.3521 -0.3087
vn 0.8806 0.4032 -0.2490
vn 0.8824 0.3997 -0.2481
vn 0.8818 0.4009 -0.2485
vn 0.8815 0.4010 -0.2493
vn -0.9113 0.3322 -0.2431
vn -0.9434 0.2548 -0.2123
vn 0.9068 0.0867 0.4125
vn 0.5919 0.1393 -0.7939
vn 0.6197 0.1489 -0.7706
vn -0.9160 -0.1316 0.3791
vn 0.8000 0.3102 -0.5136
vn -0.3477 -0.2015 0.9157
vn -0.2955 -0.2131 0.9313
vn 0.8847 0.4448 -0.1396
vn -0.2810 0.4960 0.8216
vn -0.1535 0.6124 0.7755
vn -0.1538 0.6169 0.7719
vn -0.1539 0.6184 0.7707
vn 0.0168 0.6560 0.7546
vn 0.0181 0.6550 0.7554
vn 0.0171 0.6558 0.7548
vn 0.0182 0.6549 0.7555
vn 0.0576 0.6313 0.7734
vn -0.0072 -0.3826 -0.9239
vn -0.0434 -0.2923 -0.9553
vn -0.0435 -0.2926 -0.9552
vn -0.0405 0.1556 -0.9870
vn 0.0154 -0.1186 -0.9928
vn -0.0362 -0.0908 -0.9952
vn 0.1426 -0.5694 -0.8096
vn 0.1602 -0.7074 -0.6884
vn 0.1388 -0.6171 -0.7745
vn 0.1355 -0.9169 -0.3754
vn 0.1250 -0.9064 -0.4034
vn -0.7964 0.3822 -0.4687
vn 0.1061 -0.9838 -0.1445
vn 0.1179 -0.9753 -0.1866
vn -0.8559 0.3983 -0.3300
vn 0.1103 -0.9920 0.0611
vn 0.0928 -0.9956 0.0121
vn -0.0389 -0.9900 -0.1359
vn -0.0325 -0.9907 -0.1325
vn -0.0315 -0.9907 -0.1320
vn 0.6171 -0.4918 0.6143
vn -0.1228 -0.5612 0.8185
vn 0.4193 0.0086 0.9078
vn -0.1113 -0.5182 0.8480
vn 0.0399 -0.9570 0.2874
vn 0.0851 -0.9642 0.2513
vn -0.0398 -0.9898 -0.1365
vn 0.1528 -0.9644 -0.2159
vn -0.0922 -0.9747 -0.2036
vn -0.0040 -0.8821 0.4710
vn 0.3896 -0.9087 -0.1499
vn 0.9076 0.3427 -0.2427
vn -0.3336 -0.9376 -0.0983
vn -0.4214 -0.8545 0.3039
vn -0.2539 -0.9669 -0.0259
vn -0.3675 -0.8938 0.2569
vn 0.3658 -0.9114 -0.1886
vn 0.2105 -0.9720 0.1043
vn -0.0459 -0.9403 0.3371
vn -0.2392 -0.8794 0.4117
vn -0.0709 -0.9409 0.3313
vn -0.9388 0.3167 0.1353
vn 0.9694 0.2406 0.0483
vn 0.9556 0.2867 0.0682
vn -0.8734 0.3017 0.3822
vn -0.0326 -0.0730 -0.9968
vn -0.9786 0.1436 -0.1472
vn -0.5018 -0.0343 -0.8643
vn 0.3296 -0.5954 -0.7327
vn -0.9459 -0.1950 -0.2594
vn -0.0385 -0.0307 0.9988
vn 0.9415 0.2473 0.2290
vn 0.3711 -0.7105 -0.5979
vn -0.0465 0.7248 0.6874
vn 0.6424 -0.7155 -0.2746
vn 0.7804 -0.3445 0.5219
vn -0.8731 0.4101 0.2636
vn 0.8606 0.5093 -0.0101
vn 0.6090 0.5204 -0.5986
vn -0.8969 0.4416 0.0217
vn 0.6759 0.4663 -0.5707
vn 0.8801 0.4038 -0.2498
vn -0.8988 0.3162 -0.3037
vn 0.7522 0.2981 0.5876
vn 0.2608 -0.0435 0.9644
vn 0.3968 0.0186 0.9177
vn 0.7761 0.0562 -0.6281
vn -0.9706 0.2409 -0.0005
vn 0.7502 0.2926 -0.5930
vn -0.9685 -0.0272 0.2476
vn -0.9395 -0.0550 0.3382
vn 0.8366 0.4139 -0.3588
vn -0.0472 -0.1123 0.9926
vn -0.4072 0.5496 0.7295
vn 0.7682 0.6201 0.1591
vn -0.1534 0.6108 0.7768
vn 0.0714 0.6879 0.7223
vn -0.1071 0.6994 0.7067
vn -0.0698 0.7270 0.6831
vn 0.0158 0.7295 0.6838
vn -0.0922 -0.1056 -0.9901
vn -0.0698 -0.1339 -0.9885
vn -0.0588 -0.0348 -0.9977
vn 0.1707 -0.5942 -0.7860
vn -0.4964 0.4706 -0.7295
vn -0.5097 0.4687 -0.7215
vn 0.1371 -0.7699 -0.6233
vn 0.1423 -0.7795 -0.6101
vn 0.0300 -0.9470 -0.3200
vn 0.0300 -0.9468 -0.3204
vn 0.0301 -0.9467 -0.3206
vn 0.0321 -0.9898 -0.1388
vn 0.0426 -0.9950 -0.0905
vn -0.1621 -0.9637 -0.2122
vn -0.1131 -0.9621 -0.2483
vn 0.1722 -0.9337 -0.3141
vn -0.8452 0.4327 -0.3138
vn 0.0443 -0.9986 0.0290
vn -0.2336 -0.9716 -0.0373
vn 0.0142 -0.9735 -0.2282
vn 0.1421 -0.9470 -0.2880
vn 0.0801 -0.9808 0.1777
vn -0.2328 -0.9724 -0.0164
vn -0.3315 -0.9263 0.1790
vn -0.2784 -0.9542 0.1096
vn 0.3775 -0.8663 -0.3271
vn 0.4598 -0.8409 -0.2856
vn 0.3268 -0.2006 0.9236
vn 0.0733 -0.9702 0.2310
vn 0.0790 -0.9706 0.2273
vn 0.0741 -0.9702 0.2305
vn 0.0797 -0.9707 0.2268
vn 0.9593 0.2714 0.0781
vn 0.8884 0.3913 -0.2400
vn 0.8885 0.3909 -0.2402
vn 0.8885 0.3911 -0.2400
vn -0.0741 -0.5489 0.8326
vn -0.0799 -0.6073 0.7905
vn -0.0298 -0.7634 0.6452
vn -0.0423 -0.6745 0.7371
vn -0.0047 -0.8469 0.5318
vn 0.0641 -0.8504 0.5222
vn 0.0644 -0.8488 0.5247
vn 0.0639 -0.8511 0.5211
vn 0.0728 -0.9057 0.4176
vn -0.5141 -0.8506 0.1103
vn -0.9017 0.4154 -0.1197
vn 0.8886 0.3905 -0.2405
vn -0.5017 -0.8144 0.2916
vn 0.4395 -0.8814 -0.1731
vn 0.1353 -0.9877 0.0787
vn 0.3676 -0.9299 -0.0135
vn -0.4029 -0.7741 0.4883
vn -0.3175 -0.8267 0.4646
vn 0.3844 -0.9229 0.0207
vn 0.0077 -0.9085 0.4178
vn 0.0082 -0.9104 0.4136
vn 0.0078 -0.9106 0.4132
vn 0.3406 -0.9236 0.1761
vn -0.9289 0.3448 0.1353
vn 0.0076 -0.9065 0.4222
vn -0.8602 0.3181 0.3986
vn 0.0127 0.0627 0.9980
vn 0.3705 -0.6952 -0.6160
vn 0.7104 0.6988 0.0840
vn -0.3888 -0.3944 -0.8326
vn -0.3159 -0.4029 -0.8590
vn 0.2781 0.5171 0.8095
vn -0.2345 0.6200 0.7488
vn -0.3878 0.6750 0.6277
vn 0.0717 -0.3923 0.9170
vn 0.7020 0.4444 0.5566
vn -0.8146 0.5289 0.2382
vn 0.5402 0.4204 -0.7290
vn 0.5826 0.4995 -0.6412
vn 0.5307 0.4716 -0.7043
vn -0.8295 0.2814 -0.4825
vn 0.7306 0.4636 -0.5014
vn -0.8211 0.4032 -0.4039
vn -0.8207 0.4037 -0.4044
vn -0.8241 0.3993 -0.4017
vn -0.8809 0.3830 -0.2781
vn 0.8822 0.4672 0.0594
vn 0.7445 0.3280 0.5815
vn 0.7290 0.3329 0.5981
vn -0.9322 0.3479 -0.1001
vn 0.4021 0.2413 0.8832
vn 0.6624 0.0083 0.7491
vn 0.1606 0.0155 0.9869
vn 0.6598 0.1985 -0.7247
vn 0.7902 0.4022 -0.4624
vn -0.7980 0.0030 0.6027
vn 0.2145 -0.0110 0.9767
vn 0.8301 0.4604 -0.3146
vn 0.8407 0.4817 -0.2474
vn -0.4628 0.6278 0.6259
vn -0.3713 0.5742 0.7296
vn -0.2963 0.5794 0.7593
vn 0.7763 0.6300 0.0195
vn -0.2819 0.5598 0.7792
vn 0.0032 0.7090 0.7052
vn 0.1033 0.8323 0.5447
vn 0.2260 0.8258 0.5166
vn 0.2851 0.8389 0.4636
vn 0.4688 0.7746 0.4245
vn 0.0301 -0.3943 -0.9185
vn 0.0731 -0.3519 -0.9332
vn -0.0454 0.1115 -0.9927
vn 0.1394 -0.4646 -0.8745
vn -0.2435 0.3409 -0.9080
vn 0.1761 -0.5785 -0.7964
vn 0.1661 -0.5686 -0.8057
vn 0.1152 -0.5732 -0.8113
vn 0.1356 -0.6602 -0.7388
vn -0.6172 0.5237 -0.5873
vn -0.6047 0.5317 -0.5930
vn 0.0538 -0.8453 -0.5316
vn -0.0264 -0.9318 -0.3619
vn 0.1653 -0.8846 -0.4360
vn -0.6978 0.5126 -0.5003
vn 0.0301 -0.9467 -0.3207
vn -0.0389 -0.9917 -0.1222
vn 0.0028 -0.9507 -0.3102
vn -0.0550 -0.9928 -0.1067
vn -0.0093 -1.0000 -0.0020
vn 0.0199 -0.9924 0.1213
vn 0.3583 -0.8603 -0.3627
vn 0.0170 -0.9906 0.1360
vn 0.0623 -0.9536 0.2945
vn 0.0301 -0.9587 0.2828
vn -0.5019 -0.8350 0.2253
vn 0.5089 -0.8071 -0.2993
vn 0.0974 -0.9565 0.2750
vn 0.1765 -0.9221 0.3444
vn 0.7482 -0.2228 0.6249
vn -0.1409 -0.4048 0.9035
vn -0.1231 -0.4290 0.8949
vn -0.3515 -0.8496 0.3933
vn 0.5387 -0.7927 -0.2853
vn -0.1146 -0.4162 0.9020
vn -0.1038 -0.4365 0.8937
vn -0.0855 -0.5327 0.8420
vn 0.0645 -0.8480 0.5260
vn -0.0429 -0.7050 0.7079
vn 0.0538 -0.7694 0.6365
vn 0.5419 -0.8050 -0.2414
vn -0.9170 0.3988 -0.0103
vn 0.9087 0.3978 -0.1269
vn -0.4707 -0.6950 0.5435
vn -0.8924 0.4499 0.0352
vn -0.4798 -0.6677 0.5692
vn 0.9486 0.3131 -0.0470
vn -0.0639 -0.9244 0.3760
vn -0.8889 0.4111 0.2019
vn -0.8774 0.3972 0.2692
vn 0.9166 0.3528 0.1881
vn 0.0284 0.0262 -0.9993
vn -0.9559 -0.0930 -0.2785
vn 0.3065 0.1455 -0.9407
vn 0.3826 0.0589 -0.9220
vn -0.9249 0.1367 -0.3548
vn -0.5125 0.2208 -0.8298
vn 0.8251 0.4424 0.3514
vn -0.8705 0.3962 -0.2919
vn 0.4108 -0.6397 -0.6496
vn 0.6052 0.5548 -0.5709
vn -0.1349 0.1130 -0.9844
vn -0.4048 0.6391 0.6540
vn 0.8976 -0.4399 0.0278
vn 0.5448 0.2542 0.7991
vn 0.5807 0.1963 0.7901
vn 0.6689 0.2342 0.7055
vn 0.6672 0.2276 0.7093
vn 0.6684 0.2324 0.7065
vn 0.7379 0.3799 0.5579
vn 0.7500 0.3813 0.5404
vn 0.7191 0.6143 0.3249
vn 0.6522 0.5353 -0.5367
vn 0.5666 0.5292 -0.6316
vn -0.8103 0.3842 -0.4425
vn 0.6490 0.5075 -0.5669
vn 0.6977 0.5492 -0.4599
vn -0.8276 0.3948 -0.3990
vn 0.7652 0.5531 0.3294
vn 0.8332 0.4998 0.2366
vn -0.8756 0.4485 -0.1794
vn -0.8873 0.4482 -0.1086
vn -0.9009 0.4242 -0.0918
vn -0.9058 0.4099 -0.1071
vn -0.9143 0.4010 -0.0565
vn -0.9196 0.3182 0.2303
vn -0.9962 0.0834 -0.0255
vn 0.7476 0.3170 -0.5836
vn 0.7683 0.4226 -0.4808
vn 0.7764 0.4279 -0.4627
vn -0.8924 0.0446 0.4491
vn -0.5620 -0.0308 0.8266
vn -0.4508 -0.0413 0.8916
vn 0.7901 0.5267 -0.3137
vn -0.0124 -0.0521 0.9986
vn -0.3867 0.5161 0.7643
vn -0.4594 0.6159 0.6400
vn -0.5732 0.6266 0.5280
vn 0.5747 0.8181 0.0175
vn 0.1518 0.9209 0.3591
vn 0.0851 0.7892 0.6082
vn -0.0632 0.8037 0.5917
vn 0.0724 0.8562 0.5115
vn -0.0758 0.0801 -0.9939
vn -0.0882 0.1101 -0.9900
vn 0.1742 -0.3974 -0.9009
vn 0.1835 -0.4112 -0.8929
vn -0.3864 0.5433 -0.7454
vn 0.0576 -0.6899 -0.7216
vn 0.0292 -0.8112 -0.5841
vn 0.0182 -0.8382 -0.5450
vn -0.0576 -0.8489 -0.5253
vn -0.0857 -0.9026 -0.4220
vn -0.0102 -0.9245 -0.3812
vn -0.0691 -0.8600 -0.5056
vn 0.0450 -0.9211 0.3867
vn -0.8517 0.4980 -0.1630
vn 0.6480 0.1587 0.7449
vn 0.1331 -0.8317 0.5390
vn 0.1799 -0.8354 0.5194
vn -0.3977 -0.8096 0.4316
vn 0.1579 -0.8028 0.5749
vn -0.4218 -0.7514 0.5074
vn -0.0680 -0.5286 0.8461
vn -0.5504 -0.7339 0.3981
vn -0.5406 -0.6770 0.4995
vn 0.6058 -0.7585 -0.2400
vn 0.6192 -0.7722 -0.1424
vn 0.4736 -0.8490 -0.2341
vn -0.4343 -0.6508 0.6228
vn -0.3612 -0.7011 0.6149
vn 0.2767 -0.9580 0.0758
vn -0.3143 -0.7148 0.6248
vn -0.0741 -0.9456 0.3167
vn 0.2691 -0.9575 0.1042
vn 0.1885 -0.9671 0.1706
vn 0.2604 -0.9644 0.0465
vn -0.8072 0.4825 0.3400
vn -0.8070 0.4827 0.3402
vn -0.8077 0.4817 0.3401
vn -0.8433 0.3936 0.3660
vn 0.8950 0.4013 0.1947
vn 0.8570 0.4471 0.2563
vn -0.5259 -0.8409 -0.1277
vn 0.5742 -0.6320 -0.5204
vn -0.6402 -0.0132 0.7681
vn -0.3736 -0.8611 0.3448
vn 0.4051 -0.5001 -0.7654
vn 0.0070 0.0902 -0.9959
vn -0.8511 0.2668 0.4521
vn -0.7406 0.6715 0.0242
vn -0.5251 0.7330 0.4324
vn 0.5299 0.8354 0.1458
vn 0.3824 0.3832 -0.8408
vn -0.1062 0.4251 -0.8989
vn -0.1822 0.3415 -0.9221
vn -0.5722 0.4135 -0.7082
vn -0.0185 0.7791 -0.6267
vn -0.8706 0.4258 -0.2464
vn -0.2551 0.1728 0.9514
vn -0.0095 -0.0559 0.9984
vn -0.0273 -0.0493 0.9984
vn 0.7161 0.4445 0.5382
vn -0.1658 -0.3000 -0.9394
vn -0.3335 -0.3280 -0.8838
vn -0.3343 -0.3287 -0.8833
vn -0.3333 -0.3278 -0.8840
vn -0.7282 0.3397 0.5953
vn -0.7323 -0.0827 -0.6759
vn 0.3859 0.1639 0.9079
vn 0.5271 -0.5494 -0.6483
vn 0.5598 -0.5426 -0.6262
vn -0.7714 0.4384 0.4612
vn 0.5394 0.3281 -0.7755
vn 0.8150 0.1971 -0.5449
vn 0.4480 0.2547 0.8570
vn -0.4877 0.5860 0.6471
vn 0.7614 -0.6438 0.0755
vn 0.6890 0.0065 0.7248
vn 0.0203 0.2646 0.9642
vn -0.7418 0.6198 0.2562
vn 0.6014 0.5449 0.5843
vn 0.6050 0.5439 0.5815
vn 0.6086 0.5429 0.5787
vn 0.7222 0.6286 0.2886
vn -0.8612 0.5080 0.0158
vn 0.7222 0.6082 -0.3295
vn 0.7752 0.5660 -0.2805
vn 0.8528 0.5116 0.1045
vn 0.7378 0.5062 0.4464
vn 0.7377 0.5062 0.4467
vn 0.7423 0.5022 0.4436
vn 0.7090 0.3780 0.5954
vn 0.5985 0.3092 0.7390
vn 0.5596 0.3507 0.7510
vn -0.9834 0.1511 0.1002
vn 0.7541 0.5160 -0.4064
vn -0.2982 0.5208 0.7999
vn 0.5994 0.7988 -0.0510
vn 0.5973 0.7999 -0.0575
vn 0.5989 0.7991 -0.0524
vn -0.3908 0.6752 0.6256
vn 0.3221 0.9236 0.2077
vn -0.2267 0.7156 0.6607
vn -0.0790 0.7506 0.6560
vn 0.0842 0.8813 0.4650
vn -0.0731 0.7354 0.6736
vn -0.0451 0.7362 0.6752
vn 0.2885 0.8411 0.4576
vn 0.2880 0.8405 0.4590
vn 0.2878 0.8402 0.4595
vn -0.1226 0.8345 0.5372
vn 0.0768 0.7967 0.5994
vn -0.0911 -0.1424 -0.9856
vn -0.0580 -0.2005 -0.9780
vn 0.0738 -0.3324 -0.9403
vn 0.1177 -0.1926 -0.9742
vn -0.0634 0.2609 -0.9633
vn 0.2066 -0.3363 -0.9188
vn -0.3760 0.5721 -0.7290
vn 0.1209 -0.5176 -0.8471
vn 0.1687 -0.5823 -0.7953
vn 0.0123 -0.6145 -0.7889
vn 0.0001 -0.7075 -0.7068
vn -0.0002 -0.7071 -0.7071
vn -0.0009 -0.7061 -0.7081
vn -0.0746 -0.7698 -0.6339
vn -0.0099 -0.7958 -0.6055
vn -0.0016 -0.7840 -0.6207
vn 0.1204 -0.7715 -0.6248
vn -0.5581 0.6027 -0.5703
vn -0.0013 -0.7056 -0.7086
vn 0.2654 -0.8190 -0.5086
vn 0.3974 -0.7814 -0.4812
vn 0.4446 -0.7889 -0.4243
vn 0.5473 -0.7325 -0.4049
vn 0.5472 -0.7325 -0.4049
vn -0.6704 0.6118 -0.4198
vn -0.6792 0.6156 -0.3996
vn 0.5473 -0.7325 -0.4048
vn -0.1475 -0.2995 0.9426
vn -0.4738 -0.7144 0.5149
vn -0.8398 0.5191 -0.1588
vn -0.1311 -0.1919 0.9726
vn -0.1339 -0.1969 0.9712
vn -0.1331 -0.1955 0.9716
vn 0.2444 -0.7921 0.5593
vn 0.1131 -0.6506 0.7510
vn 0.8662 0.4281 -0.2578
vn -0.4633 -0.7131 0.5262
vn -0.1018 -0.4030 0.9095
vn 0.1724 -0.7407 0.6493
vn -0.0675 -0.4713 0.8794
vn -0.0711 -0.4918 0.8678
vn 0.0667 -0.6952 0.7157
vn 0.1283 -0.6988 0.7037
vn -0.5673 -0.5857 0.5790
vn -0.5703 -0.5828 0.5788
vn -0.5678 -0.5852 0.5789
vn -0.5508 -0.5457 0.6315
vn -0.5438 -0.5505 0.6335
vn -0.5427 -0.5511 0.6338
vn -0.5519 -0.5450 0.6312
vn 0.6241 -0.7134 -0.3186
vn 0.9025 0.4306 -0.0043
vn 0.9157 0.4010 -0.0274
vn 0.5571 -0.8300 0.0274
vn -0.3443 -0.7360 0.5829
vn -0.1480 -0.8371 0.5267
vn -0.1625 -0.8490 0.5027
vn 0.1701 -0.8922 0.4184
vn -0.8082 0.4809 0.3400
vn 0.9276 0.3697 0.0540
vn -0.8449 0.4445 0.2976
vn 0.0379 0.0012 -0.9993
vn -0.7191 -0.4651 0.5163
vn -0.6706 -0.4201 0.6115
vn 0.4560 -0.0800 -0.8864
vn -0.8116 0.4260 0.3997
vn -0.8120 0.4236 0.4016
vn -0.8120 0.4233 0.4019
vn 0.4754 -0.4963 -0.7264
vn 0.5262 -0.4338 -0.7314
vn -0.8121 0.4228 0.4021
vn -0.0702 0.1452 0.9869
vn -0.1060 0.6137 -0.7824
vn -0.4394 0.6634 -0.6056
vn -0.1645 0.7476 -0.6435
vn 0.5103 0.4199 -0.7505
vn -0.4452 0.6956 -0.5639
vn 0.0032 0.7442 0.6679
vn 0.7824 0.4872 0.3879
vn -0.4810 0.6134 -0.6264
vn -0.6011 0.3288 0.7284
vn -0.3344 -0.3289 -0.8831
vn 0.0504 -0.2998 -0.9527
vn 0.7356 0.4887 0.4691
vn -0.5925 -0.0231 -0.8052
vn -0.3935 -0.1849 -0.9005
vn -0.4927 0.5295 0.6906
vn 0.6835 -0.3943 -0.6142
vn -0.4451 0.8940 0.0524
vn -0.2936 0.1005 -0.9506
vn 0.4086 -0.4658 0.7849
vn 0.6939 -0.3629 0.6219
vn -0.7824 0.4297 0.4508
vn 0.6290 -0.2567 0.7338
vn 0.3948 0.0787 0.9154
vn 0.5089 0.0182 0.8606
vn 0.6667 0.2259 0.7102
vn 0.2973 0.8894 0.3471
vn 0.5179 0.5127 -0.6847
vn -0.8173 0.5038 -0.2797
vn -0.7527 0.4612 -0.4697
vn 0.6420 0.5562 -0.5277
vn -0.7864 0.4930 -0.3723
vn -0.8089 0.5646 -0.1642
vn 0.8033 0.5941 0.0421
vn -0.8341 0.4790 -0.2734
vn 0.7335 0.6184 0.2821
vn -0.8544 0.4769 -0.2062
vn 0.7424 0.5019 0.4437
vn 0.6548 0.4018 0.6401
vn 0.3767 0.3061 0.8743
vn -0.9356 0.3238 -0.1406
vn -0.9766 0.1167 0.1806
vn -0.6915 0.1352 0.7097
vn -0.6696 0.1345 0.7304
vn -0.3911 0.1200 0.9125
vn 0.6119 0.7805 -0.1280
vn -0.0702 0.1727 0.9825
vn 0.2410 0.1194 0.9632
vn 0.5969 0.8002 -0.0589
vn 0.3373 0.9189 0.2047
vn 0.0452 0.9499 0.3093
vn -0.2346 0.7773 0.5837
vn -0.2346 0.7772 0.5838
vn -0.2343 0.7783 0.5826
vn 0.2885 0.8413 0.4571
vn -0.0053 0.6576 0.7533
vn 0.1232 0.8678 0.4814
vn 0.1227 0.8684 0.4805
vn 0.1241 0.8667 0.4831
vn -0.0839 0.7302 0.6780
vn -0.0069 -0.1648 -0.9863
vn -0.1364 0.0910 -0.9865
vn -0.1351 0.0993 -0.9858
vn -0.1359 0.0937 -0.9863
vn 0.1793 -0.2385 -0.9545
vn 0.1811 -0.2390 -0.9540
vn 0.1807 -0.2389 -0.9541
vn 0.1984 -0.3008 -0.9328
vn -0.1328 0.4073 -0.9036
vn 0.1789 -0.2383 -0.9546
vn 0.1039 -0.3699 -0.9233
vn 0.1008 -0.3649 -0.9256
vn 0.1018 -0.3663 -0.9249
vn -0.2906 0.6141 -0.7338
vn 0.1046 -0.3711 -0.9227
vn -0.4310 0.6395 -0.6367
vn -0.0950 -0.6935 -0.7142
vn 0.6624 -0.6561 -0.3616
vn 0.6292 0.1306 0.7662
vn -0.1152 -0.2413 0.9636
vn -0.1193 -0.2411 0.9631
vn -0.1110 -0.2414 0.9641
vn 0.1596 -0.5943 0.7883
vn -0.5574 -0.5307 0.6385
vn -0.1156 -0.2449 0.9626
vn 0.3234 -0.6791 0.6590
vn -0.5709 -0.5822 0.5789
vn -0.8203 0.5681 -0.0657
vn 0.0296 -0.5592 0.8285
vn 0.6113 -0.6520 -0.4486
vn -0.8589 0.5118 0.0210
vn 0.6601 -0.6783 -0.3227
vn -0.5242 -0.4952 0.6928
vn -0.5502 -0.4863 0.6788
vn 0.7212 -0.6549 -0.2259
vn 0.6706 -0.7399 -0.0535
vn -0.1937 -0.7393 0.6449
vn 0.3311 -0.7948 0.5085
vn 0.8897 0.4416 0.1156
vn 0.0238 0.0235 -0.9994
vn -0.8904 -0.2255 0.3955
vn -0.9449 -0.0933 0.3136
vn -0.9376 0.2053 -0.2807
vn 0.9976 -0.0660 0.0207
vn 0.0451 -0.7376 -0.6737
vn -0.4666 -0.2944 -0.8340
vn -0.6521 -0.0281 -0.7576
vn -0.1066 0.9891 0.1013
vn 0.4179 0.6135 0.6701
vn -0.1151 -0.0471 0.9922
vn -0.1912 -0.0550 0.9800
vn -0.4406 -0.1678 0.8819
vn 0.4757 -0.0102 -0.8795
vn -0.1960 -0.3158 0.9284
vn 0.4291 -0.3036 0.8507
vn -0.5911 0.3329 0.7347
vn -0.8033 -0.5201 -0.2901
vn -0.0862 -0.9820 -0.1683
vn 0.5030 0.3390 -0.7951
vn -0.2991 0.2605 -0.9180
vn 0.3207 0.1157 -0.9401
vn 0.0241 0.5106 -0.8595
vn -0.8506 0.5154 0.1041
vn -0.4149 0.1286 0.9007
vn -0.2845 -0.1146 0.9518
vn 0.2941 -0.1503 -0.9439
vn -0.5742 0.0735 -0.8154
vn 0.6499 0.5296 0.5452
vn 0.6931 0.5253 0.4936
vn -0.6308 -0.3144 -0.7094
vn -0.4485 -0.0924 -0.8890
vn 0.3937 0.2651 0.8802
vn 0.5573 0.0794 0.8265
vn -0.6048 0.4128 0.6810
vn 0.6623 0.7422 0.1027
vn -0.4682 -0.2546 -0.8462
vn -0.4723 -0.2487 -0.8456
vn -0.4676 -0.2550 -0.8464
vn -0.5765 -0.0517 -0.8155
vn -0.3425 -0.1774 -0.9226
vn 0.7836 -0.0578 0.6186
vn -0.1371 0.3565 0.9242
vn 0.5286 0.5853 -0.6149
vn 0.7359 -0.0487 0.6753
vn 0.5865 0.4699 0.6597
vn 0.5875 0.4675 0.6605
vn 0.5901 0.4600 0.6634
vn 0.3632 0.5908 0.7204
vn -0.7506 0.6077 0.2596
vn -0.6795 0.6608 0.3187
vn -0.7015 0.6982 0.1429
vn -0.7034 0.6954 0.1472
vn -0.7012 0.6987 0.1420
vn -0.7037 0.6951 0.1473
vn 0.6236 0.7538 -0.2072
vn -0.7287 0.5700 -0.3797
vn 0.5551 0.6069 -0.5687
vn -0.7301 0.5265 -0.4355
vn 0.6060 0.6018 -0.5202
vn -0.7651 0.5872 -0.2644
vn 0.7281 0.6830 0.0583
vn -0.8061 0.5085 -0.3029
vn 0.7121 0.6840 0.1582
vn 0.5055 0.4328 0.7464
vn 0.3536 0.3074 0.8834
vn 0.4771 0.2222 0.8503
vn 0.7547 0.2899 0.5886
vn 0.6789 0.3333 -0.6542
vn 0.7070 0.3522 -0.6133
vn -0.9063 0.1810 0.3819
vn 0.7119 0.5958 -0.3717
vn -0.6057 0.2240 0.7635
vn -0.4340 0.2240 0.8726
vn 0.4222 0.1267 0.8976
vn -0.3021 0.5878 0.7505
vn -0.0984 0.0986 0.9902
vn -0.4026 0.7234 0.5609
vn -0.2806 0.7789 0.5609
vn -0.2354 0.7845 0.5738
vn -0.0868 0.7951 0.6003
vn 0.3036 0.8604 0.4093
vn 0.0894 0.8128 0.5757
vn 0.0670 0.8486 0.5248
vn 0.1256 0.8650 0.4858
vn -0.0976 0.0234 -0.9949
vn 0.0171 -0.0856 -0.9962
vn 0.0782 -0.0631 -0.9949
vn 0.1136 -0.1110 -0.9873
vn -0.1106 0.2317 -0.9665
vn -0.1167 0.2474 -0.9619
vn -0.1427 0.4527 -0.8802
vn 0.0903 -0.4153 -0.9052
vn -0.1157 -0.6000 -0.7916
vn -0.0497 -0.6173 -0.7852
vn 0.1702 -0.6470 -0.7432
vn -0.0250 -0.3616 -0.9320
vn 0.0204 -0.5454 -0.8379
vn -0.0320 -0.5082 -0.8606
vn -0.0717 -0.5224 -0.8497
vn -0.5237 0.7260 -0.4457
vn -0.5170 0.7111 -0.4766
vn 0.6006 -0.6680 -0.4394
vn -0.6555 0.6813 -0.3258
vn 0.6774 -0.6408 -0.3613
vn 0.7311 -0.5963 -0.3315
vn -0.7052 0.6655 -0.2445
vn 0.7427 0.0799 0.6648
vn 0.8598 0.4433 -0.2536
vn 0.7920 -0.5175 -0.3238
vn -0.1303 -0.1906 0.9730
vn -0.1094 -0.2328 0.9664
vn -0.0831 -0.3088 0.9475
vn -0.0819 -0.3032 0.9494
vn -0.0836 -0.3110 0.9467
vn -0.0815 -0.3018 0.9499
vn 0.7735 -0.4657 -0.4298
vn 0.7685 -0.4700 -0.4341
vn 0.7732 -0.4660 -0.4300
vn 0.9027 0.4112 -0.1264
vn 0.7709 -0.4667 -0.4334
vn -0.8187 0.5721 0.0485
vn -0.8090 0.5657 0.1598
vn -0.8092 0.5655 0.1597
vn -0.8045 0.5708 0.1641
vn -0.5466 -0.4598 0.6998
vn 0.7272 -0.6864 0.0097
vn -0.7510 0.6076 0.2585
vn -0.7502 0.6084 0.2588
vn -0.7479 0.6109 0.2597
vn -0.4841 -0.4988 0.7189
vn -0.3999 -0.6053 0.6883
vn 0.5429 -0.7982 0.2611
vn 0.6997 -0.7073 0.1006
vn -0.3445 -0.6180 0.7067
vn 0.3060 -0.8019 0.5132
vn 0.1964 -0.7187 0.6670
vn -0.6882 0.6126 0.3887
vn -0.5764 0.6871 -0.4424
vn 0.2339 0.3728 -0.8979
vn 0.1625 0.3072 -0.9377
vn 0.0963 0.3861 -0.9174
vn -0.3676 -0.0704 0.9273
vn 0.4742 -0.0768 -0.8771
vn 0.4331 0.0818 -0.8976
vn -0.6407 0.6493 0.4097
vn -0.4151 -0.0738 0.9068
vn 0.6920 -0.2547 -0.6754
vn 0.6520 -0.5537 -0.5181
vn 0.9717 0.0010 -0.2363
vn -0.8905 0.4549 0.0059
vn -0.4759 0.6380 -0.6053
vn -0.3885 0.5988 -0.7003
vn 0.3048 -0.2964 -0.9051
vn 0.2918 -0.2452 -0.9245
vn -0.1294 -0.5501 -0.8250
vn -0.5102 -0.5340 -0.6742
vn -0.8596 0.4962 0.1218
vn -0.3946 0.5868 0.7071
vn -0.2227 0.5280 0.8195
vn -0.2177 0.4844 0.8474
vn -0.4826 0.4200 0.7686
vn -0.5639 0.0493 -0.8244
vn 0.3038 -0.1276 -0.9442
vn -0.0489 -0.1483 -0.9877
vn 0.0715 0.2051 0.9761
vn -0.2954 0.2207 0.9295
vn -0.5391 0.6367 0.5513
vn 0.1754 0.0422 0.9836
vn 0.6000 -0.0826 -0.7958
vn 0.5338 0.6536 0.5365
vn 0.2056 0.3608 0.9097
vn -0.2008 0.7432 -0.6382
vn 0.5285 0.4244 -0.7352
vn -0.4729 -0.2477 -0.8456
vn 0.8177 -0.5658 -0.1058
vn -0.7003 0.5584 0.4447
vn -0.6679 0.5787 0.4679
vn -0.2008 0.7289 -0.6545
vn 0.1732 -0.2852 0.9427
vn 0.7126 -0.4217 0.5607
vn 0.1870 0.5741 0.7971
vn 0.5255 0.7635 0.3753
vn 0.5355 0.7575 -0.3734
vn 0.5192 0.6019 -0.6068
vn 0.4584 0.5890 -0.6655
vn -0.6894 0.6321 -0.3538
vn 0.5323 0.6315 -0.5638
vn -0.6544 0.6268 -0.4229
vn 0.6057 0.6630 -0.4400
vn 0.6997 0.6402 -0.3171
vn 0.6572 0.7461 -0.1065
vn 0.6553 0.7478 -0.1064
vn 0.6535 0.7495 -0.1060
vn 0.6958 0.6133 0.3737
vn -0.8641 0.4958 -0.0863
vn -0.8269 0.5369 -0.1671
vn 0.8222 0.2730 0.4995
vn -0.9480 0.2758 -0.1590
vn -0.9480 0.2763 -0.1581
vn -0.9486 0.2797 -0.1481
vn -0.9487 0.2797 -0.1473
vn 0.7469 0.4728 -0.4676
vn 0.7409 0.4747 -0.4751
vn 0.7399 0.4750 -0.4764
vn 0.7695 0.5507 -0.3234
vn -0.8083 0.3134 0.4985
vn -0.7762 0.3182 0.5443
vn 0.6234 0.7753 -0.1014
vn -0.4095 0.2645 0.8731
vn -0.2495 0.6038 0.7570
vn 0.0611 -0.5104 0.8577
vn 0.0677 0.2124 0.9748
vn 0.1912 0.1807 0.9648
vn 0.3871 0.9043 0.1798
vn -0.2298 0.7636 0.6034
vn -0.1675 0.8153 0.5543
vn 0.3731 0.8915 0.2571
vn -0.1863 0.8114 0.5541
vn 0.1047 0.6630 0.7413
vn -0.2124 0.7501 0.6263
vn 0.1406 0.9015 0.4093
vn -0.2342 0.7784 0.5824
vn 0.1485 -0.0482 -0.9877
vn 0.1753 -0.0520 -0.9831
vn -0.1179 0.3127 -0.9425
vn 0.1931 -0.1660 -0.9670
vn -0.1502 0.4633 -0.8734
vn -0.1415 0.4584 -0.8774
vn -0.1435 0.4595 -0.8765
vn 0.0994 -0.1686 -0.9807
vn -0.2849 0.6492 -0.7052
vn 0.3550 -0.5790 -0.7340
vn 0.4852 -0.6416 -0.5941
vn -0.4035 0.7152 -0.5707
vn -0.4831 0.7793 -0.3990
vn -0.4879 0.7747 -0.4022
vn -0.4894 0.7733 -0.4032
vn -0.4938 0.7815 -0.3812
vn 0.7618 0.1485 0.6306
vn -0.1230 -0.1955 0.9730
vn -0.0851 -0.0866 0.9926
vn 0.8816 -0.3303 -0.3373
vn -0.1318 -0.0808 0.9880
vn -0.1293 -0.0764 0.9887
vn -0.1325 -0.0821 0.9878
vn 0.1915 -0.4408 0.8769
vn -0.0859 -0.5331 0.8417
vn -0.7392 0.6712 -0.0555
vn 0.8511 0.4762 -0.2210
vn 0.2589 -0.5122 0.8189
vn 0.3564 -0.4826 0.8001
vn -0.6599 -0.3505 0.6646
vn -0.7392 0.6731 -0.0228
vn 0.8628 0.4774 -0.1663
vn -0.0816 -0.3014 0.9500
vn 0.0462 -0.4360 0.8988
vn 0.0262 -0.4694 0.8826
vn 0.1417 -0.5028 0.8527
vn -0.6211 -0.4181 0.6629
vn -0.5907 -0.4218 0.6879
vn -0.5839 -0.3825 0.7161
vn 0.8440 -0.4491 -0.2930
vn -0.8038 0.5716 0.1648
vn 0.3037 -0.8292 0.4693
vn -0.0797 -0.6779 0.7308
vn 0.0236 -0.7417 0.6703
vn 0.8025 0.5397 0.2543
vn -0.4080 0.7812 0.4725
vn 0.1009 0.9878 0.1183
vn -0.6080 0.6861 -0.3996
vn 0.4366 0.3683 -0.8208
vn -0.2798 0.9577 0.0675
vn 0.7260 0.6038 0.3292
vn -0.4684 0.7517 0.4644
vn -0.4433 -0.1609 0.8818
vn -0.6518 -0.0109 0.7583
vn 0.5153 0.6243 -0.5872
vn 0.6026 0.5727 -0.5558
vn 0.0041 -0.8717 -0.4900
vn -0.9478 -0.2249 -0.2259
vn -0.3479 0.8453 0.4055
vn -0.1167 0.7733 0.6232
vn 0.7343 0.6569 -0.1710
vn 0.2591 0.7585 -0.5979
vn 0.1145 0.4646 -0.8781
vn -0.7241 0.6482 -0.2359
vn -0.1995 0.6431 0.7393
vn 0.0079 0.8573 0.5147
vn -0.4211 0.8667 0.2675
vn -0.3186 0.8560 0.4071
vn -0.5095 0.0881 -0.8559
vn -0.6283 0.0618 -0.7755
vn 0.8102 0.5828 -0.0629
vn 0.8102 0.5829 -0.0624
vn 0.8099 0.5828 -0.0659
vn 0.6305 -0.1067 -0.7689
vn -0.7349 0.5606 0.3816
vn 0.5796 0.2837 0.7640
vn -0.5698 0.3258 0.7545
vn 0.0018 0.0452 0.9990
vn 0.8099 0.5828 -0.0666
vn 0.4955 0.8382 -0.2277
vn 0.4974 0.6989 0.5140
vn -0.4693 -0.5478 -0.6926
vn -0.1764 -0.5607 -0.8090
vn 0.3675 0.9257 0.0900
vn -0.3523 0.0307 -0.9354
vn 0.5896 0.4580 0.6653
vn 0.5897 0.4582 0.6651
vn 0.2375 0.5351 0.8107
vn 0.1898 0.5997 0.7774
vn -0.6996 0.1684 0.6944
vn 0.2941 0.7096 -0.6403
vn -0.3279 -0.0013 -0.9447
vn 0.1962 -0.3358 0.9213
vn -0.3001 0.0897 0.9497
vn -0.5353 0.7801 0.3238
vn 0.4657 0.6993 0.5423
vn 0.5234 0.7292 0.4409
vn 0.5233 0.7292 0.4410
vn 0.5232 0.7292 0.4411
vn -0.5860 0.7927 0.1679
vn -0.5992 0.7513 -0.2765
vn -0.5112 0.7922 -0.3334
vn 0.4765 0.6422 -0.6004
vn -0.6236 0.6700 -0.4028
vn -0.7023 0.6704 -0.2396
vn 0.6573 0.7460 -0.1069
vn -0.8100 0.5620 -0.1672
vn -0.8202 0.5588 -0.1221
vn 0.5537 0.6051 0.5721
vn 0.4999 0.4961 0.7099
vn 0.7383 0.2388 -0.6308
vn 0.7640 0.2813 -0.5806
vn 0.7472 0.4730 -0.4669
vn -0.9213 0.3666 0.1297
vn -0.7065 0.3922 0.5892
vn -0.6077 0.3636 0.7061
vn 0.4087 0.8961 0.1731
vn 0.5606 0.8244 -0.0783
vn 0.4594 0.3980 0.7941
vn 0.4593 0.3982 0.7940
vn 0.4592 0.3982 0.7941
vn -0.2430 0.6825 0.6892
vn -0.4349 0.0033 0.9005
vn -0.6150 -0.5388 0.5758
vn 0.1943 -0.3247 0.9257
vn 0.2990 -0.4330 0.8504
vn 0.4061 0.8910 0.2030
vn 0.4176 -0.9050 0.0810
vn -0.2814 -0.6910 0.6658
vn -0.2828 -0.6850 0.6715
vn -0.2811 -0.6925 0.6644
vn 0.3840 -0.9219 0.0508
vn 0.0931 0.9408 0.3259
vn -0.0466 0.8603 0.5076
vn 0.0908 0.8858 0.4551
vn -0.0397 0.0733 -0.9965
vn -0.1347 0.1020 -0.9856
vn 0.1903 -0.0176 -0.9816
vn 0.1580 -0.0155 -0.9873
vn -0.1520 0.4645 -0.8724
vn 0.1046 -0.1494 -0.9832
vn -0.0153 -0.5435 -0.8393
vn 0.0897 -0.5400 -0.8369
vn 0.0895 -0.5399 -0.8369
vn 0.0896 -0.5399 -0.8369
vn 0.0898 -0.5400 -0.8369
vn 0.0965 -0.1290 -0.9869
vn -0.0256 -0.2417 -0.9700
vn -0.0374 -0.1995 -0.9792
vn -0.0432 -0.2380 -0.9703
vn -0.0044 -0.3999 -0.9166
vn -0.1041 -0.3816 -0.9185
vn -0.1039 -0.3812 -0.9187
vn -0.1045 -0.3826 -0.9180
vn 0.5255 -0.6176 -0.5852
vn 0.6729 -0.6121 -0.4154
vn 0.4367 0.3089 0.8449
vn 0.4369 0.3097 0.8445
vn 0.4357 0.3060 0.8465
vn -0.0930 -0.0733 0.9930
vn 0.8358 0.5031 -0.2199
vn 0.8932 -0.3028 -0.3326
vn -0.6738 0.7262 -0.1367
vn -0.1227 -0.1033 0.9871
vn 0.7919 0.5218 -0.3173
vn 0.7931 0.5207 -0.3159
vn 0.7892 0.5241 -0.3203
vn 0.7883 -0.3307 -0.5189
vn 0.8607 -0.1726 -0.4790
vn -0.1162 -0.1447 0.9826
vn -0.1179 -0.1469 0.9821
vn -0.1150 -0.1439 0.9829
vn 0.2313 -0.4291 0.8731
vn 0.3134 -0.4327 0.8453
vn 0.0161 -0.2117 0.9772
vn -0.5911 -0.2567 0.7647
vn 0.7675 -0.4716 -0.4342
vn 0.8683 0.4954 -0.0236
vn 0.8483 0.5292 0.0156
vn 0.8645 -0.4740 -0.1671
vn -0.7471 0.6117 0.2600
vn -0.7095 0.6544 0.2615
vn -0.5095 -0.5580 0.6550
vn 0.8527 0.5118 0.1051
vn -0.3452 -0.5556 0.7564
vn -0.3450 -0.5554 0.7566
vn 0.3427 -0.8112 0.4737
vn -0.7202 0.6440 0.2580
vn -0.3462 -0.5565 0.7553
vn 0.8102 0.5702 0.1356
vn -0.6944 0.6417 0.3256
vn -0.0204 0.9903 0.1377
vn -0.7082 -0.5388 -0.4563
vn -0.6274 0.4542 0.6325
vn -0.9765 0.1795 -0.1191
vn -0.2326 0.7447 0.6255
vn 0.6083 0.7011 0.3721
vn 0.6106 0.7070 0.3568
vn -0.7333 0.5956 0.3278
vn -0.7399 0.5904 0.3224
vn -0.7381 0.5918 0.3240
vn 0.1762 0.1234 -0.9766
vn -0.7318 0.5969 0.3291
vn 0.5057 0.7163 0.4807
vn -0.1582 0.1504 -0.9759
vn -0.2882 0.9199 0.2659
vn 0.6487 0.7218 0.2412
vn -0.2570 0.3076 0.9162
vn -0.0468 0.3371 0.9403
vn -0.0438 0.5711 0.8197
vn -0.1007 0.9926 0.0677
vn 0.6384 0.3727 0.6735
vn -0.2315 -0.6890 -0.6868
vn 0.2530 -0.6239 -0.7394
vn -0.6810 0.0391 -0.7313
vn 0.1402 0.8611 -0.4887
vn -0.2498 0.9496 0.1897
vn 0.5538 0.6154 0.5608
vn 0.5149 0.6239 0.5879
vn -0.6350 -0.7256 0.2651
vn -0.5991 -0.7654 0.2348
vn -0.2487 0.9664 -0.0645
vn 0.3955 0.7209 0.5691
vn -0.5098 -0.4231 -0.7491
vn 0.2262 0.5102 0.8298
vn 0.0864 0.5209 0.8492
vn 0.0803 0.5122 0.8551
vn 0.0838 0.5213 0.8492
vn -0.4650 0.3108 -0.8290
vn 0.4549 0.8391 -0.2984
vn 0.9609 0.2556 -0.1065
vn -0.1463 -0.3952 -0.9069
vn -0.4795 -0.8722 0.0964
vn -0.3673 0.8861 0.2829
vn -0.3683 0.8858 0.2825
vn -0.3674 0.8860 0.2830
vn -0.3686 0.8857 0.2822
vn 0.7324 -0.6563 0.1812
vn 0.7440 -0.0967 0.6611
vn 0.1674 0.9157 -0.3654
vn -0.3609 0.5880 -0.7239
vn 0.3472 0.5954 -0.7246
vn 0.4362 -0.4078 0.8021
vn 0.4444 0.5995 0.6656
vn 0.4106 0.5828 0.7013
vn -0.4502 0.8121 0.3713
vn -0.4959 0.8333 0.2443
vn -0.3969 0.9179 -0.0026
vn 0.4196 0.8879 0.1885
vn 0.3463 0.6814 -0.6448
vn -0.3445 0.8936 -0.2878
vn -0.3777 0.8888 -0.2595
vn -0.5260 0.7434 -0.4130
vn 0.5140 0.7266 -0.4560
vn 0.5427 0.7317 -0.4125
vn 0.6100 0.7867 0.0950
vn 0.6090 0.7874 0.0956
vn 0.6098 0.7868 0.0949
vn 0.6081 0.7880 0.0961
vn -0.6809 0.6777 -0.2778
vn -0.6811 0.6774 -0.2777
vn -0.6810 0.6775 -0.2778
vn -0.6808 0.6778 -0.2778
vn -0.7113 0.6659 -0.2250
vn 0.6292 0.6831 0.3709
vn 0.5556 0.5828 0.5930
vn -0.8238 0.4705 -0.3161
vn -0.8145 0.4707 -0.3391
vn -0.9237 0.3669 -0.1101
vn -0.9121 0.4028 0.0762
vn -0.8203 0.4637 0.3348
vn 0.6317 0.7459 -0.2109
vn 0.6318 0.7459 -0.2108
vn 0.6317 0.7459 -0.2110
vn 0.5787 0.8146 -0.0382
vn -0.7864 0.1286 0.6042
vn 0.3868 0.4108 0.8256
vn -0.0749 0.8081 0.5843
vn -0.4778 0.1248 0.8696
vn -0.2305 0.8234 0.5184
vn 0.2187 0.9505 0.2209
vn 0.2191 0.9501 0.2222
vn 0.2196 0.9496 0.2237
vn -0.4465 0.2165 0.8682
vn 0.7805 0.2190 0.5855
vn 0.1756 0.9336 0.3122
vn -0.6590 0.2173 0.7200
vn 0.9308 0.2319 0.2826
vn -0.0029 0.9025 0.4307
vn 0.0710 0.9147 0.3979
vn 0.1040 0.9049 0.4128
vn 0.1674 0.9118 0.3748
vn -0.2832 -0.6835 0.6728
vn 0.4362 -0.8231 0.3636
vn 0.0152 -0.6662 0.7456
vn -0.1498 0.2271 -0.9623
vn -0.1364 0.1985 -0.9706
vn -0.1638 0.3188 -0.9336
vn 0.1859 0.0755 -0.9797
vn -0.0941 -0.3888 -0.9165
vn -0.1047 -0.3831 -0.9178
vn -0.1306 -0.4013 -0.9066
vn -0.0362 -0.1657 -0.9855
vn 0.3484 -0.4792 -0.8056
vn -0.2547 0.6658 -0.7013
vn 0.5463 -0.5732 -0.6107
vn -0.3646 0.7352 -0.5715
vn -0.4276 0.8338 -0.3492
vn -0.4275 0.8340 -0.3489
vn -0.4274 0.8341 -0.3488
vn 0.7976 -0.5273 -0.2930
vn -0.4276 0.8337 -0.3494
vn 0.4354 0.3053 0.8469
vn 0.8867 -0.3577 -0.2930
vn -0.6595 0.7388 -0.1384
vn 0.7878 0.5252 -0.3218
vn -0.1284 -0.0750 0.9889
vn 0.2768 -0.2271 0.9337
vn -0.1482 -0.0699 0.9865
vn -0.1185 -0.1475 0.9819
vn -0.6848 -0.2055 0.6992
vn 0.0059 -0.2674 0.9636
vn 0.1056 -0.2345 0.9664
vn -0.6124 -0.1705 0.7720
vn -0.6613 0.7498 0.0213
vn 0.8242 -0.4706 -0.3151
vn -0.6168 -0.2986 0.7283
vn -0.6404 -0.2688 0.7194
vn 0.7980 -0.5498 -0.2471
vn 0.8036 -0.5405 -0.2493
vn 0.7975 -0.5506 -0.2468
vn 0.6582 -0.7477 0.0884
vn 0.6292 -0.7502 0.2034
vn -0.1647 -0.6043 0.7795
vn 0.0641 -0.6935 0.7176
vn 0.2743 -0.7185 0.6391
vn -0.6519 0.6586 0.3760
vn -0.7520 -0.5813 -0.3108
vn -0.6234 0.6124 0.4862
vn -0.7166 -0.5973 0.3602
vn -0.8251 -0.4938 0.2747
vn -0.3334 -0.8595 -0.3874
vn -0.0002 -0.9088 -0.4172
vn -0.5833 -0.8110 -0.0463
vn 0.6693 0.6648 0.3318
vn -0.3396 0.7157 -0.6103
vn 0.0549 0.8335 -0.5497
vn 0.2142 0.4325 -0.8758
vn 0.4641 -0.4492 -0.7635
vn 0.8104 -0.0765 -0.5808
vn 0.0032 0.4437 0.8962
vn -0.3876 0.7786 0.4934
vn 0.2455 0.9594 0.1384
vn 0.4860 0.1727 -0.8567
vn -0.5183 0.4460 -0.7296
vn 0.9706 0.0675 -0.2309
vn 0.7256 0.1230 -0.6770
vn -0.1713 0.7181 0.6745
vn -0.5721 -0.4402 -0.6921
vn -0.2869 0.3977 0.8715
vn 0.8175 0.5756 -0.0205
vn 0.7179 0.0694 0.6927
vn -0.6419 0.6421 0.4190
vn 0.9968 0.0737 0.0300
vn 0.7020 -0.5502 -0.4522
vn -0.7313 0.4389 0.5221
vn 0.9904 -0.0331 -0.1339
vn -0.7303 -0.4990 -0.4666
vn 0.6136 0.6842 -0.3942
vn 0.0472 0.8912 -0.4512
vn 0.4238 0.7556 0.4995
vn 0.3391 0.7743 0.5343
vn 0.1082 0.7554 0.6463
vn 0.0819 0.5111 0.8556
vn -0.3397 -0.1693 -0.9252
vn -0.6971 0.6786 -0.2313
vn -0.4596 0.6768 -0.5750
vn 0.8981 -0.4390 0.0240
vn -0.5778 0.5756 0.5786
vn 0.1803 -0.1417 -0.9734
vn -0.1616 0.1880 -0.9688
vn -0.2256 -0.2482 -0.9421
vn 0.3638 0.8541 0.3716
vn -0.1951 0.9478 0.2522
vn 0.4554 0.8263 0.3313
vn -0.2627 0.9648 -0.0122
vn -0.2093 0.9465 -0.2458
vn 0.3123 0.7658 -0.5622
vn 0.4239 0.7439 -0.5166
vn -0.4944 0.7729 -0.3977
vn 0.4560 0.7640 -0.4564
vn -0.6264 0.7357 -0.2576
vn 0.5302 0.8007 -0.2789
vn -0.6024 0.7470 -0.2814
vn 0.5623 0.8048 -0.1900
vn -0.5689 0.7809 -0.2582
vn 0.5997 0.7306 0.3265
vn -0.7133 0.6901 -0.1222
vn 0.6569 0.4964 0.5675
vn 0.5474 0.4777 0.6871
vn 0.5012 0.3141 0.8063
vn 0.8332 0.4118 0.3691
vn 0.7205 0.4333 -0.5414
vn -0.8165 0.5402 -0.2039
vn -0.8115 0.5491 -0.1999
vn -0.8113 0.5494 -0.2001
vn 0.6996 0.5802 -0.4171
vn 0.3363 0.9377 0.0879
vn 0.3399 0.9363 0.0884
vn 0.3349 0.9382 0.0876
vn -0.7452 0.2407 0.6219
vn 0.2186 0.9505 0.2207
vn 0.2883 0.7435 0.6034
vn -0.0506 0.7720 0.6336
vn -0.7619 0.2825 0.5829
vn -0.0200 0.9165 0.3995
vn -0.0198 0.9165 0.3995
vn -0.0193 0.9165 0.3995
vn -0.4916 0.5090 0.7066
vn 0.4591 0.3983 0.7941
vn -0.1719 0.8433 0.5092
vn -0.0189 0.9166 0.3994
vn 0.2069 0.2639 0.9421
vn -0.7653 0.0038 0.6437
vn 0.8622 -0.0855 -0.4993
vn 0.9354 -0.3302 -0.1262
vn -0.7192 -0.1547 0.6774
vn -0.8609 -0.0530 0.5060
vn 0.7483 -0.6633 0.0005
vn 0.9658 -0.1950 0.1710
vn -0.6619 -0.1176 0.7403
vn -0.0229 -0.3962 0.9179
vn -0.0337 0.0984 -0.9946
vn 0.0244 0.1828 -0.9828
vn 0.0812 0.1672 -0.9826
vn 0.1031 0.1832 -0.9777
vn 0.0924 0.0650 -0.9936
vn 0.0957 0.0603 -0.9936
vn 0.0948 0.0616 -0.9936
vn 0.0918 0.0658 -0.9936
vn -0.1446 -0.1873 -0.9716
vn -0.1788 -0.3490 -0.9199
vn 0.2851 -0.4355 -0.8538
vn -0.0250 0.0610 -0.9978
vn -0.0264 0.0554 -0.9981
vn -0.0254 0.0592 -0.9979
vn -0.1726 0.6019 -0.7797
vn -0.3558 0.7556 -0.5500
vn -0.3738 0.7736 -0.5117
vn 0.6837 -0.5978 -0.4186
vn -0.4818 0.7806 -0.3981
vn 0.7117 -0.5804 -0.3957
vn -0.4799 0.8220 -0.3067
vn 0.6806 0.7200 0.1356
vn -0.0675 0.4375 0.8967
vn -0.0677 0.4393 0.8958
vn -0.0671 0.4306 0.9000
vn -0.0726 0.0781 0.9943
vn -0.0991 0.1009 0.9899
vn 0.6597 0.7023 -0.2675
vn -0.0699 0.1550 0.9854
vn -0.1132 0.1411 0.9835
vn -0.6099 0.7846 -0.1116
vn 0.4032 -0.3411 0.8492
vn -0.7271 -0.0971 0.6796
vn 0.8440 0.5294 -0.0861
vn 0.7755 -0.2174 -0.5928
vn -0.6420 0.7667 0.0019
vn -0.6613 0.7499 0.0213
vn -0.6160 0.7810 0.1027
vn -0.6507 -0.3130 0.6918
vn 0.7763 0.6168 0.1299
vn -0.1196 -0.5063 0.8540
vn -0.0089 -0.5131 0.8583
vn -0.8969 -0.4082 -0.1702
vn -0.1782 -0.8667 -0.4659
vn -0.7865 -0.5278 -0.3206
vn -0.6578 -0.6766 -0.3310
vn -0.9753 -0.2141 0.0550
vn -0.3506 -0.8398 -0.4146
vn -0.9795 -0.1585 0.1245
vn -0.5693 0.3669 0.7357
vn 0.4423 0.8224 0.3579
vn -0.7990 0.2844 0.5299
vn -0.1782 0.9657 0.1890
vn 0.3446 0.8913 -0.2947
vn 0.1025 0.9538 0.2824
vn -0.8522 0.2104 0.4791
vn 0.7429 0.4687 -0.4780
vn -0.3922 0.8359 0.3841
vn -0.8747 0.3661 0.3175
vn 0.6354 0.6455 0.4239
vn 0.6726 -0.5432 -0.5025
vn -0.5645 -0.4216 -0.7097
vn 0.7727 0.3659 -0.5187
vn 0.1417 0.7061 0.6938
vn -0.2273 0.7069 0.6698
vn 0.6272 -0.5143 -0.5849
vn 0.6250 -0.5148 -0.5868
vn 0.6270 -0.5142 -0.5852
vn -0.5579 0.6793 0.4767
vn -0.0090 0.6144 0.7889
vn 0.7704 -0.4805 0.4189
vn -0.9508 0.0703 -0.3017
vn 0.5842 0.4707 -0.6612
vn 0.6245 -0.5150 -0.5871
vn -0.5321 0.8218 0.2036
vn 0.7066 0.4851 0.5152
vn 0.6569 0.5984 0.4586
vn -0.7653 -0.0359 -0.6427
vn -0.0909 0.2910 -0.9524
vn 0.6793 -0.5722 -0.4594
vn -0.5175 0.6894 -0.5069
vn 0.3620 0.6803 0.6372
vn -0.3816 -0.3664 -0.8486
vn -0.4944 -0.4307 -0.7550
vn 0.5772 0.4851 0.6568
vn -0.9341 0.3384 -0.1141
vn 0.9601 -0.2473 0.1306
vn -0.4905 0.6203 0.6120
vn 0.8105 -0.0474 -0.5838
vn 0.6907 0.7228 0.0227
vn 0.4175 0.4618 0.7826
vn 0.8582 -0.0497 0.5109
vn -0.5577 0.7505 0.3546
vn -0.1193 -0.5041 -0.8554
vn -0.1190 -0.5033 -0.8559
vn -0.1188 -0.5036 -0.8557
vn 0.4339 0.4849 0.7594
vn -0.4894 0.7641 0.4203
vn 0.2904 0.7187 0.6318
vn 0.2903 0.7194 0.6310
vn 0.2909 0.7154 0.6353
vn 0.2604 0.9130 0.3141
vn 0.2406 0.9079 0.3434
vn 0.1723 0.6823 -0.7105
vn -0.1167 0.9877 -0.1043
vn 0.0247 0.9537 -0.2998
vn -0.0802 0.9952 -0.0565
vn 0.1819 0.9676 -0.1749
vn 0.2321 0.8130 -0.5340
vn -0.2811 0.8202 -0.4982
vn -0.3721 0.8201 -0.4347
vn -0.3722 0.8201 -0.4347
vn 0.3475 0.7824 -0.5168
vn -0.5064 0.8156 -0.2797
vn -0.5061 0.8156 -0.2803
vn -0.5060 0.8158 -0.2799
vn 0.4641 0.8368 -0.2906
vn -0.5100 0.8149 -0.2754
vn 0.5030 0.8635 -0.0357
vn -0.5515 0.8148 -0.1786
vn 0.5402 0.8401 0.0501
vn -0.4898 0.8303 -0.2661
vn 0.5111 0.7978 0.3199
vn 0.5153 0.7201 0.4646
vn 0.4729 0.7536 0.4565
vn -0.6546 0.7400 -0.1548
vn 0.5639 0.7020 0.4350
vn -0.6584 0.5936 -0.4628
vn 0.7875 0.4378 0.4338
vn 0.8780 0.3565 -0.3195
vn -0.8169 0.5393 -0.2044
vn 0.7166 0.5843 -0.3810
vn -0.7827 0.6125 -0.1101
vn -0.8087 0.5847 0.0651
vn 0.5936 0.7810 -0.1940
vn -0.7770 0.5311 0.3379
vn 0.3071 0.9463 0.1015
vn 0.3414 0.9357 0.0885
vn -0.6432 0.5374 0.5454
vn 0.1571 0.9545 0.2533
vn 0.1575 0.9546 0.2529
vn 0.1546 0.9540 0.2568
vn 0.2339 0.9454 0.2271
vn -0.6876 0.5673 0.4532
vn -0.0022 0.8543 0.5198
vn 0.0816 0.9481 0.3074
vn 0.0649 0.9504 0.3043
vn 0.1543 0.9539 0.2574
vn -0.3813 0.7253 0.5733
vn -0.3753 0.7322 0.5683
vn -0.3813 0.7255 0.5729
vn -0.7643 0.4823 0.4280
vn -0.7938 0.4872 0.3639
vn 0.6405 -0.0096 0.7679
vn 0.2792 -0.0693 0.9577
vn -0.1334 0.2723 -0.9529
vn -0.1126 0.2747 -0.9549
vn 0.1106 0.1992 -0.9737
vn 0.1748 0.2321 -0.9569
vn 0.1602 0.1895 -0.9687
vn -0.2189 -0.1933 -0.9564
vn -0.0544 -0.2245 -0.9730
vn -0.1472 0.5036 -0.8513
vn -0.1470 0.5038 -0.8512
vn -0.1474 0.5036 -0.8513
vn -0.1349 -0.1327 -0.9819
vn 0.0620 -0.0280 -0.9977
vn -0.0268 0.0538 -0.9982
vn 0.4389 -0.4724 -0.7643
vn -0.1925 0.5794 -0.7920
vn -0.2816 0.6958 -0.6607
vn -0.2794 0.6895 -0.6682
vn -0.2812 0.6948 -0.6620
vn -0.2634 0.7144 -0.6483
vn -0.3410 0.7579 -0.5562
vn 0.8396 -0.4744 -0.2647
vn 0.9239 -0.3515 -0.1514
vn 0.3986 0.7591 0.5148
vn -0.3335 0.9016 -0.2757
vn -0.2857 0.9211 -0.2646
vn 0.4573 0.8788 -0.1363
vn 0.6526 0.5065 -0.5635
vn 0.9687 -0.1275 -0.2129
vn 0.6948 0.5548 -0.4576
vn -0.1252 0.1726 0.9770
vn -0.1500 0.1748 0.9731
vn -0.1584 0.1573 0.9748
vn 0.9893 -0.1337 -0.0577
vn -0.1288 0.1133 0.9852
vn -0.0074 -0.1590 0.9873
vn 0.8550 0.0772 -0.5129
vn -0.4974 0.8574 -0.1321
vn 0.4120 -0.1661 0.8959
vn -0.0877 -0.0577 0.9945
vn -0.0752 -0.0490 0.9960
vn 0.1295 -0.1702 0.9769
vn 0.7665 -0.2656 -0.5847
vn -0.6097 -0.0794 0.7886
vn -0.5877 -0.0435 0.8079
vn 0.8457 -0.4237 -0.3245
vn 0.7756 -0.4825 -0.4071
vn -0.5767 0.8083 0.1184
vn -0.6798 0.0015 0.7334
vn 0.8039 -0.5403 -0.2487
vn 0.8257 0.5634 0.0282
vn -0.6759 0.6997 0.2317
vn -0.6606 -0.1353 0.7385
vn -0.6355 -0.1048 0.7650
vn 0.6896 -0.6908 0.2175
vn 0.6920 -0.6894 0.2143
vn 0.6900 -0.6905 0.2169
vn 0.6921 -0.6893 0.2141
vn -0.9229 -0.3044 -0.2358
vn 0.3869 -0.4505 0.8046
vn 0.6436 0.7224 0.2527
vn -0.1573 -0.2299 0.9604
vn 0.0394 -0.2799 0.9592
vn 0.3902 0.8605 0.3275
vn -0.4756 0.6366 0.6070
vn 0.8818 0.3308 -0.3362
vn 0.6100 0.5942 -0.5242
vn -0.3924 0.1459 0.9081
vn 0.7183 0.6111 0.3325
vn 0.4680 0.8033 0.3684
vn 0.9575 0.2635 -0.1169
vn -0.5307 0.7864 0.3161
vn 0.7510 -0.5352 -0.3867
vn -0.7921 0.4472 0.4154
vn -0.5387 0.6716 0.5086
vn 0.3572 0.8494 0.3885
vn 0.3562 0.8495 0.3891
vn 0.3617 0.8490 0.3852
vn 0.7524 0.4852 0.4455
vn -0.5469 -0.4336 -0.7162
vn 0.2973 -0.0573 -0.9531
vn 0.6419 -0.0824 -0.7623
vn 0.6929 -0.0508 -0.7192
vn -0.5508 -0.4702 -0.6896
vn -0.5507 -0.4703 -0.6896
vn -0.5509 -0.4701 -0.6895
vn -0.7572 -0.4765 -0.4469
vn -0.3234 -0.9418 0.0921
vn 0.6523 -0.0701 0.7547
vn 0.9038 0.3163 0.2881
vn 0.1729 0.6516 -0.7386
vn -0.3514 0.0351 -0.9356
vn 0.8776 -0.3665 -0.3092
vn 0.6977 0.5211 0.4916
vn 0.3919 0.1845 0.9013
vn 0.3407 0.2850 0.8960
vn -0.6514 0.3554 0.6704
vn -0.6477 0.3341 0.6847
vn 0.6325 -0.1060 -0.7673
vn 0.4962 -0.1564 -0.8540
vn -0.5222 0.6893 0.5022
vn 0.6062 -0.0080 0.7953
vn 0.3444 0.2096 0.9151
vn -0.2352 0.5996 0.7649
vn 0.3540 -0.0135 -0.9351
vn -0.5886 0.5988 0.5431
vn -0.5126 0.6259 0.5878
vn 0.4645 -0.5742 -0.6742
vn 0.4620 -0.5770 -0.6735
vn 0.4641 -0.5744 -0.6743
vn 0.4934 -0.5750 -0.6526
vn -0.8941 -0.3126 0.3206
vn -0.8942 -0.3126 0.3203
vn -0.8970 -0.3128 0.3123
vn 0.9953 -0.0839 -0.0488
vn 0.3726 0.9012 -0.2213
vn 0.8542 0.0144 0.5197
vn 0.4901 0.4570 0.7423
vn -0.2199 -0.4629 -0.8587
vn -0.8982 0.4307 -0.0882
vn 0.8089 0.0206 -0.5876
vn -0.0798 -0.5458 -0.8341
vn -0.1213 -0.5091 -0.8521
vn -0.3851 -0.5613 -0.7325
vn -0.5550 0.6077 0.5681
vn 0.3860 0.6250 0.6785
vn 0.2018 0.5797 0.7895
vn 0.1086 0.7784 0.6183
vn 0.2911 0.7152 0.6354
vn -0.3373 0.8494 0.4059
vn 0.2902 0.8262 0.4830
vn -0.1848 0.8481 0.4966
vn 0.2828 0.8173 0.5020
vn -0.2507 0.9052 0.3431
vn -0.1399 0.9142 0.3803
vn -0.0352 0.9412 0.3361
vn 0.0270 0.9297 0.3674
vn 0.1626 0.9357 0.3131
vn -0.2157 0.8445 -0.4902
vn -0.4140 0.8144 -0.4066
vn 0.4226 0.8375 -0.3463
vn -0.4955 0.8454 -0.1993
vn 0.4591 0.8769 0.1426
vn 0.4626 0.8518 0.2460
vn -0.5446 0.8205 -0.1737
vn -0.5652 0.8083 -0.1649
vn 0.5310 0.7332 0.4247
vn 0.5496 0.7495 0.3690
vn 0.7638 0.5612 0.3189
vn 0.5824 0.7839 -0.2151
vn 0.5738 0.7949 -0.1971
vn 0.3870 0.9217 -0.0254
vn 0.3509 0.9341 0.0652
vn 0.2951 0.9508 0.0939
vn -0.7734 0.6202 0.1307
vn -0.7736 0.6203 0.1296
vn -0.7724 0.6195 0.1402
vn -0.7723 0.6193 0.1418
vn 0.0961 0.9366 0.3369
vn 0.1532 0.9647 0.2142
vn 0.1534 0.9646 0.2146
vn 0.1518 0.9639 0.2186
vn 0.1309 0.9035 0.4081
vn -0.0164 0.9104 0.4134
vn 0.5835 0.5311 0.6144
vn 0.6272 0.5181 0.5816
vn -0.0730 0.9793 0.1886
vn -0.5128 0.6854 0.5170
vn -0.3349 0.8787 -0.3401
vn 0.1695 0.9160 -0.3636
vn 0.3146 0.5022 0.8055
vn -0.6680 0.6797 0.3029
vn 0.0038 0.8284 -0.5601
vn 0.6737 0.5855 -0.4509
vn 0.8478 0.4808 -0.2236
vn -0.7461 0.6474 0.1558
vn 0.6718 0.4039 -0.6209
vn -0.7987 0.2760 0.5347
vn 0.8895 0.2989 -0.3456
vn -0.5991 0.2216 0.7694
vn -0.2193 0.3606 0.9066
vn 0.8075 0.3143 0.4992
vn -0.0404 0.3409 -0.9392
vn -0.1638 0.4387 -0.8836
vn -0.1877 0.4412 -0.8776
vn 0.1697 0.2670 -0.9486
vn 0.1250 -0.2128 -0.9691
vn 0.1002 -0.1782 -0.9789
vn 0.2567 -0.3247 -0.9103
vn -0.1473 0.5035 -0.8513
vn -0.1912 0.5138 -0.8363
vn 0.0473 0.2688 -0.9620
vn -0.0640 0.2237 -0.9726
vn -0.1044 0.0685 -0.9922
vn 0.6128 -0.5533 -0.5643
vn -0.3611 0.8324 -0.4203
vn -0.4583 0.8412 -0.2870
vn -0.4122 0.9015 -0.1316
vn 0.1752 0.9342 0.3109
vn -0.0670 0.4287 0.9010
vn -0.3856 0.8947 -0.2257
vn -0.2694 0.9319 -0.2428
vn 0.2463 -0.2451 0.9377
vn 0.1248 -0.0340 0.9916
vn 0.8730 0.0973 -0.4779
vn -0.1297 -0.0043 0.9915
vn 0.4658 -0.0831 0.8810
vn -0.6923 -0.0061 0.7216
vn -0.0694 -0.0070 0.9976
vn 0.2176 -0.0918 0.9717
vn -0.4196 0.9038 -0.0836
vn -0.3220 0.9323 -0.1645
vn -0.4321 0.9001 -0.0559
vn -0.4322 0.8999 -0.0584
vn -0.4316 0.9008 -0.0478
vn 0.7878 -0.2385 -0.5679
vn -0.5704 0.8076 0.1495
vn -0.6968 -0.0797 0.7128
vn 0.7797 -0.5652 -0.2695
vn 0.7471 -0.5620 -0.3550
vn -0.6294 0.7632 0.1464
vn 0.7326 0.6641 0.1493
vn 0.5045 0.8579 -0.0976
vn -0.6061 -0.3085 -0.7331
vn -0.4569 -0.1748 0.8722
vn 0.5787 -0.4478 0.6816
vn 0.0443 -0.8175 -0.5743
vn 0.0435 -0.8175 -0.5743
vn 0.0481 -0.8216 -0.5680
vn -0.9385 -0.2545 -0.2334
vn -0.3894 -0.0625 0.9190
vn 0.5104 0.8599 -0.0075
vn 0.5673 0.7802 0.2636
vn 0.1016 -0.2177 0.9707
vn 0.2962 -0.3118 0.9028
vn 0.3645 0.8894 0.2759
vn -0.5710 0.6174 0.5410
vn -0.3723 0.8614 0.3456
vn -0.3726 0.8612 0.3457
vn -0.3744 0.8603 0.3459
vn 0.3624 0.8490 0.3847
vn -0.7369 0.5084 0.4455
vn -0.4432 0.8754 0.1929
vn -0.6488 0.6358 0.4181
vn -0.6487 0.6361 0.4178
vn -0.6434 0.6388 0.4218
vn 0.6085 0.7126 0.3492
vn 0.6841 -0.6244 -0.3770
vn -0.5004 -0.5077 -0.7013
vn 0.8111 0.1764 -0.5577
vn 0.5140 0.3363 0.7891
vn 0.4522 0.4285 0.7822
vn -0.0207 0.4785 0.8778
vn 0.7536 0.1888 -0.6296
vn -0.6000 0.6453 0.4729
vn -0.4920 0.8515 0.1813
vn 0.3181 0.9479 -0.0201
vn 0.5039 -0.1154 -0.8560
vn -0.6892 0.3675 -0.6244
vn -0.5015 -0.4698 -0.7265
vn -0.5511 -0.4699 -0.6895
vn 0.5055 -0.5775 0.6411
vn -0.3811 0.3452 0.8577
vn -0.8938 -0.3127 0.3216
vn 0.5444 -0.1431 -0.8265
vn 0.4322 -0.1377 -0.8912
vn 0.7412 0.2500 0.6230
vn 0.3951 -0.2268 0.8902
vn -0.6780 0.5981 -0.4272
vn 0.6058 -0.3672 0.7058
vn 0.4279 0.8551 0.2928
vn -0.2199 0.9732 0.0671
vn 0.6839 -0.4112 0.6026
vn -0.0569 -0.8477 -0.5273
vn -0.1932 -0.2060 -0.9593
vn -0.1747 -0.3145 -0.9331
vn 0.0065 -0.0756 -0.9971
vn -0.3682 0.6886 0.6247
vn -0.3593 0.6805 0.6386
vn -0.9014 -0.3539 -0.2494
vn 0.2788 -0.8466 0.4534
vn 0.6378 -0.4404 0.6318
vn 0.9760 0.1501 0.1579
vn 0.3170 0.7793 -0.5407
vn -0.3181 0.4202 -0.8498
vn 0.3678 0.0982 -0.9247
vn -0.1760 0.7698 -0.6136
vn 0.3884 -0.2852 0.8762
vn 0.3018 0.2213 0.9273
vn -0.5714 0.7859 -0.2362
vn -0.3446 0.6386 0.6881
vn 0.1957 0.3484 0.9167
vn 0.0707 0.1375 0.9880
vn -0.1700 0.8595 0.4821
vn 0.0052 0.7545 0.6563
vn 0.0544 0.8242 0.5637
vn 0.0544 0.8241 0.5638
vn 0.0546 0.8239 0.5641
vn 0.2678 0.8288 0.4913
vn 0.0784 0.8622 -0.5004
vn -0.0918 0.8453 -0.5264
vn 0.1451 0.8593 -0.4904
vn 0.2174 0.8306 -0.5127
vn 0.2945 0.8394 -0.4568
vn 0.2978 0.8507 -0.4332
vn 0.4104 0.8452 -0.3423
vn -0.4370 0.8459 -0.3057
vn -0.4350 0.8862 -0.1596
vn 0.4322 0.8998 -0.0599
vn 0.4317 0.8950 0.1120
vn -0.4178 0.8884 -0.1903
vn 0.4088 0.8780 0.2491
vn -0.4269 0.8769 -0.2210
vn 0.3972 0.8538 0.3366
vn 0.4545 0.8412 0.2929
vn -0.4742 0.8605 -0.1865
vn 0.5352 0.8049 0.2565
vn -0.5367 0.7545 -0.3777
vn 0.6715 0.7388 -0.0578
vn -0.5598 0.6972 -0.4477
vn 0.5880 0.7989 -0.1265
vn -0.5802 0.7410 -0.3381
vn 0.2376 0.9668 0.0943
vn -0.6307 0.7684 -0.1086
vn 0.1582 0.9629 0.2185
vn 0.1532 0.9633 0.2203
vn 0.1494 0.8927 0.4252
vn 0.1085 0.9485 0.2977
vn 0.7170 0.6079 0.3411
vn -0.0254 0.8665 0.4985
vn -0.3802 0.7282 0.5702
vn -0.2221 0.6632 0.7147
vn 0.1417 0.8171 0.5589
vn 0.3695 0.6547 0.6594
vn -0.3901 0.9198 -0.0425
vn 0.1814 0.9636 0.1963
vn 0.2135 0.7650 0.6076
vn 0.1327 0.3799 -0.9155
vn 0.1593 0.3875 -0.9080
vn 0.1522 0.4002 -0.9037
vn -0.1757 -0.0485 -0.9832
vn -0.1142 -0.0459 -0.9924
vn 0.0760 0.0972 -0.9924
vn 0.4306 -0.3618 -0.8268
vn -0.1804 0.6818 -0.7089
vn -0.1518 0.6330 -0.7592
vn -0.1849 0.7377 -0.6493
vn 0.9339 -0.3267 -0.1454
vn 0.5854 0.7860 -0.1986
vn 0.1352 0.7969 0.5888
vn -0.1093 0.3989 0.9105
vn 0.5860 0.7797 -0.2205
vn -0.0958 0.3676 0.9250
vn -0.1640 0.3674 0.9155
vn -0.3529 0.9165 -0.1885
vn 0.5359 0.4512 -0.7136
vn 0.9305 -0.3294 -0.1599
vn 0.9910 -0.1000 -0.0893
vn -0.3350 0.9089 -0.2483
vn -0.1572 0.1004 0.9825
vn -0.0913 0.1589 0.9831
vn 0.6251 0.0548 -0.7786
vn 0.7177 -0.0573 -0.6940
vn -0.5730 0.0663 0.8169
vn 0.7825 -0.0288 -0.6219
vn -0.4314 0.9010 -0.0453
vn -0.4603 0.8876 0.0145
vn 0.7626 0.6465 -0.0190
vn -0.7007 0.0722 0.7098
vn 0.6733 0.7314 0.1082
vn -0.4277 0.8960 0.1193
vn -0.7690 -0.5408 -0.3407
vn 0.0484 -0.8221 -0.5672
vn 0.1496 0.9611 -0.2321
vn -0.4155 0.8994 0.1356
vn -0.7507 -0.5137 -0.4154
vn 0.5595 0.5321 -0.6355
vn 0.1015 0.7399 -0.6651
vn -0.2315 0.9323 0.2778
vn -0.3007 0.9174 0.2607
vn -0.9872 0.1097 0.1154
vn 0.8953 0.4456 -0.0028
vn -0.3040 0.9279 0.2160
vn -0.2308 -0.1114 0.9666
vn 0.0953 -0.1019 0.9902
vn 0.4902 0.8163 0.3054
vn 0.7776 0.6133 0.1387
vn 0.7025 -0.5663 -0.4310
vn 0.6714 -0.6627 -0.3316
vn 0.3137 0.8792 0.3584
vn 0.6228 0.7495 0.2242
vn 0.6548 -0.6593 -0.3697
vn -0.3428 0.9220 0.1801
vn 0.6983 -0.6231 -0.3522
vn -0.3319 0.9304 0.1555
vn 0.3547 0.0781 -0.9317
vn -0.2707 0.9218 0.2777
vn -0.4764 -0.6145 -0.6288
vn 0.7976 0.4359 0.4169
vn 0.5260 0.7567 -0.3883
vn 0.6109 0.7030 -0.3641
vn -0.2845 0.8816 0.3765
vn 0.5845 0.0877 0.8067
vn 0.5267 0.8357 -0.1557
vn 0.8787 0.0534 0.4744
vn -0.7287 -0.6185 -0.2942
vn -0.4711 0.0043 -0.8821
vn 0.9778 -0.1881 -0.0920
vn -0.6609 0.6608 -0.3557
vn 0.4527 0.0314 -0.8911
vn 0.5849 0.2007 0.7859
vn -0.7623 0.0013 -0.6472
vn -0.3138 0.8895 -0.3321
vn 0.1031 0.6951 0.7115
vn -0.3797 0.4445 0.8113
vn -0.0185 0.5180 0.8552
vn -0.6508 0.2085 0.7301
vn 0.4617 -0.5775 -0.6733
vn -0.2724 0.8804 0.3882
vn -0.3400 0.8497 0.4029
vn 0.6033 -0.5749 0.5528
vn 0.4956 -0.8684 0.0136
vn -0.3260 0.8931 -0.3100
vn 0.5607 -0.4937 0.6648
vn 0.4536 -0.6236 0.6367
vn -0.3960 0.7562 0.5209
vn 0.6199 0.6539 0.4338
vn -0.6074 0.7911 -0.0724
vn 0.4361 -0.3829 -0.8144
vn -0.0611 -0.4215 -0.9048
vn 0.0085 -0.2456 -0.9693
vn -0.4481 0.5700 0.6887
vn 0.3519 -0.4964 -0.7936
vn -0.4094 0.1949 -0.8913
vn -0.0730 0.0572 -0.9957
vn 0.0421 0.0456 0.9981
vn 0.2134 -0.5953 0.7746
vn 0.3658 -0.4683 0.8043
vn -0.3198 0.6762 0.6636
vn 0.0761 0.4188 0.9049
vn 0.0756 0.4190 0.9048
vn 0.0734 0.4196 0.9048
vn 0.1233 0.4390 0.8900
vn -0.3112 -0.2694 0.9114
vn -0.2194 0.4361 0.8728
vn 0.1867 0.5952 0.7816
vn 0.0547 0.8238 0.5642
vn -0.0265 0.8734 -0.4863
vn 0.0518 0.8729 -0.4852
vn -0.3567 0.9078 -0.2205
vn 0.3664 0.8987 -0.2409
vn 0.4007 0.9110 -0.0971
vn 0.3996 0.9115 -0.0977
vn 0.4074 0.9084 -0.0936
vn 0.4087 0.9079 -0.0929
vn -0.4064 0.9003 -0.1561
vn 0.3558 0.9206 0.1611
vn -0.3347 0.9205 -0.2017
vn 0.3296 0.9062 0.2648
vn -0.4427 0.8819 -0.1621
vn 0.4576 0.8838 0.0974
vn -0.3422 0.8249 -0.4499
vn 0.2940 0.9544 0.0513
vn 0.2930 0.9548 0.0497
vn 0.2943 0.9543 0.0513
vn 0.5698 0.8218 -0.0071
vn -0.5664 0.7622 -0.3134
vn 0.2403 0.9581 0.1559
vn -0.5662 0.8235 -0.0357
vn -0.5870 0.8047 0.0887
vn 0.1789 0.9292 0.3235
vn -0.5394 0.8181 0.1992
vn -0.4200 0.8914 -0.1703
vn -0.3649 0.7984 0.4789
vn -0.4698 0.8136 0.3426
vn -0.3721 0.7349 0.5670
vn -0.3097 0.7538 0.5795
vn 0.5342 0.5933 0.6022
vn 0.0450 0.7908 0.6104
vn 0.1331 0.7832 0.6073
vn -0.0270 0.4350 -0.9000
vn 0.1186 0.4569 -0.8816
vn 0.1334 0.5340 -0.8349
vn 0.1290 0.5277 -0.8396
vn 0.1289 0.5280 -0.8394
vn -0.1018 0.0017 -0.9948
vn -0.1881 0.6137 -0.7668
vn 0.3161 -0.2721 -0.9089
vn 0.1203 0.2505 -0.9606
vn 0.0700 0.3579 -0.9311
vn 0.0716 0.3589 -0.9306
vn 0.0646 0.3544 -0.9329
vn 0.0633 0.3535 -0.9333
vn -0.0412 0.2136 -0.9761
vn 0.6231 -0.5067 -0.5958
vn -0.0850 0.8605 -0.5024
vn -0.1508 0.6749 -0.7223
vn 0.7816 -0.5673 -0.2594
vn -0.3771 0.7108 -0.5937
vn -0.4743 0.7563 -0.4507
vn -0.4866 0.7541 -0.4411
vn 0.8396 -0.5339 -0.0999
vn -0.5320 0.8261 -0.1856
vn 0.6132 0.7548 0.2330
vn 0.5606 0.4471 -0.6970
vn -0.1425 0.4216 0.8955
vn -0.0510 0.3991 0.9155
vn -0.0947 0.3203 0.9426
vn -0.1076 0.3809 0.9184
vn 0.9402 -0.3298 -0.0852
vn 0.6926 0.6644 -0.2809
vn -0.1576 0.3444 0.9255
vn -0.1588 0.3384 0.9275
vn -0.1570 0.3478 0.9243
vn 0.2084 0.0404 0.9772
vn -0.2872 0.0561 0.9562
vn 0.8499 -0.4649 -0.2480
vn -0.3151 0.9232 -0.2200
vn -0.1251 0.2630 0.9566
vn -0.1551 0.2007 0.9673
vn -0.7020 0.1816 0.6886
vn 0.2036 0.0864 0.9752
vn 0.5896 -0.3130 -0.7446
vn 0.0750 -0.0202 0.9970
vn -0.3547 0.9227 -0.1512
vn 0.7633 0.6427 -0.0663
vn 0.7564 -0.3610 -0.5455
vn -0.5875 0.1698 0.7912
vn 0.7557 -0.1923 -0.6261
vn 0.8339 -0.0810 -0.5459
vn -0.4370 0.8900 0.1298
vn -0.6961 0.0919 0.7121
vn 0.8306 -0.4850 -0.2735
vn 0.8289 -0.4870 -0.2753
vn 0.8279 -0.4880 -0.2765
vn 0.6393 0.7597 0.1187
vn 0.8310 -0.4844 -0.2733
vn -0.6378 0.0805 0.7660
vn 0.8310 -0.4843 -0.2737
vn -0.2313 -0.0153 -0.9728
vn -0.2701 0.9324 0.2400
vn -0.5300 0.2492 0.8106
vn 0.9443 -0.1839 0.2730
vn -0.7799 -0.5658 0.2677
vn -0.8677 0.1828 -0.4622
vn 0.3404 -0.4271 -0.8377
vn 0.7662 -0.1963 -0.6119
vn -0.4501 0.1901 0.8725
vn 0.7323 -0.0665 0.6777
vn 0.7908 -0.2340 -0.5656
vn -0.9055 0.3668 0.2133
vn -0.1462 0.0205 0.9890
vn -0.6316 0.6536 0.4171
vn 0.8333 -0.2000 -0.5154
vn 0.4346 0.8469 0.3062
vn 0.2879 0.8936 0.3443
vn 0.8340 -0.1616 -0.5276
vn 0.2979 0.9001 0.3180
vn -0.6149 0.6384 0.4629
vn 0.8875 0.0448 -0.4586
vn 0.8868 0.0481 -0.4596
vn 0.8855 0.0546 -0.4614
vn 0.9288 0.3282 0.1724
vn 0.8848 0.0580 -0.4623
vn 0.9907 0.1347 0.0190
vn -0.6429 0.6400 0.4208
vn -0.6418 0.6411 0.4209
vn -0.8233 0.5264 0.2123
vn 0.9025 0.2297 -0.3644
vn -0.2766 0.2511 -0.9276
vn 0.1574 0.3577 -0.9205
vn -0.5696 0.7498 0.3367
vn -0.4962 0.4362 -0.7507
vn -0.4446 0.5167 0.7316
vn 0.2786 0.7698 -0.5743
vn 0.5309 0.7975 0.2866
vn -0.7187 0.4041 0.5658
vn -0.9432 -0.1954 0.2687
vn 0.9330 0.1680 -0.3182
vn 0.9534 -0.0056 0.3017
vn 0.9010 0.1015 0.4218
vn -0.4861 0.6961 -0.5284
vn 0.3308 0.8428 0.4245
vn -0.0389 0.8070 0.5892
vn 0.3008 0.9485 -0.0992
vn -0.8509 -0.1559 0.5016
vn 0.7062 0.0491 -0.7063
vn 0.4882 -0.0236 -0.8724
vn 0.2736 0.1745 -0.9459
vn -0.3377 -0.7309 -0.5930
vn 0.6655 -0.7289 -0.1607
vn -0.5372 0.7722 -0.3393
vn 0.1256 0.8820 0.4542
vn -0.4792 0.6553 0.5839
vn 0.4470 0.6513 -0.6133
vn -0.3398 0.6936 -0.6352
vn -0.0629 0.4104 -0.9097
vn 0.7727 0.2993 -0.5597
vn 0.9229 -0.3743 -0.0907
vn -0.5973 -0.2721 0.7545
vn -0.3762 0.8118 0.4466
vn 0.7714 0.0120 0.6363
vn -0.5356 -0.5958 -0.5984
vn -0.3033 -0.7093 -0.6363
vn -0.6409 0.4379 -0.6305
vn -0.4614 0.4747 -0.7495
vn -0.5424 0.4660 0.6990
vn 0.9868 -0.0458 -0.1553
vn 0.6239 0.4964 0.6037
vn 0.7033 -0.7098 0.0385
vn -0.3962 0.0773 -0.9149
vn 0.6465 -0.1687 0.7440
vn 0.5824 -0.2985 0.7561
vn -0.2767 0.6889 -0.6699
vn -0.8018 -0.5486 -0.2371
vn 0.0144 0.7529 -0.6580
vn 0.7945 0.5637 0.2259
vn 0.8104 0.1889 -0.5547
vn -0.2515 0.0130 -0.9678
vn -0.5588 0.3961 -0.7286
vn -0.5185 0.4419 0.7321
vn 0.0831 -0.5417 -0.8364
vn 0.1893 0.5364 0.8225
vn -0.0573 0.3546 0.9333
vn -0.3217 0.3755 0.8692
vn 0.1673 0.5853 0.7934
vn 0.4065 0.5089 0.7588
vn -0.0054 -0.3751 0.9270
vn -0.1313 0.5929 0.7945
vn 0.1137 0.4846 0.8673
vn 0.0703 0.5241 0.8487
vn 0.2552 0.5684 0.7821
vn -0.1699 0.8943 -0.4140
vn -0.0503 0.8906 -0.4520
vn 0.1185 0.9159 -0.3836
vn 0.1119 0.9002 -0.4209
vn -0.2584 0.9103 -0.3234
vn -0.2113 0.9189 -0.3332
vn 0.1982 0.9250 -0.3240
vn 0.2520 0.9099 -0.3296
vn 0.2857 0.9196 -0.2697
vn -0.3409 0.9138 -0.2207
vn 0.2575 0.9540 -0.1536
vn 0.3289 0.9425 -0.0585
vn 0.2978 0.9546 0.0040
vn -0.3622 0.9260 -0.1061
vn -0.3686 0.9196 -0.1359
vn 0.3085 0.9434 0.1218
vn 0.3178 0.9376 0.1413
vn 0.2634 0.9487 0.1750
vn 0.2816 0.9425 0.1800
vn -0.3059 0.9355 -0.1767
vn 0.2485 0.9621 0.1126
vn -0.2960 0.9485 -0.1132
vn -0.2671 0.9514 -0.1531
vn -0.2579 0.9603 -0.1063
vn 0.2131 0.9747 0.0672
vn 0.2051 0.9768 0.0624
vn 0.2147 0.9743 0.0682
vn 0.2918 0.9553 0.0480
vn -0.2962 0.8836 -0.3628
vn -0.1342 0.8991 -0.4168
vn -0.4137 0.8717 -0.2626
vn -0.3241 0.8961 -0.3031
vn 0.1910 0.9692 0.1554
vn 0.2806 0.9322 0.2284
vn 0.1465 0.9675 0.2064
vn 0.1721 0.9543 0.2444
vn 0.1696 0.9526 0.2525
vn 0.1696 0.9524 0.2532
vn 0.0589 0.9349 0.3500
vn -0.4444 0.8914 -0.0894
vn 0.1692 0.9524 0.2534
vn 0.6364 0.7050 0.3129
vn -0.1602 0.8774 0.4523
vn -0.2397 0.8593 0.4518
vn 0.5048 0.7460 0.4343
vn -0.0441 0.5315 -0.8459
vn -0.1297 0.5765 -0.8068
vn 0.1307 0.5298 -0.8380
vn 0.1358 0.5372 -0.8324
vn -0.2966 0.1939 -0.9351
vn 0.1107 0.5443 -0.8315
vn -0.1847 0.2856 -0.9404
vn 0.4646 -0.3227 -0.8246
vn 0.0599 0.3345 -0.9405
vn -0.0167 0.2992 -0.9540
vn -0.0688 0.3358 -0.9394
vn -0.0780 0.6588 -0.7483
vn 0.2597 0.7483 -0.6105
vn -0.2791 0.6887 -0.6692
vn -0.3472 0.7202 -0.6006
vn -0.5114 0.8287 -0.2274
vn -0.5141 0.8272 -0.2267
vn -0.5110 0.8290 -0.2275
vn -0.0106 0.6606 0.7507
vn 0.8692 -0.4889 -0.0745
vn 0.4478 0.8469 -0.2869
vn 0.2646 0.9641 -0.0204
vn 0.3900 0.7783 0.4921
vn -0.1170 0.5971 0.7936
vn -0.1041 0.5630 0.8199
vn -0.1554 0.5508 0.8200
vn -0.5085 0.8561 -0.0923
vn 0.5715 0.4128 -0.7092
vn 0.8980 -0.4400 -0.0078
vn -0.4418 0.8814 -0.1672
vn 0.7018 0.6362 -0.3207
vn -0.1594 0.3354 0.9285
vn -0.4320 0.8808 -0.1939
vn 0.3966 0.1393 0.9074
vn 0.4752 -0.7799 -0.4073
vn -0.0660 0.2686 0.9610
vn 0.1693 0.1082 0.9796
vn -0.6842 0.2125 0.6976
vn 0.7381 0.6686 -0.0903
vn -0.3478 0.9345 -0.0755
vn 0.7262 -0.4172 -0.5465
vn 0.8381 -0.2508 -0.4844
vn -0.3438 0.9325 0.1106
vn -0.2838 0.9223 0.2624
vn -0.2475 0.4557 -0.8550
vn 0.8310 -0.2142 0.5134
vn -0.6719 0.7322 0.1113
vn 0.3974 0.7956 -0.4572
vn 0.6355 0.6472 -0.4209
vn 0.6032 0.1043 0.7907
vn -0.4298 0.8293 0.3572
vn 0.5009 0.1509 0.8523
vn 0.4253 0.2235 0.8770
vn 0.6637 0.7196 -0.2040
vn 0.2265 0.2109 0.9509
vn -0.4393 0.8516 0.2861
vn -0.1296 0.9545 0.2687
vn 0.4011 0.8819 -0.2476
vn -0.3546 0.9038 0.2397
vn 0.3887 0.8920 -0.2309
vn -0.2308 0.9529 0.1967
vn 0.7045 0.6978 0.1294
vn 0.8934 0.4256 -0.1441
vn -0.1637 0.9802 0.1112
vn -0.3700 0.9069 0.2015
vn 0.4214 0.8794 -0.2214
vn -0.5739 0.7918 0.2091
vn 0.0115 0.9938 0.1106
vn 0.2011 0.9641 -0.1735
vn -0.5151 0.8217 0.2438
vn -0.1481 0.7819 -0.6055
vn -0.7382 0.6492 0.1831
vn 0.8147 0.4324 -0.3862
vn -0.9566 -0.0468 0.2877
vn 0.8975 0.1079 0.4277
vn 0.8991 0.1169 0.4218
vn 0.8990 0.1160 0.4224
vn -0.9733 -0.0824 0.2143
vn 0.6436 -0.3051 0.7020
vn 0.0368 -0.9300 0.3657
vn -0.7010 -0.1880 -0.6879
vn -0.8850 0.2347 -0.4022
vn -0.4484 0.8573 0.2528
vn 0.5757 -0.1921 0.7948
vn 0.2845 0.6248 -0.7271
vn -0.6214 0.5924 0.5128
vn 0.6483 0.3546 0.6737
vn -0.4209 -0.4815 -0.7688
vn -0.4249 0.2859 -0.8589
vn 0.2489 -0.4328 -0.8664
vn 0.7928 0.5410 -0.2807
vn -0.5450 -0.1238 0.8292
vn -0.6811 -0.2955 0.6699
vn -0.5095 -0.2352 0.8277
vn -0.5517 0.6312 0.5452
vn 0.6234 0.3528 -0.6978
vn 0.1777 -0.7172 0.6739
vn -0.5278 -0.6086 -0.5924
vn 0.6037 0.6596 0.4478
vn -0.3340 0.5652 -0.7543
vn 0.3113 0.9386 0.1490
vn 0.4736 -0.3127 -0.8234
vn -0.6134 0.6503 0.4482
vn 0.1475 -0.6701 -0.7274
vn -0.0340 -0.5938 -0.8039
vn -0.1964 -0.6525 -0.7319
vn 0.7888 0.5115 -0.3408
vn 0.3545 0.8647 0.3559
vn -0.1500 -0.4531 -0.8787
vn -0.6269 0.6569 -0.4188
vn 0.8628 0.4873 0.1346
vn 0.8632 0.4873 0.1319
vn 0.8632 0.4873 0.1324
vn -0.4366 -0.1739 -0.8827
vn 0.5690 0.2732 0.7757
vn 0.0729 0.4197 0.9047
vn -0.2687 -0.1694 0.9482
vn -0.0231 -0.1243 -0.9920
vn 0.5533 0.2882 0.7816
vn -0.0761 0.5179 0.8520
vn -0.3116 -0.1892 0.9312
vn -0.3693 -0.1652 0.9145
vn 0.3271 0.2475 0.9120
vn 0.4794 0.1826 0.8584
vn 0.0248 0.9431 -0.3316
vn 0.0752 0.9413 -0.3292
vn 0.1151 0.9544 -0.2754
vn 0.1823 0.9400 -0.2884
vn -0.1735 0.9429 -0.2843
vn -0.0870 0.9624 -0.2573
vn 0.2228 0.9641 -0.1443
vn -0.2866 0.9431 -0.1688
vn -0.2874 0.9423 -0.1717
vn -0.2865 0.9432 -0.1681
vn -0.2875 0.9422 -0.1722
vn 0.1729 0.9842 -0.0374
vn 0.1862 0.9824 -0.0174
vn 0.1969 0.9754 0.0987
vn 0.1959 0.9755 0.1006
vn 0.1941 0.9754 0.1045
vn -0.2558 0.9663 -0.0275
vn -0.1615 0.9721 -0.1699
vn 0.1913 0.9753 0.1104
vn 0.1795 0.9778 0.1084
vn -0.1257 0.9867 -0.1029
vn -0.0612 0.9965 -0.0568
vn 0.1675 0.9835 0.0678
vn 0.1671 0.9836 0.0682
vn 0.1684 0.9836 0.0653
vn 0.2035 0.9771 0.0616
vn 0.0655 0.9975 0.0266
vn 0.1684 0.9835 0.0655
vn -0.0944 0.9952 0.0259
vn -0.0686 0.9975 0.0166
vn 0.0223 0.9982 0.0554
vn 0.1673 0.9837 0.0656
vn -0.0260 0.9535 -0.3001
vn 0.2130 0.9216 -0.3244
vn 0.0534 0.9710 -0.2332
vn 0.0400 0.9835 0.1764
vn -0.2089 0.9623 -0.1740
vn 0.3968 0.9087 -0.1296
vn -0.3209 0.9466 -0.0320
vn 0.3789 0.9135 0.1482
vn 0.4850 0.8743 -0.0194
vn -0.2711 0.9568 0.1052
vn 0.5121 0.8523 0.1068
vn -0.2881 0.9476 0.1382
vn 0.2261 0.9316 0.2846
vn -0.2724 0.9338 0.2319
vn 0.3047 0.8655 0.3976
vn -0.0119 0.6008 -0.7993
vn 0.1400 -0.0940 -0.9857
vn -0.1508 0.6896 -0.7083
vn -0.1673 0.6952 -0.6991
vn 0.1287 0.5273 -0.8399
vn 0.1043 0.5252 -0.8445
vn 0.0527 0.5228 -0.8508
vn 0.0528 0.5224 -0.8511
vn 0.0526 0.5230 -0.8507
vn -0.1004 0.3963 -0.9126
vn -0.0807 0.3432 -0.9358
vn -0.1764 0.7573 -0.6287
vn 0.0529 0.5221 -0.8512
vn -0.0478 0.4815 -0.8752
vn 0.5862 -0.4081 -0.6998
vn -0.1726 0.8130 -0.5561
vn -0.1796 0.8452 -0.5033
vn 0.7478 -0.5347 -0.3936
vn -0.1608 0.9198 -0.3578
vn -0.1703 0.9461 -0.2757
vn -0.1127 0.6915 -0.7136
vn 0.1961 0.6989 -0.6878
vn 0.1955 0.6991 -0.6878
vn 0.1912 0.7009 -0.6872
vn -0.1580 0.9835 -0.0881
vn 0.2494 0.8541 -0.4565
vn 0.2494 0.8550 -0.4548
vn 0.2493 0.8521 -0.4603
vn 0.1832 0.9203 -0.3456
vn -0.7288 0.6365 -0.2524
vn 0.2596 0.9031 0.3420
vn -0.1295 0.7757 0.6177
vn 0.3598 0.8622 -0.3566
vn 0.5084 0.4416 -0.7393
vn -0.1454 0.5760 0.8044
vn -0.0513 0.5919 0.8044
vn -0.0808 0.6759 0.7325
vn -0.0716 0.5603 0.8252
vn 0.6202 0.5466 -0.5627
vn -0.1483 0.5819 0.7997
vn -0.1423 0.5230 0.8404
vn 0.7342 0.6136 -0.2906
vn -0.1706 0.4783 0.8615
vn -0.1329 0.4357 0.8902
vn -0.1489 0.4075 0.9010
vn 0.5863 -0.6699 -0.4555
vn 0.6002 -0.6592 -0.4530
vn -0.0880 0.3629 0.9277
vn 0.6241 -0.6671 -0.4067
vn 0.7266 -0.6065 -0.3230
vn -0.3549 0.9254 -0.1327
vn -0.3592 0.9326 -0.0343
vn -0.3269 0.9432 -0.0597
vn 0.6186 0.7781 0.1094
vn -0.3082 0.9501 0.0487
vn -0.3044 0.9513 0.0491
vn -0.3084 0.9500 0.0485
vn 0.8613 -0.2887 -0.4180
vn 0.8062 -0.3475 -0.4789
vn -0.6433 0.3870 0.6606
vn 0.8931 -0.3248 -0.3111
vn 0.9977 0.0615 -0.0273
vn -0.2258 0.9392 0.2585
vn -0.5126 0.3942 0.7628
vn -0.4043 0.5939 0.6956
vn 0.8704 -0.0142 0.4921
vn -0.3143 0.9339 0.1703
vn -0.3295 0.4358 0.8375
vn 0.3619 0.8529 0.3762
vn -0.2334 0.4992 0.8345
vn 0.7177 0.6614 0.2177
vn 0.7168 0.6620 0.2189
vn 0.7201 0.6597 0.2151
vn -0.1343 0.3709 0.9189
vn 0.1689 0.3336 0.9275
vn 0.7213 0.6588 0.2138
vn 0.9661 -0.0215 -0.2574
vn 0.9715 -0.0573 -0.2300
vn 0.9986 -0.0465 0.0253
vn -0.8541 0.4809 0.1981
vn -0.8341 0.3279 -0.4436
vn 0.8663 0.2239 -0.4466
vn -0.6068 0.6550 0.4503
vn 0.6545 -0.1178 0.7468
vn 0.4746 0.2412 -0.8465
vn 0.5068 0.3182 -0.8012
vn 0.3474 0.6215 -0.7022
vn -0.6546 0.0608 0.7535
vn 0.8450 -0.5092 0.1636
vn 0.7099 -0.7025 -0.0504
vn -0.8244 0.4051 -0.3952
vn -0.7669 0.2038 -0.6085
vn -0.1663 0.9382 0.3035
vn 0.5955 0.3202 0.7368
vn 0.2829 0.2671 -0.9212
vn 0.7251 0.4563 -0.5158
vn 0.4633 -0.7162 -0.5219
vn -0.3965 0.5450 -0.7387
vn 0.5574 0.7237 0.4069
vn -0.2855 -0.1574 0.9454
vn -0.3033 -0.1635 0.9388
vn -0.3044 -0.1695 0.9373
vn -0.3030 -0.1624 0.9390
vn 0.2976 0.0070 -0.9547
vn 0.4530 0.7703 0.4489
vn 0.0521 0.9151 -0.3999
vn 0.1530 -0.2296 -0.9612
vn -0.3258 -0.3791 -0.8661
vn 0.5074 0.8617 0.0072
vn 0.4059 0.9052 0.1256
vn -0.3156 0.5820 -0.7495
vn 0.0984 0.8599 -0.5008
vn -0.5684 0.4082 0.7144
vn -0.3115 0.3626 0.8783
vn -0.2269 0.4393 0.8692
vn 0.2510 0.4339 0.8653
vn -0.3521 -0.0276 0.9355
vn 0.2401 0.6521 -0.7191
vn 0.8627 0.4873 0.1350
vn -0.5108 0.4634 -0.7241
vn 0.0098 0.2824 -0.9592
vn 0.5185 0.5313 -0.6700
vn -0.5463 0.8214 0.1640
vn 0.4033 0.8158 0.4145
vn -0.0292 0.0236 0.9993
vn -0.0287 0.0261 0.9992
vn -0.0294 0.0226 0.9993
vn -0.0285 0.0272 0.9992
vn 0.3844 0.3908 0.8364
vn 0.1763 0.4921 0.8525
vn -0.0415 0.9944 -0.0974
vn 0.1543 0.9862 -0.0597
vn 0.1357 0.9897 -0.0459
vn -0.1669 0.9836 -0.0684
vn 0.0162 0.9981 -0.0590
vn -0.1659 0.9851 -0.0455
vn 0.1362 0.9878 0.0750
vn 0.0137 0.9985 0.0529
vn 0.0211 0.9985 0.0511
vn 0.0151 0.9985 0.0526
vn 0.0221 0.9985 0.0508
vn 0.0367 0.9988 -0.0314
vn 0.0525 0.9979 -0.0384
vn -0.0895 0.9807 -0.1738
vn 0.1300 0.9824 -0.1339
vn -0.0420 0.9910 -0.1271
vn 0.2406 0.9697 -0.0418
vn -0.0856 0.9934 0.0761
vn 0.0414 0.9853 0.1656
vn 0.0567 0.9773 0.2042
vn -0.0537 0.0278 -0.9982
vn -0.1578 0.1779 -0.9713
vn 0.2917 -0.1346 -0.9470
vn -0.0072 0.7367 -0.6762
vn 0.1416 0.6790 -0.7204
vn -0.2578 0.3449 -0.9025
vn -0.0705 0.8025 -0.5925
vn 0.0894 0.7193 -0.6889
vn -0.2645 0.3621 -0.8938
vn 0.0790 0.7039 -0.7059
vn 0.0791 0.7046 -0.7052
vn 0.0791 0.7050 -0.7048
vn -0.0485 0.3937 -0.9180
vn -0.0295 0.5368 -0.8432
vn 0.1906 0.7012 -0.6870
vn -0.1247 0.9922 0.0039
vn 0.1404 0.9236 -0.3568
vn -0.1023 0.9618 0.2538
vn -0.1028 0.9621 0.2527
vn -0.0998 0.9604 0.2600
vn -0.0988 0.9599 0.2625
vn 0.3503 0.5340 -0.7695
vn -0.0880 0.8860 0.4552
vn 0.2492 0.8511 -0.4621
vn -0.0829 0.8380 0.5393
vn -0.4398 0.7925 -0.4225
vn -0.5145 0.8270 -0.2267
vn 0.4268 0.4849 -0.7633
vn -0.0732 0.7794 0.6222
vn -0.1575 0.7557 0.6357
vn 0.4601 0.5086 -0.7278
vn 0.8902 -0.4555 -0.0115
vn 0.7022 -0.6523 -0.2855
vn -0.6082 0.7896 -0.0817
vn -0.6055 0.7918 -0.0799
vn -0.6084 0.7894 -0.0819
vn 0.1810 0.2785 0.9433
vn 0.0247 0.3531 0.9353
vn 0.4282 0.2481 0.8690
vn 0.0727 0.3032 0.9501
vn 0.6646 0.7460 -0.0414
vn 0.6178 0.7859 0.0247
vn -0.5745 0.3499 0.7399
vn -0.5596 0.2939 0.7749
vn -0.6753 0.2861 0.6798
vn -0.3086 0.9499 0.0487
vn 0.5752 0.8087 0.1233
vn -0.6619 0.1832 0.7268
vn -0.2153 0.9590 0.1845
vn 0.4200 0.8718 0.2521
vn 0.4188 0.8723 0.2523
vn 0.4126 0.8751 0.2530
vn -0.5765 0.3208 0.7515
vn -0.5144 0.1479 0.8447
vn -0.3628 0.9163 0.1693
vn 0.5970 0.7787 0.1927
vn -0.1945 0.0276 0.9805
vn 0.3773 0.3782 0.8453
vn -0.5515 0.8117 0.1920
vn -0.4728 0.8812 0.0076
vn -0.7094 0.6983 0.0953
vn 0.9948 0.0436 0.0920
vn 0.9595 0.1171 0.2563
vn 0.9590 0.1192 0.2572
vn 0.9598 0.1158 0.2556
vn 0.8975 0.1074 0.4278
vn -0.5805 0.5796 -0.5719
vn 0.2720 0.6559 -0.7041
vn 0.5780 0.2396 -0.7800
vn 0.4623 0.3134 0.8295
vn 0.7076 0.2676 0.6540
vn -0.0685 0.5343 -0.8425
vn 0.4716 0.1551 -0.8681
vn -0.6122 0.2096 0.7625
vn 0.4978 0.8385 -0.2215
vn -0.3503 0.6386 -0.6851
vn -0.0938 0.7573 -0.6463
vn -0.6528 -0.2449 0.7169
vn -0.9739 -0.0397 0.2235
vn 0.6536 0.5202 -0.5497
vn 0.4784 0.7470 0.4617
vn -0.3042 -0.1698 0.9374
vn 0.4202 -0.3268 -0.8465
vn -0.1179 -0.1311 -0.9843
vn 0.1982 -0.3359 -0.9208
vn -0.3854 -0.5120 -0.7677
vn -0.1493 -0.2956 -0.9436
vn 0.5593 0.6152 0.5556
vn 0.7621 0.5286 0.3738
vn -0.3050 0.0672 0.9500
vn 0.1786 0.4863 0.8554
vn 0.0322 0.2934 0.9554
vn -0.0437 0.1614 0.9859
vn 0.0847 -0.0452 0.9954
vn 0.6862 0.7029 0.1872
vn -0.1993 0.4072 0.8913
vn -0.4200 0.9075 0.0090
vn -0.2399 0.7610 0.6027
vn 0.0900 0.9215 0.3777
vn -0.1415 0.3344 -0.9318
vn -0.3682 0.2260 -0.9019
vn 0.0958 -0.0397 -0.9946
vn -0.1675 0.3601 -0.9178
vn 0.3269 -0.1188 -0.9376
vn 0.1010 0.7787 -0.6192
vn 0.3773 -0.1441 -0.9148
vn -0.0705 0.7657 -0.6393
vn -0.1342 0.8882 -0.4394
vn -0.1409 0.5383 -0.8309
vn 0.6132 -0.3570 -0.7046
vn -0.1237 0.9235 -0.3631
vn 0.0789 0.7036 -0.7062
vn 0.0367 0.7258 -0.6869
vn 0.0365 0.7243 -0.6885
vn 0.0373 0.7292 -0.6833
vn -0.1343 0.9582 -0.2527
vn 0.7173 -0.5493 -0.4287
vn -0.1103 0.9930 -0.0412
vn 0.7670 -0.6196 -0.1670
vn -0.0918 0.7222 -0.6856
vn -0.0762 0.9567 0.2811
vn -0.0762 0.9566 0.2813
vn -0.0763 0.9565 0.2817
vn -0.0688 0.9142 0.3994
vn 0.7612 -0.6477 -0.0331
vn -0.3603 0.7700 -0.5266
vn -0.1278 0.9033 0.4096
vn 0.3555 0.4916 -0.7950
vn -0.1218 0.8888 0.4419
vn -0.1256 0.8102 0.5726
vn -0.0356 0.7996 0.5995
vn -0.0299 0.7548 0.6553
vn -0.0570 0.8171 0.5737
vn -0.1111 0.7942 0.5975
vn -0.6025 0.7943 -0.0777
vn -0.1046 0.7713 0.6278
vn 0.5779 0.7922 -0.1959
vn -0.4121 0.3383 0.8460
vn 0.3135 0.4457 0.8385
vn 0.1033 0.4715 0.8758
vn 0.2989 0.4572 0.8377
vn -0.6480 0.3316 0.6857
vn -0.5325 0.8399 -0.1052
vn -0.6210 0.3650 0.6936
vn 0.6944 -0.6391 -0.3307
vn 0.7409 -0.6246 -0.2469
vn -0.3464 0.9377 -0.0263
vn -0.3637 0.9262 0.0996
vn 0.7884 -0.4413 -0.4285
vn -0.2813 0.9350 0.2161
vn -0.3515 0.9167 0.1898
vn -0.3424 0.9210 0.1858
vn -0.3522 0.9164 0.1900
vn 0.4122 0.8754 0.2527
vn 0.9102 -0.3918 -0.1343
vn 0.9056 -0.4235 -0.0237
vn 0.2162 0.9084 0.3578
vn 0.2155 0.9088 0.3573
vn 0.2168 0.9086 0.3570
vn 0.3520 0.8693 0.3470
vn 0.8363 0.1207 0.5348
vn -0.3399 0.9288 0.1475
vn 0.8169 0.1159 0.5651
vn -0.7027 0.7064 -0.0852
vn 0.5588 0.8265 -0.0675
vn -0.4257 0.3194 0.8466
vn 0.6559 0.2198 0.7222
vn 0.2103 0.4064 0.8892
vn 0.3168 0.4152 0.8528
vn -0.6903 0.6960 -0.1976
vn -0.9738 0.2200 -0.0577
vn -0.9024 0.4156 0.1136
vn 0.9964 0.0532 0.0657
vn -0.8999 0.1284 0.4168
vn -0.8882 0.0944 0.4498
vn -0.7264 0.2526 0.6391
vn -0.9579 0.0423 0.2839
vn -0.4717 0.0564 0.8799
vn 0.4030 0.3363 0.8512
vn -0.7947 -0.0038 0.6070
vn 0.6521 0.5632 0.5076
vn -0.8846 0.0357 0.4650
vn -0.8844 0.0438 0.4646
vn -0.8847 0.0346 0.4649
vn 0.2137 0.1376 -0.9672
vn 0.3226 -0.1966 -0.9259
vn 0.2321 0.4174 -0.8786
vn -0.4554 0.7051 -0.5436
vn -0.1370 -0.3468 0.9279
vn -0.1919 -0.1800 0.9648
vn 0.3366 0.3396 0.8783
vn 0.4658 0.3653 0.8060
vn -0.0099 0.4518 0.8921
vn 0.3941 0.2892 0.8724
vn -0.0298 0.0405 0.9987
vn -0.0514 0.0823 0.9953
vn 0.1114 0.3185 0.9413
vn -0.4531 -0.4159 0.7885
vn 0.0015 -0.0332 0.9994
vn 0.1791 0.0746 0.9810
vn 0.4110 -0.1006 -0.9061
vn -0.0214 0.9180 -0.3959
vn 0.0790 0.9097 -0.4076
vn 0.0992 0.8629 -0.4956
vn -0.0292 0.6403 -0.7675
vn -0.2796 0.5863 -0.7603
vn -0.0554 0.9620 -0.2675
vn -0.1168 0.6614 -0.7409
vn -0.0506 0.9763 -0.2104
vn 0.0495 0.8731 -0.4850
vn 0.0639 0.8452 -0.5307
vn -0.0123 0.8433 -0.5372
vn 0.0375 0.7307 -0.6817
vn -0.0465 0.6986 -0.7140
vn -0.0394 0.6815 -0.7308
vn 0.0337 0.9458 -0.3230
vn -0.0731 0.9966 0.0373
vn -0.0735 0.9967 0.0350
vn -0.0724 0.9965 0.0428
vn -0.0722 0.9964 0.0440
vn -0.0762 0.9567 0.2810
vn 0.7390 -0.6297 -0.2396
vn 0.0976 0.6946 -0.7127
vn 0.1782 0.6365 -0.7504
vn -0.0972 0.9709 0.2190
vn 0.7325 -0.6803 0.0240
vn 0.0102 0.9354 0.3534
vn -0.0073 0.9304 0.3665
vn 0.7794 -0.5965 0.1915
vn -0.5037 0.8063 -0.3102
vn -0.0645 0.9585 0.2778
vn -0.0680 0.8933 0.4443
vn 0.4418 0.7558 -0.4833
vn 0.8366 -0.5090 -0.2027
vn -0.1623 0.7150 0.6801
vn 0.7555 -0.5197 -0.3990
vn -0.1539 0.6969 0.7005
vn -0.1541 0.6968 0.7005
vn -0.1509 0.6971 0.7009
vn -0.5882 0.8083 -0.0241
vn -0.1507 0.6971 0.7010
vn -0.2880 0.3928 0.8733
vn 0.7178 -0.4443 -0.5362
vn 0.7196 -0.4424 -0.5352
vn 0.7199 -0.4420 -0.5351
vn -0.1224 0.6224 0.7730
vn 0.5647 0.8157 -0.1253
vn -0.0283 0.5641 0.8253
vn 0.0627 0.5374 0.8410
vn -0.4861 0.8666 0.1126
vn 0.5383 0.8415 0.0451
vn 0.5274 0.8431 0.1045
vn -0.6170 0.4477 0.6472
vn -0.3406 0.9218 0.1850
vn 0.2170 0.9081 0.3582
vn -0.5582 0.4019 0.7258
vn 0.7976 0.1989 -0.5695
vn -0.7750 0.5638 -0.2855
vn -0.8931 0.4385 -0.1000
vn 0.9162 0.1407 -0.3752
vn -0.3937 0.4646 0.7932
vn -0.2658 0.5640 0.7818
vn 0.3642 0.3692 0.8550
vn 0.5839 0.3072 0.7514
vn 0.8970 -0.1882 -0.3999
vn 0.9502 -0.2105 -0.2296
vn 0.9986 0.0404 -0.0337
vn -0.9961 -0.0827 0.0320
vn -0.9958 0.0007 0.0911
vn 0.7469 0.2805 0.6028
vn 0.7884 0.2605 0.5574
vn 0.4886 0.1754 -0.8547
vn 0.6106 0.3749 0.6975
vn -0.0362 0.0256 0.9990
vn -0.5923 -0.7247 0.3521
vn -0.9547 0.1042 -0.2786
vn -0.2838 0.4829 0.8284
vn 0.1400 0.7113 0.6888
vn -0.8844 0.0459 0.4645
vn 0.2801 0.1807 -0.9428
vn 0.1676 0.3641 -0.9161
vn -0.2220 -0.4509 -0.8645
vn -0.4022 -0.6314 -0.6630
vn -0.4027 -0.6299 -0.6641
vn -0.4016 -0.6327 -0.6621
vn 0.9082 -0.4066 0.0992
vn 0.3787 -0.0084 -0.9255
vn 0.5273 -0.7259 -0.4416
vn -0.4759 0.2631 -0.8392
vn -0.2721 0.2772 -0.9215
vn 0.3156 0.7627 -0.5645
vn 0.2150 0.7620 -0.6108
vn 0.0479 0.5726 -0.8184
vn 0.2274 0.6213 -0.7499
vn -0.3966 -0.3570 -0.8457
vn -0.1184 -0.1519 -0.9813
vn 0.0611 0.5861 0.8079
vn 0.0557 0.5903 0.8052
vn 0.0539 0.5917 0.8043
vn -0.0141 0.7553 0.6553
vn 0.0630 0.5845 0.8089
vn 0.3676 0.8926 0.2609
vn 0.1994 0.7447 0.6369
vn -0.0769 -0.4724 0.8780
vn -0.2359 -0.1958 0.9519
vn 0.1345 -0.0740 0.9881
vn 0.2734 0.4600 0.8448
vn -0.1625 0.1398 -0.9768
vn 0.0948 -0.0163 -0.9954
vn -0.1397 0.4696 -0.8718
vn -0.2642 0.5418 -0.7979
vn 0.5246 -0.1652 -0.8351
vn -0.1073 0.6795 -0.7258
vn -0.2010 0.5514 -0.8096
vn 0.7173 -0.4404 -0.5400
vn 0.0794 0.9226 -0.3775
vn -0.0291 0.7750 -0.6313
vn -0.0085 1.0000 0.0002
vn 0.0213 0.9940 -0.1074
vn 0.0546 0.9874 -0.1487
vn 0.0545 0.9873 -0.1490
vn 0.0547 0.9874 -0.1482
vn 0.0352 0.9548 -0.2953
vn -0.0107 0.9117 -0.4108
vn -0.0376 0.8995 -0.4353
vn 0.0547 0.9875 -0.1481
vn -0.0002 0.9868 -0.1621
vn -0.0598 0.9637 -0.2601
vn 0.0044 0.9880 0.1546
vn 0.0037 0.9881 0.1538
vn 0.0067 0.9875 0.1573
vn 0.0073 0.9874 0.1578
vn 0.0441 0.9985 0.0320
vn -0.0055 0.9987 0.0504
vn -0.2114 0.7975 -0.5650
vn 0.3110 0.5676 -0.7623
vn 0.3144 0.5670 -0.7614
vn 0.3099 0.5678 -0.7626
vn -0.0186 0.9997 -0.0161
vn 0.7175 -0.6960 -0.0270
vn 0.7112 -0.7024 -0.0269
vn 0.7105 -0.7032 -0.0268
vn 0.3236 0.5297 -0.7840
vn -0.0104 0.9816 0.1908
vn -0.0465 0.9569 0.2868
vn -0.4965 0.8195 -0.2862
vn -0.0490 0.9704 0.2367
vn -0.1178 0.9767 0.1794
vn 0.6375 -0.7448 0.1969
vn 0.5702 -0.8177 0.0792
vn 0.4708 0.6719 -0.5717
vn -0.1370 0.8901 0.4347
vn -0.1369 0.8899 0.4352
vn -0.1370 0.8902 0.4345
vn -0.1168 0.9650 0.2346
vn 0.4708 0.7558 -0.4552
vn -0.1370 0.8904 0.4341
vn 0.4874 0.8308 -0.2688
vn 0.1175 0.6410 0.7585
vn 0.2876 0.6233 0.7272
vn -0.0668 0.6358 0.7690
vn 0.7173 -0.4446 -0.5364
vn 0.4395 0.8954 -0.0710
vn -0.5578 0.4945 0.6666
vn -0.5636 0.4897 0.6652
vn -0.5581 0.4945 0.6664
vn 0.7438 -0.4750 -0.4703
vn -0.5182 0.5266 0.6739
vn -0.4239 0.8973 0.1229
vn -0.5974 0.5433 0.5899
vn 0.7629 -0.5984 -0.2448
vn 0.7640 -0.5975 -0.2435
vn 0.7643 -0.5973 -0.2432
vn 0.4183 0.8815 0.2192
vn 0.7627 -0.5985 -0.2450
vn 0.4097 0.8790 0.2441
vn -0.3664 0.9065 0.2097
vn -0.1915 0.9587 0.2104
vn 0.2151 0.9068 0.3626
vn 0.2170 0.9083 0.3577
vn 0.6309 0.1313 -0.7647
vn 0.3309 0.8954 0.2979
vn 0.9829 -0.1770 -0.0515
vn -0.2452 0.9544 0.1704
vn 0.8250 0.1338 0.5491
vn -0.6928 0.4238 -0.5835
vn 0.8101 -0.0765 -0.5813
vn -0.4556 0.4990 0.7372
vn 0.8338 0.1405 0.5339
vn -0.9109 0.2565 -0.3232
vn 0.5968 0.3370 0.7282
vn 0.4212 0.6358 0.6468
vn -0.8826 -0.1402 -0.4488
vn -0.0736 0.5077 0.8584
vn 0.0006 0.5421 0.8403
vn -0.9623 -0.1208 -0.2438
vn -0.8592 0.2847 0.4251
vn -0.7008 0.3890 0.5979
vn -0.7006 0.3884 0.5985
vn -0.7015 0.3918 0.5953
vn -0.3946 0.5492 0.7367
vn 0.4216 0.2832 0.8614
vn -0.0638 0.4979 -0.8649
vn -0.3524 -0.6846 -0.6380
vn -0.4016 -0.6331 -0.6618
vn 0.5856 0.7825 -0.2115
vn -0.5532 0.6018 -0.5760
vn -0.0869 0.7124 0.6964
vn 0.0219 0.5354 0.8443
vn 0.3376 0.6296 0.6997
vn 0.2099 0.5158 0.8306
vn -0.5391 0.7963 -0.2744
vn 0.2740 0.1176 -0.9545
vn -0.2083 0.5624 -0.8002
vn 0.6575 0.5847 -0.4752
vn 0.0177 0.9710 -0.2386
vn -0.0379 0.9983 0.0446
vn -0.1398 -0.0388 0.9894
vn -0.3638 0.1806 0.9138
vn 0.3438 0.2246 -0.9118
vn 0.5800 0.7614 0.2896
vn -0.2491 -0.2437 0.9373
vn -0.3931 -0.2516 0.8844
vn 0.1668 0.4040 0.8994
vn -0.2824 -0.1513 0.9473
vn 0.4829 0.4098 0.7739
vn -0.2655 0.2548 -0.9298
vn -0.0695 0.1173 -0.9907
vn 0.2610 0.0613 -0.9634
vn 0.3218 0.0320 -0.9463
vn -0.0061 0.6032 -0.7976
vn -0.3263 0.4356 -0.8389
vn -0.2923 0.5082 -0.8101
vn -0.1149 0.8019 -0.5863
vn -0.0314 0.9170 -0.3977
vn -0.0927 0.8538 -0.5123
vn -0.0557 0.9676 -0.2461
vn -0.0556 0.9682 -0.2438
vn -0.0558 0.9657 -0.2534
vn -0.0560 0.9656 -0.2538
vn -0.1040 0.9945 -0.0094
vn -0.0782 0.9927 -0.0918
vn -0.1759 0.8643 -0.4711
vn 0.3151 0.5668 -0.7612
vn -0.2095 0.9042 -0.3722
vn 0.3383 0.6643 -0.6665
vn -0.1082 0.9835 0.1447
vn -0.5136 0.8348 -0.1982
vn -0.1200 0.8850 0.4499
vn -0.1154 0.8505 0.5132
vn 0.1693 0.6846 0.7089
vn 0.1793 0.6565 0.7327
vn 0.4729 0.8536 -0.2183
vn -0.0449 0.7607 0.6476
vn 0.0737 0.8013 0.5937
vn 0.1152 0.7618 0.6375
vn 0.3280 0.6739 0.6620
vn -0.4744 0.8800 0.0237
vn 0.7286 -0.4166 -0.5436
vn 0.5143 0.8567 -0.0386
vn -0.4128 0.9048 0.1051
vn -0.4970 0.4787 0.7238
vn 0.8581 -0.3499 -0.3759
vn -0.5719 0.5198 0.6346
vn -0.1508 0.9674 0.2033
vn -0.1294 0.9916 -0.0030
vn 0.0917 0.9957 -0.0125
vn -0.2656 0.9550 0.1317
vn -0.9731 0.2163 0.0792
vn -0.1387 0.9002 -0.4128
vn 0.2867 0.6349 -0.7174
vn 0.6288 -0.0179 0.7773
vn 0.5906 -0.3829 -0.7103
vn 0.1035 -0.0078 -0.9946
vn -0.7491 0.2225 -0.6240
vn -0.4412 0.5633 0.6986
vn 0.1940 0.5424 0.8174
vn 0.7318 -0.2801 -0.6212
vn 0.0761 0.7050 0.7051
vn 0.9683 -0.2069 -0.1398
vn -0.7014 0.3921 0.5952
vn -0.2585 -0.6325 -0.7302
vn 0.7595 -0.0458 -0.6489
vn -0.4843 0.4607 0.7438
vn 0.1425 0.3088 0.9404
vn -0.1847 -0.7033 -0.6865
vn -0.1841 -0.7030 -0.6869
vn -0.1799 -0.7017 -0.6894
vn -0.1789 -0.7014 -0.6899
vn 0.7897 0.5844 0.1864
vn 0.7741 -0.0463 -0.6313
vn -0.0666 0.4055 0.9117
vn -0.5711 0.7662 -0.2947
vn 0.0272 0.5869 -0.8092
vn -0.9109 -0.3873 -0.1420
vn 0.5189 0.4052 -0.7527
vn 0.1610 -0.0350 -0.9863
vn 0.3324 0.0283 -0.9427
vn 0.6422 0.3936 -0.6578
vn -0.4881 0.7690 0.4128
vn -0.5074 -0.0787 -0.8581
vn -0.3637 -0.1085 -0.9252
vn 0.7133 0.4523 0.5354
vn -0.3807 -0.1451 0.9133
vn 0.0555 0.9732 -0.2231
vn 0.2166 0.1866 0.9583
vn -0.1780 0.1789 0.9676
vn 0.2581 0.5920 0.7635
vn 0.4717 0.4650 0.7492
vn -0.4842 0.3580 -0.7983
vn 0.3503 0.0499 -0.9353
vn -0.4387 0.4385 -0.7844
vn -0.2368 0.6487 -0.7233
vn -0.3109 0.6852 -0.6586
vn -0.1900 0.7438 -0.6408
vn -0.1360 0.7223 -0.6781
vn 0.7270 -0.4265 -0.5382
vn 0.7664 -0.4187 -0.4871
vn -0.1529 0.8837 -0.4423
vn -0.0872 0.9311 -0.3541
vn 0.7971 -0.5155 -0.3146
vn -0.1029 0.9498 -0.2954
vn 0.7185 -0.6950 -0.0269
vn -0.0928 0.9923 -0.0817
vn 0.0045 0.8672 -0.4980
vn 0.0266 0.9075 -0.4192
vn 0.1451 0.9073 -0.3946
vn 0.2660 0.8199 -0.5070
vn -0.1218 0.9849 0.1232
vn 0.6809 -0.7221 0.1219
vn -0.1667 0.9586 -0.2311
vn -0.1982 0.9672 -0.1590
vn 0.3757 0.8567 -0.3535
vn -0.1271 0.9586 0.2547
vn -0.1070 0.9256 0.3631
vn 0.5576 -0.8298 -0.0234
vn 0.0901 0.6323 0.7695
vn -0.4476 0.5771 0.6831
vn -0.1816 0.9791 -0.0912
vn 0.3535 0.9014 -0.2499
vn 0.3894 0.8944 -0.2200
vn -0.2506 0.9679 -0.0209
vn 0.8032 -0.2562 -0.5379
vn 0.8053 -0.2544 -0.5355
vn 0.8021 -0.2516 -0.5416
vn -0.2462 0.9644 0.0960
vn -0.1837 0.9739 0.1330
vn 0.3860 0.9213 0.0470
vn 0.7857 -0.4896 -0.3780
vn 0.8199 -0.4686 -0.3290
vn -0.1746 0.9605 0.2166
vn -0.0459 0.9624 0.2679
vn 0.3749 0.9138 0.1562
vn 0.3748 0.9138 0.1563
vn 0.3747 0.9139 0.1563
vn 0.3751 0.9138 0.1559
vn -0.1002 0.9481 0.3018
vn 0.8324 -0.4892 -0.2604
vn -0.0652 0.9145 0.3994
vn 0.2368 0.8323 0.5011
vn 0.3194 0.8309 0.4555
vn -0.4956 0.6782 0.5425
vn -0.0431 -0.0782 -0.9960
vn 0.0819 -0.2823 -0.9558
vn 0.0528 -0.1887 -0.9806
vn -0.4599 0.6983 0.5485
vn 0.9661 -0.2580 0.0085
vn -0.3615 -0.4155 -0.8347
vn -0.3623 -0.4141 -0.8350
vn -0.3652 -0.4090 -0.8363
vn -0.3659 -0.4077 -0.8366
vn 0.4017 -0.4332 -0.8069
vn 0.4360 -0.4149 -0.7986
vn 0.7290 -0.3055 -0.6125
vn 0.7033 -0.2744 -0.6558
vn -0.1680 0.6814 0.7124
vn 0.4803 0.5369 0.6936
vn -0.8905 -0.1482 -0.4302
vn -0.8897 -0.1508 -0.4310
vn -0.8903 -0.1484 -0.4304
vn -0.8439 -0.2011 -0.4974
vn -0.1921 0.7621 0.6183
vn 0.1442 0.9380 0.3153
vn 0.0513 0.7907 0.6101
vn -0.1308 0.8035 0.5807
vn 0.1715 0.4774 0.8618
vn -0.4424 0.8526 0.2782
vn 0.9034 -0.2003 -0.3790
vn -0.9926 -0.0085 -0.1209
vn -0.9979 0.0072 -0.0643
vn -0.8980 0.2975 0.3241
vn 0.9588 0.1202 0.2576
vn 0.8374 0.2828 0.4678
vn 0.8378 0.2822 0.4675
vn 0.8391 0.2800 0.4664
vn -0.4344 0.4151 0.7994
vn -0.5327 -0.6024 -0.5944
vn 0.7616 0.5586 -0.3284
vn -0.1014 0.3605 0.9272
vn 0.2933 0.3354 0.8952
vn 0.8198 0.5387 0.1944
vn 0.5396 -0.2250 -0.8113
vn -0.9971 -0.0750 -0.0125
vn -0.7990 0.4126 0.4374
vn -0.5190 0.7444 0.4201
vn 0.0445 0.7234 -0.6890
vn 0.1165 0.7029 -0.7016
vn 0.0731 0.6724 -0.7365
vn -0.3283 0.4565 0.8269
vn 0.3523 0.8166 0.4571
vn 0.1488 0.9875 0.0513
vn -0.2571 0.8718 0.4170
vn 0.3164 0.9466 0.0614
vn 0.2366 0.1843 0.9540
vn -0.4760 0.4188 -0.7733
vn 0.3687 0.0375 -0.9288
vn -0.0940 0.7529 -0.6514
vn -0.2228 0.7131 -0.6647
vn -0.2524 0.7463 -0.6159
vn -0.1828 0.9184 -0.3508
vn -0.1397 0.9036 -0.4050
vn -0.1721 0.8960 -0.4093
vn -0.1359 0.8953 -0.4242
vn -0.1025 0.9880 -0.1153
vn -0.1027 0.9882 -0.1134
vn -0.1066 0.9879 -0.1125
vn 0.8562 -0.4849 -0.1784
vn 0.7363 -0.6425 -0.2121
vn -0.1053 0.9885 -0.1087
vn -0.1000 0.9934 0.0564
vn -0.0530 0.9937 0.0987
vn -0.0717 0.9660 -0.2483
vn -0.0374 0.9512 0.3062
vn 0.0401 0.9162 0.3986
vn -0.0830 0.8418 0.5334
vn 0.6198 -0.7848 -0.0068
vn 0.1428 0.9635 -0.2263
vn -0.5684 0.5034 0.6508
vn -0.0471 0.9830 -0.1775
vn 0.1957 0.9603 -0.1989
vn 0.5784 -0.7775 -0.2468
vn -0.1292 0.9879 -0.0855
vn 0.5958 -0.7689 -0.2320
vn 0.2536 0.9669 -0.0269
vn 0.2780 0.9603 -0.0229
vn -0.5638 0.4894 0.6653
vn -0.5707 0.4866 0.6615
vn -0.0977 0.9945 0.0376
vn 0.8048 -0.2537 -0.5366
vn -0.1595 0.9790 0.1272
vn 0.0806 0.9950 0.0583
vn -0.4112 0.5781 0.7048
vn -0.3787 0.7984 0.4681
vn 0.8016 -0.2501 -0.5430
vn 0.0492 0.9877 0.1481
vn -0.0909 0.9587 0.2695
vn -0.4686 0.7650 0.4419
vn -0.4103 0.7571 0.5084
vn 0.7478 0.3631 0.5559
vn 0.7475 0.3634 0.5560
vn 0.7466 0.3644 0.5565
vn -0.6863 -0.2852 -0.6691
vn -0.2428 0.8420 0.4817
vn 0.8401 0.4392 0.3184
vn -0.6672 -0.2579 -0.6988
vn -0.1132 0.8394 0.5316
vn 0.0950 0.9255 0.3668
vn 0.0958 0.9262 0.3646
vn 0.0958 0.9264 0.3642
vn 0.1540 0.9190 0.3630
vn -0.2223 0.3808 0.8975
vn 0.0717 0.4806 0.8740
vn 0.5018 0.5194 0.6917
vn 0.9922 -0.0261 0.1221
vn -0.9850 0.1291 0.1143
vn -0.8019 0.2277 0.5523
vn 0.5716 0.4064 0.7128
vn 0.6735 0.3797 0.6342
vn -0.7625 -0.5066 -0.4025
vn -0.3714 -0.6163 -0.6944
vn -0.1858 -0.7821 -0.5948
vn 0.4595 -0.5722 -0.6793
vn -0.1246 -0.0110 -0.9921
vn -0.8014 -0.5194 -0.2966
vn -0.7136 0.0128 -0.7004
vn 0.9955 0.0023 0.0944
vn 0.0353 0.4330 0.9007
vn -0.7474 0.4777 0.4618
vn 0.1382 0.7305 0.6688
vn 0.4720 0.4867 0.7351
vn -0.3319 0.7798 -0.5307
vn -0.5666 0.5983 -0.5666
vn 0.4003 0.0516 -0.9149
vn 0.5277 -0.0661 -0.8468
vn -0.0721 0.8963 -0.4376
vn 0.0076 0.8799 -0.4750
vn -0.2080 0.8087 -0.5502
vn -0.1245 0.9618 -0.2440
vn -0.1635 0.9730 -0.1627
vn -0.0684 0.9624 -0.2629
vn 0.0228 0.9792 -0.2016
vn -0.1043 0.9876 -0.1175
vn -0.0616 0.9966 0.0543
vn -0.0669 0.9904 0.1213
vn 0.2500 0.9306 0.2674
vn -0.0237 0.9079 0.4185
vn 0.0212 0.8959 0.4438
vn -0.5464 0.7480 0.3769
vn -0.0097 0.9673 0.2535
vn 0.7636 -0.6341 -0.1221
vn -0.5134 0.6264 0.5866
vn -0.5347 0.6097 0.5851
vn -0.6364 0.6366 0.4356
vn 0.6810 -0.6965 -0.2264
vn 0.6783 -0.6977 -0.2304
vn 0.6806 -0.6967 -0.2267
vn 0.6780 -0.6978 -0.2310
vn -0.1604 0.5969 0.7861
vn 0.7731 -0.3273 -0.5433
vn -0.4010 0.8264 0.3954
vn -0.0774 -0.6323 -0.7708
vn 0.9404 0.1799 0.2886
vn 0.3991 -0.5492 -0.7342
vn 0.0947 0.9252 0.3674
vn 0.7462 0.3650 0.5568
vn -0.4383 0.3974 0.8062
vn -0.2723 0.4311 0.8603
vn 0.5015 0.4557 0.7354
vn 0.8395 0.2793 0.4661
vn 0.6233 0.3689 0.6895
vn 0.4754 0.4252 -0.7702
vn 0.7907 -0.4350 0.4308
vn 0.0381 0.3834 0.9228
vn -0.8169 0.4930 0.2995
vn 0.5043 -0.1749 -0.8456
vn 0.7459 0.5868 0.3152
vn 0.5390 -0.1795 -0.8230
vn -0.2179 0.6339 0.7421
vn -0.8025 0.3986 0.4440
vn 0.7043 0.1310 -0.6977
vn -0.6680 0.4338 0.6047
vn -0.0880 0.5312 0.8427
vn -0.0898 0.5315 0.8423
vn -0.0945 0.5322 0.8413
vn -0.0962 0.5325 0.8410
vn 0.4879 0.5019 0.7142
vn 0.4606 0.5175 0.7211
vn 0.0196 0.3912 -0.9201
vn 0.3543 0.0123 -0.9350
vn 0.6010 -0.0778 -0.7954
vn 0.6013 -0.0777 -0.7952
vn 0.6078 -0.0701 -0.7910
vn 0.6010 -0.0783 -0.7954
vn -0.3999 0.8693 -0.2905
vn -0.1838 0.9025 -0.3895
vn 0.8244 -0.1694 -0.5401
vn 0.8261 -0.1666 -0.5383
vn 0.8263 -0.1662 -0.5381
vn 0.0510 0.9919 -0.1160
vn 0.8453 -0.4730 -0.2487
vn -0.0918 0.9949 0.0428
vn 0.8531 -0.4717 -0.2231
vn 0.7856 -0.6049 -0.1301
vn 0.7405 -0.6191 -0.2613
vn 0.7518 -0.6206 -0.2227
vn -0.0513 0.6598 0.7497
vn -0.0513 0.6597 0.7497
vn -0.0512 0.6597 0.7498
vn 0.0426 0.7270 0.6853
vn 0.8180 -0.5720 -0.0604
vn -0.3460 0.8738 0.3417
vn -0.2747 0.9346 0.2258
vn -0.2745 0.9348 0.2252
vn -0.2752 0.9341 0.2274
vn -0.2752 0.9341 0.2276
vn 0.8803 -0.2680 -0.3914
vn 0.1278 -0.6220 -0.7725
vn -0.0843 0.9690 0.2323
vn -0.0318 0.9780 0.2063
vn -0.6757 -0.4835 -0.5565
vn 0.5082 -0.4916 -0.7071
vn -0.4819 0.4195 0.7693
vn 0.6054 0.4776 0.6367
vn -0.4472 0.4316 0.7834
vn 0.1205 0.6518 0.7488
vn -0.8895 -0.1513 -0.4311
vn 0.8050 -0.4086 -0.4301
vn -0.9822 -0.0017 -0.1876
vn -0.7874 0.3564 0.5030
vn -0.4346 -0.6390 -0.6347
vn -0.4301 -0.6478 -0.6288
vn -0.4337 -0.6407 -0.6335
vn -0.3970 -0.6633 -0.6344
vn 0.3735 -0.5110 -0.7742
vn -0.8825 -0.4209 -0.2099
vn 0.3976 0.5051 0.7660
vn -0.7821 -0.4686 0.4107
vn -0.8592 0.3736 -0.3496
vn 0.8177 0.4922 0.2985
vn -0.8628 0.3494 0.3655
vn -0.3242 0.6998 0.6365
vn -0.3242 0.6984 0.6380
vn 0.8082 0.1515 -0.5691
vn 0.1865 0.2371 -0.9534
vn -0.3158 0.5654 -0.7620
vn -0.1553 0.5035 -0.8499
vn -0.5304 0.6566 -0.5362
vn 0.3689 0.1688 -0.9140
vn 0.8243 -0.1694 -0.5403
vn -0.3967 0.8774 -0.2697
vn 0.8778 -0.2544 -0.4058
vn -0.4701 0.8794 -0.0750
vn -0.4377 0.8990 -0.0112
vn 0.7627 -0.5939 -0.2563
vn -0.6268 0.4158 0.6589
vn 0.0327 0.3735 0.9270
vn -0.6242 0.5899 0.5122
vn -0.5817 0.6171 0.5299
vn 0.9773 0.0736 -0.1985
vn -0.5485 0.5063 0.6654
vn 0.9672 0.2491 0.0486
vn -0.3906 -0.5762 -0.7179
vn 0.0515 -0.6024 -0.7965
vn -0.6625 -0.4877 -0.5685
vn -0.5323 0.5167 0.6706
vn -0.2392 0.6839 0.6892
vn 0.4282 0.6612 0.6160
vn 0.7014 -0.4644 -0.5407
vn 0.7183 -0.4478 -0.5324
vn -0.1444 0.6874 0.7118
vn -0.0059 0.7233 0.6905
vn 0.3654 0.6169 0.6971
vn 0.8929 -0.2950 -0.3402
vn 0.9759 -0.2142 -0.0423
vn -0.9820 0.1273 0.1398
vn -0.9772 0.1446 0.1556
vn 0.9756 0.0182 0.2187
vn -0.9285 0.1841 0.3225
vn 0.6911 0.1845 -0.6988
vn 0.4549 -0.7936 -0.4041
vn -0.3113 0.5719 0.7590
vn -0.1310 0.6325 0.7634
vn -0.2296 0.5762 0.7844
vn -0.9782 0.2056 -0.0294
vn -0.0502 0.5599 0.8270
vn 0.0841 0.6407 0.7631
vn 0.1873 0.5841 0.7898
vn 0.3361 0.5681 0.7512
vn -0.8692 0.2627 0.4188
vn -0.3243 0.7011 0.6350
vn 0.9338 -0.3461 -0.0903
vn 0.7377 -0.5058 -0.4472
vn 0.5152 -0.0429 -0.8560
vn 0.6544 0.5266 -0.5426
vn 0.9896 0.1194 0.0802
vn 0.0453 0.3598 -0.9319
vn 0.2050 0.2262 -0.9523
vn -0.3782 0.6276 -0.6805
vn 0.5016 0.0505 -0.8636
vn 0.6057 0.1267 -0.7855
vn -0.5197 0.7512 -0.4070
vn -0.5165 0.7507 -0.4119
vn -0.5171 0.7508 -0.4110
vn -0.5096 0.8254 -0.2431
vn 0.9123 -0.1663 -0.3742
vn -0.4892 0.8054 0.3345
vn 0.9201 -0.3084 -0.2413
vn -0.4482 0.8139 0.3697
vn -0.6256 0.6818 0.3790
vn 0.8770 -0.3793 -0.2948
vn -0.6111 0.6709 0.4200
vn -0.7595 0.6225 0.1889
vn -0.6167 0.3946 0.6811
vn 0.8875 -0.3415 -0.3093
vn -0.4379 0.4276 0.7908
vn -0.3316 0.3005 0.8943
vn -0.0384 0.2196 0.9748
vn -0.0378 0.2199 0.9748
vn -0.0376 0.2204 0.9747
vn -0.3379 0.5196 0.7847
vn -0.5635 0.8012 0.2015
vn 0.9067 -0.4117 -0.0922
vn 0.9787 -0.1931 0.0696
vn -0.1691 -0.6025 -0.7800
vn 0.7476 0.6419 0.1702
vn 0.7482 0.6414 0.1696
vn 0.7456 0.6436 0.1726
vn -0.4336 -0.5549 -0.7100
vn 0.3842 -0.5458 -0.7447
vn 0.7449 0.6443 0.1736
vn -0.4366 0.6405 0.6318
vn -0.7907 -0.3359 -0.5118
vn -0.2076 0.6432 0.7370
vn -0.8954 -0.2504 -0.3682
vn 0.8379 0.1595 0.5220
vn 0.8378 0.1600 0.5220
vn 0.8349 0.1654 0.5250
vn 0.8342 0.1665 0.5257
vn -0.7291 0.3567 0.5842
vn -0.4293 -0.6492 -0.6279
vn 0.6111 0.3241 0.7222
vn -0.6328 0.5084 0.5840
vn -0.9971 0.0150 0.0741
vn 0.9410 -0.3046 -0.1477
vn -0.4271 0.5560 0.7131
vn 0.8906 0.3057 -0.3368
vn -0.7233 0.3496 0.5955
vn -0.8383 0.2056 0.5049
vn 0.6940 0.3546 0.6266
vn 0.6702 0.3774 0.6391
vn -0.1594 0.9858 0.0519
vn -0.2087 0.5090 -0.8351
vn -0.5200 0.7512 -0.4066
vn 0.6891 0.1639 -0.7059
vn 0.8223 -0.0420 -0.5675
vn -0.4833 0.8527 -0.1984
vn 0.8673 0.0470 -0.4955
vn -0.4906 0.8714 0.0063
vn -0.4910 0.8711 0.0064
vn -0.4922 0.8704 0.0088
vn -0.4921 0.8705 0.0093
vn 0.9133 -0.0674 -0.4017
vn -0.4773 0.8601 0.1800
vn 0.9462 -0.1239 -0.2990
vn 0.9596 -0.0466 -0.2773
vn -0.3724 0.5322 0.7603
vn 0.9761 0.2132 0.0413
vn -0.4415 0.8498 0.2880
vn 0.9823 0.1743 0.0680
vn -0.5060 0.7393 0.4443
vn -0.2504 -0.6293 -0.7357
vn 0.0817 -0.6949 -0.7144
vn 0.5031 0.7514 0.4270
vn 0.8640 0.3334 0.3773
vn -0.4093 0.7196 0.5609
vn 0.5270 0.8024 0.2801
vn -0.8084 -0.3738 -0.4548
vn -0.1767 0.7864 0.5919
vn 0.3702 0.7811 0.5028
vn 0.9940 -0.1052 0.0283
vn 0.8561 -0.3328 0.3953
vn -0.8391 0.3087 0.4480
vn -0.6107 0.4362 0.6609
vn -0.9966 -0.0714 -0.0401
vn -0.1162 -0.7616 -0.6376
vn 0.3614 -0.5807 -0.7295
vn 0.3836 -0.5796 -0.7190
vn 0.3227 0.4115 0.8524
vn -0.6217 0.5994 0.5042
vn 0.9690 0.1028 -0.2247
vn 0.9694 0.1027 -0.2229
vn 0.9690 0.1028 -0.2245
vn -0.8162 0.2157 0.5361
vn 0.9639 0.0619 -0.2590
vn 0.4270 0.2364 -0.8728
vn -0.5780 0.6876 -0.4395
vn 0.9416 0.0258 -0.3356
vn -0.8311 0.4918 0.2595
vn -0.3877 0.5757 0.7199
vn -0.0449 0.2131 0.9760
vn 0.1908 0.0139 0.9815
vn -0.3613 0.7483 0.5563
vn -0.4314 0.8579 0.2791
vn -0.1479 0.9406 0.3056
vn 0.8951 0.4452 0.0244
vn 0.1419 -0.6410 -0.7543
vn 0.3144 -0.6270 -0.7127
vn -0.3521 0.9081 0.2268
vn 0.5355 0.6646 0.5210
vn -0.3503 0.7826 0.5147
vn -0.0265 0.8501 0.5259
vn 0.1313 0.8478 0.5139
vn 0.0841 0.8387 0.5381
vn -0.9914 -0.0626 -0.1147
vn 0.8518 -0.4350 -0.2918
vn -0.5051 -0.0026 -0.8631
vn 0.6023 0.3360 0.7241
vn 0.9695 0.1027 -0.2227
vn -0.2613 0.4788 0.8381
vn 0.0667 0.4744 0.8777
vn 0.2975 0.4284 0.8532
vn 0.2977 0.4338 0.8504
vn 0.2989 0.4309 0.8515
vn -0.5448 0.6693 0.5052
vn -0.7525 0.5872 0.2984
vn -0.2279 0.6551 -0.7203
vn 0.3053 0.4305 -0.8494
vn 0.3062 0.4295 -0.8496
vn 0.3024 0.4335 -0.8489
vn -0.3587 0.6761 -0.6436
vn 0.4223 0.3592 -0.8323
vn -0.4485 0.7379 -0.5043
vn 0.4627 0.3565 -0.8117
vn 0.3358 0.4323 -0.8369
vn -0.5537 0.7794 -0.2933
vn 0.6943 0.3020 -0.6533
vn -0.5832 0.7887 -0.1946
vn -0.5421 0.8317 -0.1201
vn -0.5412 0.8322 -0.1204
vn -0.5332 0.8369 -0.1239
vn 0.8039 0.2951 -0.5164
vn -0.5939 0.8038 0.0336
vn 0.9262 0.2042 -0.3170
vn -0.6364 0.7531 0.1669
vn -0.4490 0.8058 -0.3862
vn 0.9501 0.1860 -0.2506
vn -0.9884 0.0849 -0.1257
vn -0.9644 -0.0612 0.2572
vn -0.1298 -0.6245 0.7701
vn 0.0688 -0.3134 0.9471
vn 0.8693 0.4893 -0.0705
vn -0.0253 -0.2494 0.9681
vn -0.3466 0.5439 0.7642
vn -0.2343 0.4959 0.8362
vn 0.0093 0.1819 0.9833
vn -0.1473 0.1483 0.9779
vn -0.0970 0.0817 0.9919
vn -0.0971 0.0817 0.9919
vn -0.0969 0.0817 0.9919
vn -0.2380 0.9046 0.3537
vn 0.6375 0.7288 0.2499
vn -0.2764 0.9457 0.1709
vn -0.2118 0.9590 0.1880
vn 0.1937 0.9413 0.2765
vn 0.1473 0.9491 0.2785
vn 0.5534 -0.5801 -0.5976
vn 0.6674 -0.5532 -0.4985
vn -0.9451 -0.1411 -0.2948
vn -0.9446 -0.1378 -0.2980
vn -0.9446 -0.1380 -0.2979
vn 0.8566 -0.4592 -0.2353
vn 0.9678 -0.2292 -0.1037
vn 0.9652 -0.2588 0.0376
vn -0.9697 0.1920 0.1512
vn 0.9830 -0.1224 0.1365
vn -0.3177 0.2253 -0.9210
vn 0.4201 -0.0126 -0.9074
vn 0.1503 0.2036 -0.9674
vn 0.5603 0.3675 0.7423
vn -0.5394 0.6849 0.4899
vn 0.9743 0.0175 -0.2245
vn 0.9557 0.2941 -0.0055
vn 0.2742 -0.2361 -0.9323
vn 0.9533 -0.2994 0.0398
vn -0.6788 0.6547 0.3326
vn 0.9453 -0.1249 -0.3014
vn -0.4532 0.6979 0.5545
vn 0.7198 0.5265 0.4523
vn -0.1999 0.6681 -0.7167
vn 0.0699 0.5096 -0.8575
vn 0.4389 0.5919 -0.6760
vn 0.5351 0.5618 -0.6309
vn 0.7925 0.3850 -0.4730
vn 0.8727 0.3649 -0.3245
vn -0.5762 0.8097 0.1114
vn -0.4251 0.8949 0.1357
vn 0.8297 0.4802 -0.2846
vn -0.4679 0.6481 -0.6009
vn -0.3806 0.6552 -0.6526
vn 0.8366 0.5443 -0.0621
vn -0.7808 0.2001 0.5918
vn 0.0296 -0.6842 0.7287
vn 0.0244 -0.6786 0.7341
vn 0.0291 -0.6837 0.7292
vn 0.0302 -0.6850 0.7280
vn 0.0804 -0.6881 0.7211
vn -0.0972 0.0817 0.9919
vn -0.2882 0.5169 0.8061
vn -0.0634 0.6956 0.7156
vn -0.2511 -0.5538 -0.7939
vn -0.2541 -0.5519 -0.7942
vn -0.2518 -0.5533 -0.7940
vn -0.0759 0.8100 0.5815
vn 0.2786 0.8004 0.5308
vn -0.1268 0.9827 0.1353
vn 0.1825 0.9578 0.2220
vn -0.4618 -0.4554 -0.7611
vn 0.3587 -0.6067 -0.7094
vn 0.5663 -0.5734 -0.5921
vn 0.6839 -0.5412 -0.4892
vn 0.7951 -0.4885 -0.3595
vn -0.9451 -0.1413 -0.2945
vn -0.7968 0.3836 0.4669
vn 0.9228 -0.0086 0.3851
vn -0.8166 0.3869 0.4283
vn -0.5374 0.4949 0.6828
vn -0.5373 0.4951 0.6827
vn -0.5374 0.4950 0.6828
vn 0.8224 0.2541 0.5091
vn -0.5654 0.5023 0.6542
vn 0.2880 0.9576 -0.0057
vn -0.0467 0.5845 0.8100
vn 0.0103 0.9763 -0.2161
vn 0.1369 0.5126 -0.8477
vn 0.3013 0.4345 -0.8488
vn -0.4326 0.7722 -0.4654
vn 0.4978 0.4072 -0.7658
vn 0.5819 0.3506 -0.7338
vn -0.4983 0.8207 -0.2796
vn 0.5324 0.6516 -0.5404
vn -0.5328 0.8371 -0.1242
vn 0.6694 0.6002 -0.4379
vn -0.5583 0.8140 0.1605
vn -0.3840 0.9042 0.1872
vn -0.2822 0.7243 -0.6291
vn -0.1842 0.6811 -0.7086
vn 0.6577 0.7504 0.0659
vn 0.7475 0.6493 0.1403
vn -0.5089 0.8155 0.2756
vn -0.6605 0.7048 0.2588
vn 0.2532 -0.5593 0.7893
vn 0.5791 -0.6863 0.4400
vn -0.2258 0.5233 0.8217
vn 0.3526 0.6844 0.6382
vn -0.1312 0.6903 0.7115
vn -0.3194 0.3025 0.8980
vn -0.0383 0.3483 0.9366
vn 0.2798 0.7805 0.5590
vn -0.0871 0.8308 0.5498
vn 0.5962 0.7723 0.2195
vn 0.1230 -0.6207 -0.7744
vn -0.1260 0.4741 0.8714
vn 0.4059 0.8385 0.3635
vn 0.3680 -0.6545 -0.6604
vn 0.8823 -0.3993 -0.2492
vn -0.9875 0.1544 0.0320
vn -0.9881 0.1477 0.0422
vn -0.9881 0.1483 0.0409
vn -0.8903 0.3368 0.3065
vn 0.7988 0.2344 0.5541
vn -0.3984 0.5463 0.7368
vn -0.3537 0.5372 0.7657
vn 0.2983 0.4284 0.8529
vn -0.2050 0.7482 -0.6310
vn -0.2189 0.7364 -0.6401
vn 0.3080 0.5129 -0.8013
vn -0.4613 0.8213 -0.3355
vn 0.6504 0.4035 -0.6436
vn 0.7233 0.3329 -0.6050
vn -0.5513 0.8193 -0.1576
vn -0.5188 0.8549 -0.0044
vn 0.6345 0.6834 -0.3611
vn 0.7078 0.6575 -0.2585
vn -0.4743 0.8509 0.2257
vn -0.4788 0.8478 0.2280
vn -0.4792 0.8476 0.2281
vn 0.6676 0.7213 -0.1844
vn -0.4622 0.8381 0.2899
vn -0.2829 0.8417 0.4598
vn -0.0861 0.7614 -0.6425
vn 0.6572 0.2836 -0.6984
vn -0.2150 0.9456 0.2442
vn 0.4721 0.5208 -0.7113
vn -0.3827 0.8546 -0.3509
vn -0.3120 0.9086 -0.2779
vn 0.8258 0.2806 0.4892
vn 0.7140 -0.5628 -0.4165
vn -0.2488 0.5774 0.7777
vn 0.2577 0.8965 0.3605
vn -0.4563 0.0204 0.8896
vn -0.4660 0.7317 0.4975
vn -0.0878 -0.2362 0.9677
vn 0.1909 -0.7700 0.6089
vn 0.1399 -0.7804 0.6094
vn -0.1638 0.5094 0.8448
vn -0.0545 0.5545 0.8304
vn 0.3612 0.7179 0.5952
vn -0.5170 -0.4724 -0.7139
vn -0.2547 -0.5516 -0.7943
vn 0.2579 -0.6043 -0.7539
vn -0.7693 -0.2837 -0.5725
vn -0.5086 -0.4273 -0.7475
vn 0.5351 -0.6246 -0.5688
vn 0.5369 -0.6251 -0.5666
vn 0.5376 -0.6253 -0.5657
vn -0.8211 -0.2817 -0.4965
vn 0.9413 -0.2210 0.2552
vn 0.8224 -0.1354 0.5526
vn 0.6008 0.2643 0.7544
vn -0.0507 0.4504 0.8914
vn -0.1224 0.5252 0.8421
vn 0.0486 0.4608 0.8862
vn 0.0017 0.7261 -0.6876
vn 0.4285 0.5339 -0.7289
vn 0.7417 0.5679 -0.3569
vn -0.4793 0.8475 0.2283
vn 0.5616 0.8195 -0.1140
vn -0.3570 0.8173 0.4524
vn 0.4203 0.8712 0.2537
vn -0.2725 0.7879 0.5522
vn 0.3723 0.9194 0.1272
vn -0.2887 0.8664 -0.4073
vn 0.8003 0.3158 -0.5097
vn 0.0682 0.7534 0.6540
vn 0.0923 0.6684 0.7381
vn -0.3341 -0.5585 -0.7592
vn -0.4023 -0.5412 -0.7384
vn -0.2129 -0.5709 -0.7930
vn 0.1001 -0.6125 -0.7841
vn 0.3417 -0.2575 -0.9039
vn -0.6106 -0.3992 -0.6839
vn -0.0683 0.4673 0.8815
vn -0.7466 -0.3888 0.5399
vn 0.1027 -0.8541 0.5098
vn 0.1043 -0.8563 0.5059
vn 0.1040 -0.8559 0.5065
vn 0.8222 -0.3848 -0.4195
vn -0.2816 -0.5177 0.8079
vn 0.1030 -0.8539 0.5102
vn -0.9171 -0.1659 -0.3625
vn 0.8028 -0.5170 -0.2969
vn 0.9018 -0.4182 -0.1094
vn 0.9620 -0.2417 0.1272
vn 0.6889 0.2345 0.6859
vn 0.3014 0.4307 0.8507
vn 0.0939 0.7688 -0.6325
vn 0.1580 0.7387 -0.6552
vn -0.3099 0.8753 -0.3713
vn 0.3844 0.6848 -0.6191
vn 0.4058 0.7188 -0.5645
vn 0.5117 0.6849 -0.5188
vn 0.5887 0.7243 -0.3591
vn 0.6943 0.6364 -0.3361
vn -0.4502 0.8921 0.0375
vn 0.7026 0.7082 -0.0701
vn 0.5156 0.8161 0.2610
vn -0.1852 0.8496 0.4938
vn 0.3982 0.8320 0.3863
vn -0.6901 0.7055 -0.1613
vn -0.1042 0.9902 0.0928
vn 0.3545 0.8642 -0.3572
vn -0.1293 0.7368 -0.6636
vn 0.9314 -0.0859 -0.3537
vn -0.3460 0.2050 0.9155
vn 0.8714 -0.1662 0.4615
vn 0.3039 -0.6652 -0.6820
vn -0.6327 -0.2895 0.7183
vn 0.3562 -0.9002 0.2507
vn 0.6681 -0.5882 -0.4557
vn 0.6721 -0.5887 -0.4492
vn 0.6691 -0.5883 -0.4541
vn 0.8948 -0.4185 -0.1558
vn -0.8701 0.3852 0.3074
vn 0.6718 0.0958 0.7345
vn 0.4718 0.3853 0.7931
vn -0.2871 0.8926 -0.3476
vn 0.0312 0.8880 -0.4588
vn -0.0603 0.9178 -0.3924
vn 0.2542 0.8757 -0.4105
vn -0.3539 0.9225 -0.1540
vn -0.3338 0.9399 -0.0720
vn 0.4966 0.8171 -0.2929
vn -0.3868 0.9221 0.0089
vn 0.4161 0.9068 0.0669
vn -0.3277 0.8980 0.2934
vn -0.2969 0.9140 0.2764
vn -0.2482 0.9273 0.2802
vn 0.4851 0.8708 0.0795
vn 0.1206 0.9228 0.3660
vn 0.2005 0.9213 0.3330
vn -0.1590 0.8755 0.4563
vn 0.0643 0.8920 0.4473
vn -0.0976 -0.6700 -0.7359
vn -0.1254 0.8911 -0.4362
vn 0.7679 0.4031 -0.4979
vn -0.9913 -0.0383 -0.1258
vn -0.5685 0.4478 0.6902
vn 0.6721 0.4278 -0.6044
vn 0.5582 -0.7786 0.2868
vn 0.6729 -0.5889 -0.4477
vn -0.3959 -0.2234 0.8907
vn 0.8043 -0.5222 -0.2836
vn 0.8033 -0.5233 -0.2844
vn 0.8046 -0.5219 -0.2833
vn -0.9874 0.1555 0.0305
vn 0.9505 -0.2907 0.1099
vn 0.9336 -0.1381 0.3306
vn 0.7763 -0.0330 0.6295
vn 0.9125 0.0206 0.4085
vn -0.6512 0.5327 0.5405
vn -0.5375 0.4948 0.6828
vn -0.3781 0.5089 0.7733
vn -0.3782 0.5088 0.7733
vn 0.2815 0.9194 -0.2749
vn -0.0590 0.9960 -0.0669
vn -0.0630 0.9960 -0.0629
vn -0.0596 0.9960 -0.0662
vn -0.0669 0.9960 -0.0591
vn 0.1603 0.9802 -0.1163
vn -0.0594 0.9910 0.1202
vn 0.1921 0.9808 0.0339
vn 0.0583 0.9868 0.1509
vn 0.3770 0.9226 0.0815
vn 0.3439 -0.6533 -0.6745
vn 0.2571 -0.5476 -0.7963
vn 0.0392 0.9858 -0.1632
vn 0.8029 -0.5237 -0.2847
vn -0.9782 0.0132 -0.2070
vn 0.8750 -0.4567 -0.1606
vn 0.9385 -0.3062 0.1598
vn 0.9091 -0.1452 0.3904
vn 0.4243 0.3255 0.8450
vn 0.5831 0.2430 0.7752
vn -0.3783 0.5087 0.7733
vn -0.1767 0.4396 0.8807
vn -0.1115 0.3631 0.9251
vn 0.2292 0.5202 0.8227
vn 0.2194 -0.6309 -0.7442
vn -0.6493 -0.3034 -0.6974
vn 0.4260 -0.6300 -0.6493
vn 0.5344 -0.6244 -0.5697
vn -0.8018 -0.1789 -0.5702
vn -0.9088 -0.0651 -0.4121
vn 0.8768 -0.4647 -0.1234
vn 0.8815 -0.4566 -0.1204
vn 0.8763 -0.4656 -0.1237
vn -0.9899 0.1359 -0.0399
vn 0.9433 -0.3316 -0.0116
vn 0.2580 0.4116 0.8741
vn -0.0761 -0.5336 -0.8423
vn -0.8174 -0.1840 -0.5458
vn -0.8179 -0.1760 -0.5478
vn -0.8173 -0.1834 -0.5462
vn -0.9286 0.3376 0.1543
vn -0.7749 0.4690 0.4238
vn -0.7765 0.4716 0.4180
vn -0.7743 0.4674 0.4267
vn -0.3752 0.5528 0.7441
vn -0.0759 0.6064 0.7915
vn 0.1248 0.4756 0.8708
vn 0.1984 -0.5071 -0.8387
vn -0.3769 -0.4721 -0.7969
vn -0.2848 -0.4757 -0.8322
vn -0.9318 -0.0526 -0.3591
vn -0.9348 0.0082 -0.3552
vn -0.8639 0.3750 0.3363
vn 0.9451 -0.1877 0.2675
vn 0.8167 -0.1094 0.5666
vn 0.9072 -0.0400 0.4188
vn -0.6376 0.4874 0.5966
vn 0.7633 0.0629 0.6430
vn 0.5967 0.2467 0.7636
vn 0.1801 0.4590 0.8700
vn 0.3019 0.4071 0.8620
vn 0.3861 0.3661 0.8467
vn -0.2967 -0.4826 -0.8241
vn 0.0982 -0.6191 -0.7792
vn -0.6703 -0.3137 -0.6725
vn 0.3298 -0.6806 -0.6542
vn 0.5150 -0.6534 -0.5548
vn 0.6217 -0.6882 -0.3741
vn 0.8295 -0.5585 0.0024
vn 0.8819 -0.4560 -0.1200
vn -0.9751 0.2217 -0.0075
vn -0.9752 0.2214 -0.0071
vn -0.9751 0.2218 -0.0076
vn 0.8842 -0.4609 0.0756
vn -0.9309 0.2740 0.2418
vn 0.1290 -0.6188 -0.7749
vn 0.1287 -0.6190 -0.7748
vn -0.8181 -0.1753 -0.5477
vn 0.6811 -0.6557 -0.3260
vn 0.7245 -0.6518 -0.2241
vn 0.7861 -0.6015 -0.1420
vn -0.7766 0.4723 0.4169
vn -0.4851 0.5782 0.6561
vn -0.0288 0.5433 0.8391
vn -0.0188 0.5472 0.8368
vn -0.0274 0.5438 0.8387
vn -0.3147 -0.4021 -0.8598
vn 0.1266 -0.6205 -0.7739
vn -0.7625 -0.1963 -0.6165
vn -0.6770 -0.2970 -0.6735
vn 0.4311 -0.6684 -0.6061
vn 0.5414 -0.7077 -0.4539
vn -0.9702 0.2016 -0.1343
vn -0.9728 0.2313 -0.0146
vn 0.7934 -0.6082 -0.0248
vn 0.9296 -0.3072 0.2035
vn 0.8867 -0.2655 0.3784
vn 0.6225 0.1847 0.7605
vn -0.2070 0.6063 0.7678
vn -0.5402 -0.2683 -0.7976
vn 0.2315 -0.6230 -0.7471
vn 0.5617 -0.6947 -0.4494
vn -0.9013 -0.0266 -0.4323
vn 0.6084 -0.7850 -0.1169
vn 0.8729 -0.4427 0.2054
vn 0.8421 -0.4087 0.3518
vn -0.7761 0.4735 0.4165
vn -0.4809 0.5187 0.7069
vn 0.4205 0.3627 0.8317
vn 0.2507 0.4649 0.8491
vn -0.0238 -0.4967 -0.8676
vn -0.2956 -0.3942 -0.8702
vn 0.4097 -0.6971 -0.5884
vn -0.8847 0.4216 0.1991
vn -0.8724 0.4244 0.2425
vn -0.6167 0.5476 0.5656
vn 0.7718 0.1986 0.6041
vn 0.6190 -0.0174 0.7852
vn -0.5377 0.5465 0.6420
vn -0.1983 0.5199 0.8309
vn -0.0171 0.5479 0.8364
vn 0.1748 0.4711 0.8646
vn 0.3624 -0.7154 -0.5974
vn -0.7479 -0.0966 -0.6567
vn 0.4767 -0.8230 -0.3091
vn -0.9059 0.0308 -0.4224
vn -0.9662 0.2123 -0.1462
vn 0.6774 -0.7271 -0.1117
vn 0.6884 -0.7110 0.1436
vn 0.7572 -0.5934 0.2731
vn -0.8219 0.4664 0.3269
vn -0.8207 0.4714 0.3228
vn -0.8209 0.4708 0.3231
vn 0.8626 -0.1709 0.4762
vn 0.2505 -0.5967 -0.7624
vn -0.6137 -0.1200 -0.7804
vn -0.6119 -0.1161 -0.7824
vn -0.6116 -0.1162 -0.7826
vn -0.8105 0.0160 -0.5855
vn 0.4749 -0.7606 -0.4426
vn 0.4751 -0.7603 -0.4430
vn 0.4712 -0.7629 -0.4427
vn 0.5914 0.0367 0.8055
vn 0.3575 0.1848 0.9154
vn 0.1984 0.3499 0.9155
vn 0.4405 0.1991 0.8754
vn -0.1009 0.5357 0.8383
vn 0.0355 0.4584 0.8880
vn -0.3270 -0.2966 -0.8973
vn 0.0051 -0.4229 -0.9061
vn 0.0062 -0.4242 -0.9055
vn 0.0053 -0.4231 -0.9061
vn 0.1486 -0.4695 -0.8704
vn 0.1487 -0.4685 -0.8709
vn 0.1479 -0.4748 -0.8676
vn -0.6157 -0.1236 -0.7782
vn 0.3299 -0.5992 -0.7295
vn 0.4671 -0.7656 -0.4424
vn 0.5688 -0.7889 -0.2327
vn 0.5798 -0.8033 -0.1363
vn 0.6192 -0.7773 0.1116
vn 0.6788 -0.7244 0.1205
vn -0.8976 0.3879 0.2095
vn 0.6788 -0.6227 0.3892
vn 0.8335 -0.1787 0.5227
vn 0.2822 0.3165 0.9057
vn 0.2799 0.3168 0.9063
vn 0.2883 0.3158 0.9040
vn 0.0063 -0.4244 -0.9055
vn 0.2593 -0.6272 -0.7344
vn 0.3409 -0.6399 -0.6887
vn 0.3656 -0.6922 -0.6222
vn -0.8879 0.0615 -0.4559
vn 0.5567 -0.8175 -0.1476
vn -0.9489 0.2953 -0.1114
vn -0.2456 0.5455 0.8014
vn 0.0836 0.4556 0.8862
vn -0.2378 -0.3142 -0.9191
vn 0.4676 -0.7533 -0.4625
vn -0.9382 0.3422 -0.0518
vn 0.7925 -0.4408 0.4215
vn 0.7880 -0.2956 0.5400
vn 0.6314 -0.3360 0.6989
vn -0.3824 0.5554 0.7384
vn -0.5895 -0.1317 -0.7970
vn -0.6373 -0.0884 -0.7656
vn -0.6304 -0.0871 -0.7714
vn -0.6389 -0.0887 -0.7642
vn -0.4286 -0.2208 -0.8761
vn -0.6287 -0.0869 -0.7728
vn -0.7760 0.0800 -0.6257
vn -0.8876 0.2018 -0.4141
vn -0.8878 0.2018 -0.4136
vn -0.8885 0.2017 -0.4121
vn -0.9190 0.2771 -0.2805
vn 0.6900 -0.7102 -0.1396
vn 0.6277 -0.7687 0.1232
vn 0.6718 -0.7286 0.1336
vn 0.6267 -0.5619 0.5399
vn -0.8470 0.4548 0.2752
vn 0.7081 -0.5561 0.4352
vn -0.8219 0.4661 0.3274
vn 0.6580 -0.4498 0.6039
vn 0.6447 -0.0461 0.7631
vn -0.4795 0.5749 0.6630
vn 0.5431 -0.0037 0.8396
vn 0.2901 0.3157 0.9034
vn -0.0827 0.4853 0.8704
vn -0.0831 0.4851 0.8705
vn -0.0807 0.4858 0.8704
vn 0.6564 -0.7057 0.2666
vn -0.2126 0.5521 0.8062
vn -0.0803 0.4858 0.8704
vn 0.1430 0.3149 0.9383
vn 0.0340 -0.4132 -0.9100
vn 0.1478 -0.4755 -0.8672
vn 0.1845 -0.4704 -0.8629
vn 0.2179 -0.4962 -0.8404
vn 0.4151 -0.4894 -0.7669
vn 0.2763 -0.6229 -0.7319
vn 0.5497 -0.6662 -0.5040
vn -0.7721 0.0507 -0.6335
vn -0.7686 0.0540 -0.6374
vn -0.7702 0.0404 -0.6366
vn 0.5427 -0.6592 -0.5206
vn -0.8888 0.2016 -0.4117
vn 0.7555 -0.5905 -0.2838
vn 0.7595 -0.6120 -0.2204
vn -0.8472 0.4967 0.1886
vn -0.8468 0.4973 0.1887
vn -0.8510 0.4910 0.1862
vn 0.7911 -0.5930 0.1500
vn 0.6486 -0.3620 0.6695
vn -0.7282 0.5398 0.4223
vn 0.6832 -0.3538 0.6388
vn 0.6413 -0.1778 0.7464
vn -0.9318 0.3605 -0.0435
vn 0.8503 -0.5213 -0.0730
vn -0.5430 0.5358 0.6466
vn -0.5408 0.5308 0.6525
vn -0.5411 0.5316 0.6516
vn -0.6075 0.5694 0.5538
vn -0.3715 0.4988 0.7830
vn 0.5900 -0.0612 0.8051
vn -0.2428 0.4223 0.8733
vn 0.2312 0.1647 0.9588
vn 0.3635 0.1751 0.9150
vn -0.2171 -0.2122 -0.9528
vn 0.3475 -0.4465 -0.8245
vn 0.9239 -0.3781 -0.0587
vn 0.6686 -0.2898 0.6848
vn -0.6744 0.5640 0.4765
vn 0.5945 -0.1416 0.7915
vn 0.6234 -0.0858 0.7772
vn 0.0703 0.2650 0.9617
vn -0.3224 -0.1140 -0.9397
vn -0.0227 -0.2798 -0.9598
vn -0.6476 -0.0692 -0.7588
vn 0.3188 -0.3126 -0.8948
vn -0.7722 0.0487 -0.6335
vn 0.4571 -0.4279 -0.7797
vn 0.5368 -0.4529 -0.7119
vn 0.8672 -0.3867 -0.3138
vn -0.9071 0.3629 -0.2132
vn 0.9290 -0.1637 0.3318
vn 0.8840 -0.1606 0.4390
vn 0.8398 -0.1248 0.5284
vn -0.8242 0.3455 0.4487
vn -0.2865 0.4864 0.8254
vn 0.5771 0.0329 0.8160
vn -0.0707 0.4335 0.8984
vn -0.0781 -0.2437 -0.9667
vn 0.2552 -0.3042 -0.9178
vn 0.6940 -0.3208 -0.6446
vn -0.8898 0.1481 -0.4318
vn -0.9523 0.2666 -0.1485
vn -0.9538 0.2570 -0.1554
vn -0.9524 0.2656 -0.1493
vn 0.7824 0.0546 0.6204
vn 0.6740 0.0968 0.7324
vn 0.5963 0.0073 0.8027
vn 0.4613 0.2365 0.8552
vn 0.4611 0.2408 0.8540
vn 0.4611 0.2432 0.8534
vn 0.2653 0.3375 0.9032
vn 0.3786 0.2229 0.8983
vn 0.0570 0.2935 0.9543
vn 0.0433 0.3022 0.9523
vn -0.3344 -0.0812 -0.9389
vn 0.1534 -0.2006 -0.9676
vn 0.2236 -0.2266 -0.9480
vn 0.9357 -0.2658 -0.2321
vn -0.8516 0.4901 0.1858
vn 0.9427 -0.1039 0.3170
vn -0.5433 0.5366 0.6456
vn -0.3933 0.3902 0.8325
vn -0.3930 0.3901 0.8327
vn -0.3919 0.3885 0.8339
vn -0.1481 0.2933 0.9445
vn -0.5263 0.0423 -0.8493
vn -0.5283 0.0426 -0.8480
vn -0.5278 0.0426 -0.8483
vn -0.7710 0.0368 -0.6358
vn 0.6983 -0.2558 -0.6685
vn -0.9214 0.1146 -0.3714
vn -0.9541 0.2556 -0.1563
vn -0.8936 0.3669 0.2584
vn 0.4610 0.2453 0.8528
vn -0.2008 0.3484 0.9156
vn -0.2420 -0.0605 -0.9684
vn -0.1604 -0.0700 -0.9846
vn -0.5259 0.0422 -0.8495
vn 0.3471 -0.2301 -0.9091
vn -0.5996 0.1022 -0.7937
vn 0.4280 -0.2601 -0.8655
vn 0.6345 -0.2107 -0.7437
vn 0.9451 -0.2299 -0.2323
vn 0.9891 -0.0974 -0.1101
vn 0.6580 0.3011 0.6901
vn 0.7679 0.2734 0.5793
vn -0.8328 0.3112 0.4578
vn -0.6088 0.3409 0.7163
vn -0.3919 0.3882 0.8341
vn 0.1233 -0.0081 -0.9923
vn 0.2557 -0.1537 -0.9545
vn 0.3261 -0.2349 -0.9157
vn 0.9105 -0.1582 -0.3821
vn -0.9612 0.2080 0.1814
vn 0.6134 0.4048 0.6781
vn 0.6540 0.4006 0.6417
vn 0.6607 0.4148 0.6256
vn 0.5325 0.3670 0.7627
vn 0.3636 0.4719 0.8032
vn 0.4132 0.4021 0.8171
vn 0.2657 0.3896 0.8818
vn -0.8121 0.0760 -0.5786
vn -0.9489 0.1976 -0.2461
vn -0.9711 0.1976 -0.1336
vn 0.9965 0.0543 -0.0639
vn 0.8014 0.3992 0.4455
vn -0.8053 0.3459 0.4815
vn -0.8059 0.3441 0.4817
vn -0.8050 0.3470 0.4812
vn -0.5478 0.3874 0.7415
vn -0.0953 0.4860 0.8688
vn -0.0133 0.5159 0.8565
vn 0.0727 0.4090 0.9096
vn -0.0154 0.0072 -0.9999
vn 0.1649 0.0158 -0.9862
vn -0.4890 -0.0627 -0.8700
vn 0.6004 -0.4108 -0.6861
vn 0.5708 0.4882 0.6602
vn -0.8048 0.3475 0.4812
vn 0.6213 0.4963 0.6063
vn 0.3866 0.5605 0.7324
vn -0.3087 0.4954 0.8119
vn 0.3602 0.5101 0.7811
vn 0.1309 0.0160 -0.9913
vn 0.1951 -0.0275 -0.9804
vn -0.6542 -0.0519 -0.7545
vn 0.8524 -0.2893 -0.4356
vn 0.8597 -0.3691 -0.3531
vn 0.9717 -0.2324 -0.0414
vn 0.9576 -0.2694 0.1021
vn -0.9370 0.3437 0.0627
vn -0.9368 0.3438 0.0642
vn -0.9358 0.3442 0.0758
vn -0.9358 0.3442 0.0766
vn 0.9032 0.0561 0.4255
vn 0.5151 0.5795 0.6316
vn -0.5350 0.5329 0.6556
vn 0.2732 0.6174 0.7377
vn 0.0102 0.5643 0.8255
vn -0.0334 0.0720 -0.9968
vn -0.2933 0.0787 -0.9528
vn -0.2971 0.0802 -0.9515
vn -0.2940 0.0789 -0.9526
vn -0.2932 0.0786 -0.9528
vn 0.2533 0.1443 -0.9565
vn 0.2791 -0.2894 -0.9156
vn -0.8037 0.0887 -0.5884
vn 0.8406 -0.3145 -0.4410
vn -0.9225 0.3859 0.0109
vn 0.6303 0.3399 0.6980
vn -0.8174 0.4884 0.3055
vn 0.4474 0.6594 0.6042
vn 0.3710 0.6909 0.6206
vn -0.5195 0.5604 0.6450
vn -0.5190 0.5533 0.6515
vn -0.5195 0.5604 0.6451
vn -0.3167 0.5753 0.7541
vn 0.0041 0.6437 0.7652
vn -0.2888 -0.0759 -0.9544
vn 0.0328 0.1317 -0.9908
vn -0.0981 -0.0757 -0.9923
vn -0.7358 0.0643 -0.6741
vn 0.4165 -0.2744 -0.8667
vn -0.9226 0.2880 -0.2565
vn 0.9196 -0.2126 -0.3305
vn 0.9825 -0.1676 -0.0810
vn 0.9091 0.0601 0.4122
vn 0.4930 0.2975 0.8176
vn -0.5194 0.5611 0.6445
vn 0.3226 0.7728 0.5466
vn 0.2533 0.8016 0.5415
vn -0.1813 0.6772 0.7131
vn 0.0629 0.7141 0.6972
vn 0.2253 0.7546 0.6163
vn 0.2506 0.7417 0.6222
vn -0.8719 0.2629 -0.4132
vn -0.9166 0.3680 -0.1564
vn -0.7871 0.5290 0.3174
vn -0.6143 0.6352 0.4682
vn 0.4410 0.6106 0.6578
vn 0.1496 0.3058 0.9403
vn 0.4968 0.2686 0.8253
vn 0.1969 0.6678 0.7179
vn 0.0453 -0.1888 -0.9810
vn 0.3164 -0.2431 -0.9169
vn 0.4130 -0.3414 -0.8443
vn -0.6946 0.1727 -0.6984
vn 0.4351 -0.2527 -0.8642
vn 0.9095 0.0104 0.4157
vn 0.6494 0.1012 0.7537
vn 0.1397 0.8437 0.5184
vn -0.1302 0.9059 0.4029
vn -0.2703 0.6833 0.6783
vn -0.2950 0.6811 0.6702
vn 0.2597 0.8832 0.3906
vn -0.3116 0.7671 0.5607
vn 0.2577 0.8626 0.4353
vn -0.1397 0.7668 0.6265
vn 0.0534 0.8474 0.5283
vn 0.0007 0.8161 0.5779
vn 0.2095 0.8371 0.5054
vn -0.2530 -0.0379 -0.9667
vn -0.5075 0.1147 -0.8540
vn -0.0852 -0.1085 -0.9904
vn -0.7372 0.2960 -0.6074
vn -0.8281 0.3467 -0.4405
vn 0.9395 0.0078 0.3424
vn 0.2750 0.8645 0.4208
vn 0.3809 0.1804 0.9068
vn 0.0328 -0.1050 -0.9939
vn -0.0038 -0.0791 -0.9969
vn 0.1294 -0.0809 -0.9883
vn 0.0086 -0.1355 -0.9907
vn 0.2460 -0.1152 -0.9624
vn 0.1748 -0.0021 -0.9846
vn 0.9145 -0.2477 -0.3200
vn -0.8490 0.5154 -0.1165
vn 0.9958 -0.0898 0.0188
vn -0.8117 0.5819 0.0492
vn -0.7464 0.6491 0.1467
vn -0.7326 0.6516 0.1967
vn 0.0684 0.3088 0.9487
vn -0.4423 0.4509 0.7753
vn 0.2467 0.9303 0.2715
vn -0.5059 0.7442 0.4362
vn -0.3320 0.7800 0.5305
vn -0.4540 0.7667 0.4539
vn 0.2515 0.8823 0.3977
vn 0.0408 0.8695 0.4922
vn 0.0606 0.8607 0.5055
vn -0.2908 0.0608 -0.9549
vn -0.4402 0.1887 -0.8779
vn 0.3220 -0.2076 -0.9237
vn 0.5428 -0.2301 -0.8077
vn 0.8162 -0.2494 -0.5211
vn -0.8095 0.5131 -0.2853
vn 0.2930 0.6259 0.7228
vn 0.1029 0.6479 0.7548
vn -0.5520 0.4097 0.7262
vn -0.4445 0.3860 0.8083
vn -0.1168 0.3648 0.9237
vn -0.0677 0.0404 -0.9969
vn -0.1549 -0.0368 -0.9872
vn -0.0325 -0.0444 -0.9985
vn -0.0515 -0.0471 -0.9976
vn -0.7059 0.3859 -0.5939
vn -0.7989 0.5249 -0.2937
vn 0.9598 -0.1644 -0.2276
vn 0.7298 0.1202 0.6730
vn 0.1177 0.6635 0.7389
vn 0.3483 0.3587 0.8660
vn 0.0017 0.6330 0.7742
vn -0.2722 0.4069 0.8720
vn -0.2733 0.4087 0.8708
vn -0.2773 0.4143 0.8669
vn 0.1300 0.3569 0.9251
vn 0.3652 0.2277 0.9026
vn 0.3734 0.2308 0.8985
vn 0.3669 0.2284 0.9018
vn -0.4276 0.1676 -0.8883
vn 0.1251 -0.0424 -0.9912
vn -0.6798 0.3745 -0.6306
vn 0.4328 -0.1702 -0.8852
vn -0.7614 0.4877 -0.4270
vn 0.9936 -0.1013 0.0497
vn -0.7330 0.6644 0.1459
vn -0.4912 0.7309 0.4739
vn -0.1027 0.7139 0.6927
vn 0.7059 0.1594 0.6901
vn -0.2395 0.2863 0.9277
vn 0.1361 0.1969 0.9709
vn 0.1280 0.1923 0.9730
vn 0.1269 0.1916 0.9732
vn -0.5588 0.4818 0.6749
vn -0.1051 -0.0534 -0.9930
vn 0.1476 -0.0977 -0.9842
vn 0.1611 -0.0425 -0.9860
vn 0.8422 -0.1435 -0.5197
vn -0.7725 0.6020 -0.2021
vn -0.7409 0.6696 0.0529
vn -0.5274 0.7679 0.3635
vn -0.1743 0.6905 0.7020
vn 0.1701 0.2567 0.9514
vn 0.0223 0.2033 0.9789
vn -0.2502 0.2950 0.9222
vn -0.5707 0.4739 0.6706
vn -0.2786 0.4162 0.8656
vn -0.4512 0.1677 -0.8765
vn 0.5370 -0.0670 -0.8409
vn 0.5296 -0.0615 -0.8460
vn 0.5351 -0.0656 -0.8422
vn 0.9103 -0.1164 -0.3973
vn 0.9496 0.0855 0.3017
vn 0.9502 0.0854 0.2996
vn 0.9497 0.0855 0.3013
vn -0.6296 0.6910 0.3552
vn 0.9504 0.0854 0.2991
vn 0.1383 0.1981 0.9704
vn 0.3409 0.2011 0.9183
vn 0.3414 0.2016 0.9180
vn 0.3411 0.2012 0.9182
vn 0.1154 0.2973 0.9478
vn 0.3753 0.2315 0.8975
vn -0.1425 -0.0058 -0.9898
vn -0.0674 0.0295 -0.9973
vn 0.3126 -0.0437 -0.9489
vn 0.5286 -0.0607 -0.8467
vn -0.3889 0.7287 0.5637
vn -0.1050 0.4280 0.8977
vn 0.7727 0.2303 0.5915
vn 0.1008 0.1317 0.9862
vn -0.0495 0.1930 0.9800
vn -0.5766 0.4977 0.6480
vn -0.2105 0.4378 0.8741
vn 0.2466 0.3222 0.9140
vn 0.1854 -0.0272 -0.9823
vn 0.3122 -0.0232 -0.9497
vn 0.0090 0.0163 -0.9998
vn 0.1446 0.0249 -0.9892
vn -0.2152 0.3854 0.8973
vn 0.2575 0.0538 -0.9648
vn -0.1566 0.2010 -0.9670
vn -0.6861 0.5252 -0.5033
vn -0.7319 0.5974 -0.3278
vn -0.7448 0.5904 -0.3111
vn 0.5784 0.0325 -0.8151
vn 0.8387 0.1372 -0.5270
vn 0.9333 0.1225 -0.3376
vn -0.7098 0.6941 0.1198
vn -0.6208 0.6245 0.4741
vn -0.5680 0.4812 0.6677
vn -0.2100 0.3096 0.9274
vn 0.3406 0.2007 0.9185
vn 0.7283 0.3335 0.5986
vn 0.2548 0.4889 0.8343
vn -0.4232 0.4331 -0.7958
vn -0.0894 0.2356 -0.9677
vn -0.2361 0.3655 -0.9004
vn 0.4108 0.0623 -0.9096
vn -0.3289 0.0839 -0.9406
vn -0.6289 0.6255 0.4618
vn -0.3323 0.4266 0.8412
vn 0.3315 0.2194 0.9176
vn 0.3334 0.2175 0.9173
vn 0.3329 0.2181 0.9174
vn 0.3414 0.2094 0.9163
vn -0.4948 0.5663 0.6591
vn -0.2117 0.5940 0.7761
vn -0.2137 0.5935 0.7759
vn -0.2072 0.5952 0.7764
vn 0.5194 0.4876 0.7017
vn 0.2322 0.0910 -0.9684
vn 0.0114 -0.0049 -0.9999
vn -0.0899 0.2984 -0.9502
vn 0.1055 0.2452 -0.9637
vn -0.5444 0.5231 -0.6557
vn 0.1633 0.2891 -0.9433
vn -0.6991 0.6632 -0.2673
vn 0.9166 0.3235 0.2349
vn 0.9390 0.3106 0.1477
vn 0.8093 0.4739 0.3471
vn 0.1500 0.2860 0.9464
vn 0.1488 0.1928 0.9699
vn 0.1292 0.2318 0.9641
vn -0.2052 0.5957 0.7765
vn -0.0609 0.5976 0.7995
vn -0.0432 -0.1860 -0.9816
vn 0.2429 -0.1244 -0.9620
vn -0.6194 0.6608 -0.4238
vn 0.3477 0.1335 -0.9281
vn -0.6839 0.7293 -0.0221
vn -0.6827 0.7281 0.0618
vn 0.7290 0.5673 0.3831
vn -0.5755 0.6971 0.4276
vn 0.4895 0.7147 0.4996
vn 0.5370 0.6771 0.5031
vn -0.0064 0.1988 0.9800
vn -0.2271 0.3557 0.9066
vn 0.8532 0.4174 -0.3128
vn -0.6289 0.7583 0.1717
vn -0.4533 0.7177 0.5286
vn 0.2178 0.1487 0.9646
vn -0.3648 0.6251 0.6901
vn -0.0910 0.5870 0.8045
vn 0.3224 0.1682 0.9315
vn -0.1988 0.5224 -0.8292
vn -0.0413 0.3483 -0.9365
vn 0.0183 0.3981 -0.9172
vn 0.0621 0.3484 -0.9353
vn 0.2065 -0.3187 -0.9251
vn -0.4142 0.8048 -0.4252
vn -0.2798 0.7281 -0.6257
vn 0.5038 0.5590 -0.6586
vn -0.4268 0.8493 -0.3106
vn 0.6655 0.7300 -0.1552
vn 0.5812 0.7309 -0.3578
vn 0.5953 0.7589 0.2641
vn 0.4609 0.7523 0.4707
vn 0.6893 0.5413 0.4815
vn -0.2710 0.7290 0.6286
vn 0.1920 0.8293 0.5248
vn 0.5392 0.5208 0.6618
vn -0.0353 0.7189 0.6942
vn 0.1728 0.6213 0.7643
vn 0.2332 0.6908 0.6844
vn -0.0551 0.8215 -0.5675
vn 0.2211 0.6599 -0.7181
vn -0.3656 0.9199 -0.1420
vn -0.3605 0.9216 0.1441
vn -0.3793 0.9043 0.1958
vn -0.3447 0.8661 0.3621
vn -0.1090 0.8556 0.5060
vn -0.0382 0.8717 -0.4885
vn 0.1703 0.8308 -0.5298
vn -0.0476 0.9540 -0.2959
vn 0.0611 0.9932 -0.0991
vn 0.2995 0.9511 0.0748
vn 0.0652 0.9793 0.1916
vn 0.0648 0.9793 0.1918
vn 0.0645 0.9792 0.1923
vn 0.0685 0.9795 0.1892
vn 0.1668 0.9519 0.2572
vn 0.1336 0.9572 0.2569
usemtl Default_OBJ
s 1
f 1//1 2//1 3//1
f 4//2 1//2 3//2
f 5//3 6//3 4//3
f 6//4 7//4 4//4
f 1//5 8//5 2//5
f 4//6 7//6 1//6
f 6//7 9//7 7//7
f 7//8 8//8 1//8
f 7//9 10//9 8//9
f 11//10 10//10 7//10
f 3//11 2//11 12//11
f 4//12 3//12 13//12
f 5//13 4//13 13//13
f 14//14 2//14 15//14
f 2//15 8//15 15//15
f 16//16 9//16 6//16
f 15//17 8//17 17//17
f 11//18 7//18 18//18
f 9//19 18//19 7//19
f 17//20 8//20 19//20
f 19//21 8//21 10//21
f 20//22 19//22 10//22
f 11//23 20//23 10//23
f 21//24 5//24 13//24
f 21//25 22//25 5//25
f 2//26 14//26 12//26
f 5//27 22//27 6//27
f 6//28 22//28 16//28
f 16//29 23//29 9//29
f 9//30 24//30 18//30
f 23//31 24//31 9//31
f 25//32 20//32 11//32
f 18//33 25//33 11//33
f 3//34 26//34 13//34
f 13//35 26//35 21//35
f 3//36 12//37 27//38
f 22//39 21//39 28//39
f 29//40 16//40 22//40
f 29//41 22//41 30//41
f 14//42 31//42 12//42
f 29//43 32//43 16//43
f 32//44 23//44 16//44
f 33//45 14//45 15//45
f 32//46 34//46 23//46
f 17//47 33//47 15//47
f 34//48 24//48 23//48
f 35//49 33//49 17//49
f 24//50 25//50 18//50
f 35//51 17//51 19//51
f 20//52 36//52 19//52
f 25//53 36//53 20//53
f 26//54 28//54 21//54
f 26//55 3//55 27//55
f 27//38 12//37 37//56
f 22//57 28//57 30//57
f 37//58 12//58 31//58
f 38//59 24//59 34//59
f 19//60 39//60 35//60
f 19//61 40//61 39//61
f 36//62 40//62 19//62
f 26//63 27//63 41//63
f 28//64 26//64 42//64
f 26//65 43//65 42//65
f 44//66 30//67 28//68
f 30//67 44//66 45//69
f 30//70 45//70 46//70
f 30//71 46//71 29//71
f 47//72 29//72 46//72
f 31//73 48//73 49//73
f 31//74 14//74 48//74
f 47//75 32//75 29//75
f 32//76 50//76 34//76
f 34//77 50//77 51//77
f 24//78 52//78 25//78
f 51//79 38//79 34//79
f 52//80 36//80 25//80
f 40//81 53//81 39//81
f 39//82 53//82 54//82
f 41//83 43//83 26//83
f 28//84 42//84 55//84
f 28//85 55//85 44//85
f 37//86 56//86 27//86
f 57//87 56//87 37//87
f 45//88 58//89 46//90
f 37//91 31//91 57//91
f 57//92 31//92 49//92
f 48//93 14//93 33//93
f 50//94 32//94 47//94
f 52//95 24//96 59//97
f 24//96 38//98 59//97
f 60//99 38//99 51//99
f 36//100 52//100 61//100
f 39//101 62//101 35//101
f 62//102 39//102 54//102
f 40//103 63//103 53//103
f 36//104 63//104 40//104
f 41//105 27//105 64//105
f 43//106 65//106 66//106
f 43//107 66//107 42//107
f 44//108 67//108 45//108
f 45//109 67//109 58//109
f 68//110 56//110 57//110
f 58//89 69//111 46//90
f 46//112 70//112 47//112
f 50//113 47//113 71//113
f 51//114 50//114 72//114
f 73//115 72//115 50//115
f 71//116 73//116 50//116
f 33//117 35//117 74//117
f 72//118 60//118 51//118
f 38//119 60//119 59//119
f 35//120 62//120 75//120
f 43//121 41//121 65//121
f 56//122 64//122 27//122
f 42//123 66//123 55//123
f 58//124 67//124 76//124
f 58//89 76//125 69//111
f 57//126 49//126 77//126
f 46//127 69//127 70//127
f 48//128 33//129 78//130
f 74//131 78//130 33//129
f 60//132 72//132 79//132
f 61//133 52//133 59//133
f 35//134 75//134 74//134
f 36//135 80//135 63//135
f 61//136 80//136 36//136
f 60//137 81//137 59//137
f 54//138 82//138 62//138
f 41//139 64//139 83//139
f 41//140 83//140 65//140
f 65//141 84//141 66//141
f 57//142 77//142 68//142
f 49//143 85//143 77//143
f 48//144 85//144 49//144
f 70//145 86//145 47//145
f 48//146 78//146 87//146
f 47//147 86//147 71//147
f 79//148 88//148 60//148
f 53//149 63//149 89//149
f 82//150 54//150 90//150
f 90//151 54//151 53//151
f 91//152 64//152 56//152
f 66//153 84//153 92//153
f 55//154 66//154 93//154
f 66//155 92//155 93//155
f 44//156 55//156 93//156
f 67//157 44//157 93//157
f 91//158 56//158 68//158
f 94//159 69//159 76//159
f 87//160 85//160 48//160
f 95//161 74//161 75//161
f 60//162 96//162 81//162
f 60//163 88//163 96//163
f 88//164 79//164 97//164
f 79//165 72//165 97//165
f 72//166 73//166 98//166
f 63//167 80//167 89//167
f 99//168 80//168 61//168
f 59//169 99//169 61//169
f 59//170 81//170 99//170
f 90//171 53//171 89//171
f 100//172 62//172 82//172
f 82//173 90//173 101//173
f 65//174 83//174 102//174
f 91//175 103//175 64//175
f 65//176 102//176 104//176
f 105//177 84//177 104//177
f 84//178 65//178 104//178
f 67//179 93//179 106//179
f 76//180 67//181 106//182
f 106//182 94//183 76//180
f 68//184 107//184 91//184
f 107//185 68//185 77//185
f 94//186 108//186 69//186
f 107//187 77//187 85//187
f 69//188 108//188 70//188
f 108//189 86//189 70//189
f 73//190 71//190 109//190
f 95//191 78//191 74//191
f 97//192 96//192 88//192
f 97//193 72//193 98//193
f 100//194 75//194 62//194
f 64//195 103//195 83//195
f 105//196 92//196 84//196
f 108//197 110//197 86//197
f 111//198 87//198 78//198
f 71//199 112//199 109//199
f 71//200 86//200 112//200
f 99//201 89//201 80//201
f 98//202 73//202 109//202
f 113//203 90//203 89//203
f 81//204 114//204 99//204
f 96//205 114//205 81//205
f 75//206 115//206 95//206
f 75//207 116//207 115//207
f 116//208 75//208 100//208
f 90//209 113//209 101//209
f 82//210 117//210 100//210
f 82//211 101//211 117//211
f 101//212 118//212 117//212
f 113//213 118//214 101//215
f 105//216 119//216 92//216
f 91//217 120//217 103//217
f 119//218 105//218 104//218
f 120//219 91//219 121//219
f 121//220 91//220 107//220
f 85//221 122//221 107//221
f 87//222 122//222 85//222
f 86//223 110//223 123//223
f 111//224 78//224 124//224
f 86//225 123//225 112//225
f 124//226 78//226 95//226
f 125//227 124//227 95//227
f 113//228 89//228 126//228
f 89//229 99//229 126//229
f 114//230 96//230 97//230
f 109//231 127//231 98//231
f 98//232 127//232 97//232
f 83//233 103//233 128//233
f 83//234 128//234 102//234
f 129//235 104//235 102//235
f 93//236 130//236 106//236
f 131//237 120//237 121//237
f 132//238 108//239 94//240
f 107//241 122//241 121//241
f 122//242 87//242 133//242
f 111//243 133//243 87//243
f 123//244 134//244 112//244
f 115//245 125//245 95//245
f 99//246 135//246 126//246
f 114//247 135//247 99//247
f 136//248 135//248 114//248
f 97//249 136//249 114//249
f 109//250 137//250 127//250
f 118//251 126//251 135//251
f 126//252 118//214 113//213
f 100//253 138//253 116//253
f 138//254 100//254 117//254
f 118//255 139//255 117//255
f 139//256 118//256 140//256
f 92//257 119//257 141//257
f 93//258 92//258 141//258
f 93//259 141//259 130//259
f 119//260 104//260 141//260
f 104//261 129//262 141//263
f 142//264 94//264 106//264
f 132//265 94//265 142//265
f 143//266 135//266 136//266
f 97//267 144//267 136//267
f 127//268 144//268 97//268
f 144//269 127//269 137//269
f 118//270 135//270 145//270
f 116//271 146//271 115//271
f 145//272 135//273 143//274
f 116//275 138//275 146//275
f 145//276 140//276 118//276
f 138//277 117//277 139//277
f 106//278 130//278 142//278
f 121//279 147//279 131//279
f 148//280 108//239 132//238
f 148//281 110//281 108//281
f 121//282 122//282 147//282
f 148//283 149//283 110//283
f 133//284 147//284 122//284
f 110//285 149//285 123//285
f 123//286 149//286 134//286
f 111//287 150//287 133//287
f 111//288 124//288 151//288
f 144//289 143//289 136//289
f 145//290 152//290 140//290
f 140//291 153//291 139//291
f 128//292 103//292 154//292
f 102//293 128//293 155//293
f 102//294 155//294 129//294
f 129//262 156//295 141//263
f 129//296 155//296 156//296
f 132//297 142//297 157//297
f 149//298 158//298 134//298
f 150//299 111//299 159//299
f 111//300 151//300 159//300
f 158//301 160//301 134//301
f 134//302 160//302 112//302
f 124//303 125//303 161//303
f 162//304 137//304 109//304
f 162//305 109//305 112//305
f 143//274 163//306 145//272
f 144//307 163//307 143//307
f 137//308 163//309 144//310
f 146//311 125//311 115//311
f 138//312 164//312 146//312
f 163//313 152//313 145//313
f 138//314 165//314 164//314
f 138//315 139//315 165//315
f 153//316 140//316 152//316
f 153//317 165//317 139//317
f 154//318 155//318 128//318
f 141//319 156//319 166//319
f 141//320 166//320 167//320
f 130//321 141//321 167//321
f 168//322 130//322 167//322
f 168//323 142//323 130//323
f 120//324 169//324 103//324
f 169//325 120//325 131//325
f 132//326 157//326 148//326
f 131//327 147//327 170//327
f 133//328 150//328 147//328
f 160//329 158//329 149//329
f 160//330 171//330 112//330
f 112//331 171//331 162//331
f 151//332 124//332 161//332
f 162//333 172//333 137//333
f 163//309 137//308 173//334
f 173//335 152//335 163//335
f 174//336 153//336 152//336
f 103//337 169//337 154//337
f 156//338 155//338 166//338
f 131//339 170//339 169//339
f 148//340 175//340 149//340
f 149//341 175//341 160//341
f 172//342 173//342 137//342
f 125//343 176//343 161//343
f 176//344 125//344 146//344
f 164//345 176//345 146//345
f 174//346 152//346 177//346
f 173//347 177//347 152//347
f 164//348 178//348 176//348
f 164//349 179//349 178//349
f 165//350 179//350 164//350
f 165//351 153//351 180//351
f 174//352 180//352 153//352
f 155//353 154//353 166//353
f 154//354 181//354 166//354
f 142//355 168//355 182//355
f 142//356 182//356 157//356
f 183//357 169//357 170//357
f 157//358 184//358 148//358
f 185//359 170//359 147//359
f 148//360 184//360 186//360
f 186//361 175//361 148//361
f 147//362 150//362 187//362
f 150//363 159//363 187//363
f 160//364 175//364 171//364
f 171//365 188//365 162//365
f 151//366 161//366 189//366
f 176//367 190//367 161//367
f 172//368 177//368 173//368
f 191//369 174//369 177//369
f 191//370 180//370 174//370
f 192//371 154//371 169//371
f 154//372 193//372 181//372
f 167//373 166//373 194//373
f 192//374 169//374 183//374
f 170//375 185//375 183//375
f 147//376 187//376 185//376
f 171//377 175//377 195//377
f 159//378 151//378 196//378
f 171//379 197//379 188//379
f 172//380 162//380 198//380
f 162//381 188//381 198//381
f 172//382 198//382 177//382
f 191//383 199//383 180//383
f 165//384 200//384 179//384
f 165//385 180//385 201//385
f 200//386 165//386 201//386
f 192//387 193//387 154//387
f 194//388 168//389 167//390
f 157//391 182//391 202//391
f 157//392 202//392 184//392
f 186//393 195//393 175//393
f 197//394 203//394 188//394
f 151//395 189//395 196//395
f 188//396 203//396 198//396
f 189//397 161//397 190//397
f 176//398 204//398 190//398
f 205//399 177//399 198//399
f 178//400 204//400 176//400
f 205//401 206//401 177//401
f 179//402 207//402 178//402
f 206//403 191//404 177//405
f 206//403 199//406 191//404
f 200//407 208//407 179//407
f 166//408 181//408 194//408
f 168//389 194//388 182//409
f 186//410 184//410 209//410
f 210//411 185//411 187//411
f 187//412 159//413 210//414
f 203//415 211//415 198//415
f 212//416 189//416 190//416
f 207//417 204//417 178//417
f 179//418 213//418 207//418
f 179//419 208//419 213//419
f 180//420 214//421 201//422
f 199//423 214//423 180//423
f 193//424 192//424 215//424
f 194//425 216//425 182//425
f 202//426 182//426 216//426
f 217//427 184//427 202//427
f 186//428 209//428 195//428
f 209//429 218//429 195//429
f 219//430 195//430 218//430
f 195//431 219//431 171//431
f 159//432 196//432 220//432
f 171//433 219//433 197//433
f 197//434 221//434 203//434
f 222//435 212//435 190//435
f 223//436 198//436 211//436
f 190//437 224//437 222//437
f 224//438 190//438 204//438
f 223//439 205//439 198//439
f 200//440 201//440 208//440
f 181//441 193//441 215//441
f 194//442 181//442 216//442
f 192//443 225//443 215//443
f 225//444 192//444 183//444
f 202//445 216//445 217//445
f 184//446 217//446 209//446
f 210//414 159//413 226//447
f 159//448 220//448 226//448
f 196//449 189//449 227//449
f 203//450 221//450 211//450
f 228//451 199//451 206//451
f 206//452 229//452 228//452
f 214//453 199//453 230//453
f 181//454 215//454 231//454
f 185//455 232//455 183//455
f 232//456 233//456 183//456
f 234//457 185//457 210//457
f 210//458 226//458 235//458
f 219//459 221//459 197//459
f 220//460 196//460 227//460
f 236//461 211//461 221//461
f 189//462 212//462 227//462
f 236//463 223//463 211//463
f 224//464 204//464 237//464
f 237//465 204//466 207//467
f 206//468 205//468 229//468
f 201//469 238//469 208//469
f 208//470 238//470 239//470
f 201//422 214//421 238//471
f 181//472 231//472 240//472
f 216//473 181//473 240//473
f 225//474 183//474 233//474
f 218//475 209//475 241//475
f 223//476 236//476 242//476
f 242//477 205//477 223//477
f 207//467 243//478 237//465
f 213//479 243//479 207//479
f 199//480 228//481 230//482
f 239//483 213//483 208//483
f 231//484 215//484 244//484
f 245//485 217//485 216//485
f 246//486 217//486 245//486
f 246//487 209//487 217//487
f 232//488 185//488 234//488
f 209//489 246//489 241//489
f 241//490 247//490 218//490
f 235//491 234//491 210//491
f 218//492 247//492 219//492
f 247//493 248//493 219//493
f 219//494 248//494 221//494
f 249//495 221//495 248//495
f 221//496 249//496 236//496
f 222//497 224//497 250//497
f 205//498 242//498 229//498
f 244//499 215//499 225//499
f 245//500 216//500 240//500
f 225//501 233//501 251//501
f 244//502 225//502 251//502
f 241//503 246//503 252//503
f 247//504 241//504 252//504
f 227//505 212//505 253//505
f 253//506 212//506 254//506
f 222//507 254//507 212//507
f 255//508 242//508 236//508
f 213//509 239//509 243//509
f 214//510 256//510 238//510
f 240//511 257//511 245//511
f 252//512 258//512 247//512
f 247//513 258//513 248//513
f 259//514 226//514 220//514
f 220//515 227//515 253//515
f 255//516 260//516 242//516
f 242//517 260//517 229//517
f 237//518 261//518 224//518
f 239//519 238//519 262//519
f 238//520 256//520 263//520
f 240//521 231//521 257//521
f 246//522 264//522 252//522
f 252//523 264//523 258//523
f 248//524 258//524 265//524
f 220//525 253//525 259//525
f 248//526 265//526 249//526
f 249//527 266//527 236//527
f 267//528 255//528 236//528
f 260//529 255//529 267//529
f 222//530 250//530 254//530
f 260//531 228//531 229//531
f 268//532 228//532 260//532
f 268//533 230//482 228//481
f 243//534 261//535 237//536
f 256//537 214//538 230//539
f 239//540 262//540 243//540
f 244//541 251//541 269//541
f 231//542 244//543 269//544
f 270//545 257//545 231//545
f 245//546 257//547 271//548
f 271//549 246//549 245//549
f 246//550 271//550 264//550
f 264//551 265//551 258//551
f 272//552 235//552 226//552
f 272//553 226//553 259//553
f 266//554 249//554 265//554
f 236//555 266//555 267//555
f 260//556 267//556 273//556
f 254//557 250//557 274//557
f 261//558 250//558 224//558
f 230//539 275//559 256//537
f 263//560 262//560 238//560
f 271//548 257//547 270//561
f 234//562 276//562 232//562
f 235//563 276//563 234//563
f 277//564 265//564 264//564
f 278//565 268//565 260//565
f 275//566 230//566 268//566
f 243//534 279//567 261//535
f 275//568 280//568 256//568
f 231//542 269//544 281//569
f 231//570 281//570 270//570
f 282//571 251//572 233//571
f 276//573 233//573 232//573
f 282//571 233//571 276//574
f 235//575 272//575 283//575
f 277//576 284//576 265//576
f 284//577 285//577 265//577
f 265//578 285//578 266//578
f 267//579 266//579 285//579
f 253//580 254//580 286//580
f 285//581 273//581 267//581
f 274//582 286//582 254//582
f 260//583 273//584 278//585
f 287//586 261//586 279//586
f 262//587 279//588 243//589
f 256//590 280//590 263//590
f 269//591 251//591 282//591
f 271//592 270//592 288//592
f 271//593 288//593 264//593
f 288//594 277//594 264//594
f 259//595 253//595 289//595
f 290//596 274//596 250//596
f 290//597 250//597 261//597
f 278//598 275//598 268//598
f 261//599 287//599 290//599
f 263//600 291//600 262//600
f 281//601 269//602 282//603
f 292//604 282//604 276//604
f 293//605 288//605 270//605
f 235//606 283//606 276//606
f 288//607 294//607 277//607
f 272//608 259//608 289//608
f 253//609 286//610 295//611
f 296//612 278//585 273//584
f 275//613 297//613 280//613
f 262//587 298//614 279//588
f 298//615 262//615 291//615
f 280//616 299//616 263//616
f 282//603 300//617 281//601
f 270//618 281//618 293//618
f 293//619 294//619 288//619
f 283//620 301//620 276//620
f 284//621 277//621 294//621
f 285//622 284//622 302//622
f 303//623 285//623 302//623
f 303//624 296//624 285//624
f 285//625 296//625 273//625
f 296//626 304//627 278//628
f 304//627 305//629 278//628
f 278//630 305//630 306//630
f 275//631 278//631 306//631
f 306//632 307//632 275//632
f 307//633 297//633 275//633
f 282//634 292//635 300//636
f 293//637 281//637 308//637
f 293//638 309//638 294//638
f 253//639 295//639 289//639
f 290//640 310//640 311//640
f 310//641 290//641 287//641
f 299//642 280//642 297//642
f 279//643 298//643 312//643
f 291//644 263//644 299//644
f 308//645 281//645 300//645
f 293//646 308//646 313//646
f 314//647 293//647 313//647
f 314//648 309//648 293//648
f 301//649 292//649 276//649
f 284//650 294//650 315//650
f 302//651 284//651 315//651
f 295//611 286//610 316//652
f 311//653 274//653 290//653
f 279//654 312//654 287//654
f 309//655 317//655 294//655
f 301//656 283//656 272//656
f 289//657 318//658 272//659
f 302//660 319//660 303//660
f 296//661 303//661 319//661
f 296//662 320//662 304//662
f 321//663 305//663 304//663
f 305//664 321//664 306//664
f 322//665 297//665 307//665
f 323//666 299//666 297//666
f 322//667 323//667 297//667
f 291//668 324//668 298//668
f 291//669 299//669 324//669
f 300//636 292//635 325//670
f 326//671 292//671 301//671
f 314//672 317//672 309//672
f 301//673 272//673 318//673
f 294//674 317//674 315//674
f 318//658 289//657 327//675
f 319//676 302//676 315//676
f 319//677 320//677 296//677
f 286//678 274//678 316//678
f 316//679 274//679 328//679
f 321//680 304//680 320//680
f 329//681 274//681 311//681
f 321//682 307//682 306//682
f 330//683 312//683 298//683
f 324//684 331//684 298//684
f 325//685 308//685 300//685
f 325//670 292//635 326//686
f 318//687 332//687 301//687
f 289//688 295//689 327//690
f 327//690 295//689 316//691
f 329//692 328//692 274//692
f 307//693 321//693 333//693
f 322//694 307//694 333//694
f 330//695 298//695 331//695
f 299//696 323//697 324//698
f 334//699 314//699 313//699
f 335//700 326//700 301//700
f 317//701 314//701 334//701
f 315//702 317//702 336//702
f 315//703 336//703 337//703
f 337//704 319//704 315//704
f 338//705 319//705 337//705
f 320//706 339//706 321//706
f 287//707 340//707 310//707
f 312//708 340//708 287//708
f 341//709 342//709 343//709
f 341//710 344//710 342//710
f 344//711 345//711 342//711
f 342//712 346//712 343//712
f 347//713 348//713 342//713
f 345//714 347//714 342//714
f 342//715 348//715 346//715
f 348//716 349//716 346//716
f 345//717 350//717 347//717
f 350//718 348//719 347//720
f 350//718 351//721 348//719
f 352//722 308//722 325//722
f 313//723 308//723 352//723
f 335//724 301//724 332//724
f 317//725 334//726 336//727
f 339//728 319//728 338//728
f 319//729 339//729 320//729
f 353//730 316//730 328//730
f 321//731 339//731 354//731
f 321//732 354//732 333//732
f 354//733 355//733 333//733
f 333//734 356//734 322//734
f 357//735 322//735 356//735
f 324//698 323//697 358//736
f 359//737 344//737 341//737
f 345//738 344//738 360//738
f 343//739 346//739 361//739
f 346//740 362//740 361//740
f 345//741 360//741 363//741
f 363//742 364//742 345//742
f 350//743 345//744 364//745
f 346//746 349//746 362//746
f 364//745 365//747 350//743
f 366//748 349//748 348//748
f 367//749 350//749 365//749
f 348//750 368//750 366//750
f 368//751 348//751 351//751
f 350//752 367//752 351//752
f 335//753 369//753 326//753
f 325//754 326//754 369//754
f 334//755 313//755 370//755
f 367//756 368//757 351//758
f 332//759 318//759 371//759
f 327//760 371//760 318//760
f 372//761 354//761 339//761
f 329//762 311//762 373//762
f 333//763 355//763 356//763
f 340//764 311//764 310//764
f 357//765 323//765 322//765
f 374//766 358//766 323//766
f 375//767 341//767 376//767
f 359//768 341//768 375//768
f 361//769 376//769 343//769
f 341//770 343//770 376//770
f 377//771 344//771 359//771
f 377//772 378//772 344//772
f 360//773 344//773 378//773
f 379//774 362//774 380//774
f 362//775 349//775 380//775
f 380//776 349//776 366//776
f 352//777 370//777 313//777
f 366//778 368//778 381//778
f 365//779 382//779 367//779
f 368//780 383//780 381//780
f 368//757 367//756 384//781
f 383//782 368//782 384//782
f 384//783 367//783 385//783
f 382//784 385//784 367//784
f 316//785 353//785 386//785
f 353//786 328//786 329//786
f 354//787 372//787 355//787
f 373//788 311//788 340//788
f 312//789 387//789 340//789
f 374//790 323//790 357//790
f 388//791 312//791 330//791
f 331//792 388//792 330//792
f 324//793 389//793 331//793
f 390//794 359//794 375//794
f 390//795 377//795 359//795
f 391//796 361//796 392//796
f 391//797 376//797 361//797
f 360//798 378//798 393//798
f 393//799 363//799 360//799
f 394//800 361//800 362//800
f 364//801 363//801 395//801
f 362//802 379//802 394//802
f 364//803 395//803 365//803
f 395//804 396//804 365//804
f 381//805 380//805 366//805
f 365//806 396//806 382//806
f 352//807 325//807 397//807
f 325//808 369//808 397//808
f 370//809 352//809 397//809
f 382//810 396//810 398//810
f 381//811 383//811 399//811
f 385//812 382//812 400//812
f 337//813 336//813 401//813
f 371//814 327//814 402//814
f 327//815 316//815 386//815
f 402//816 327//817 386//818
f 339//819 338//819 403//819
f 339//820 403//820 372//820
f 353//821 329//821 404//821
f 404//822 329//822 373//822
f 404//823 373//823 405//823
f 406//824 356//824 355//824
f 331//825 389//825 388//825
f 389//826 324//826 407//826
f 358//827 407//827 324//827
f 374//828 407//828 358//828
f 408//829 390//830 375//831
f 391//832 408//832 376//832
f 375//833 376//833 408//833
f 390//834 409//834 377//834
f 409//835 378//835 377//835
f 378//836 409//836 393//836
f 392//837 361//838 410//839
f 393//840 411//840 363//840
f 361//841 394//842 410//843
f 411//844 395//844 363//844
f 412//845 396//845 395//845
f 412//846 398//846 396//846
f 370//847 413//847 334//847
f 383//848 414//848 399//848
f 414//849 383//849 384//849
f 382//850 415//850 400//850
f 415//851 382//851 398//851
f 332//852 371//852 335//852
f 334//726 413//853 336//727
f 384//854 416//855 414//856
f 416//855 384//854 385//857
f 417//858 385//858 400//858
f 417//859 400//859 415//859
f 337//860 401//860 418//860
f 338//861 418//861 419//861
f 338//862 337//862 418//862
f 338//863 419//863 403//863
f 386//864 353//864 420//864
f 353//865 404//865 420//865
f 403//866 421//866 372//866
f 372//867 422//867 355//867
f 357//868 356//868 406//868
f 340//869 387//869 373//869
f 312//870 388//870 387//870
f 407//871 423//871 389//871
f 424//872 390//830 408//829
f 408//873 391//873 425//873
f 409//874 426//875 393//876
f 393//877 427//877 411//877
f 411//878 428//878 395//878
f 395//879 428//879 412//879
f 379//880 380//881 429//882
f 380//883 430//883 429//883
f 381//884 430//884 380//884
f 412//885 431//885 398//885
f 381//886 432//886 430//886
f 399//887 432//887 381//887
f 413//888 370//888 397//888
f 414//889 433//890 399//891
f 399//891 433//890 432//892
f 434//893 433//893 414//893
f 401//894 336//894 413//894
f 435//895 434//895 436//895
f 414//896 416//896 434//896
f 416//897 436//897 434//897
f 437//898 416//898 385//898
f 437//899 385//899 417//899
f 355//900 422//900 406//900
f 389//901 438//901 388//901
f 407//902 439//902 423//902
f 374//903 439//903 407//903
f 425//904 391//904 440//904
f 391//905 392//905 440//905
f 390//906 426//875 409//874
f 427//907 393//907 426//907
f 427//908 428//909 411//910
f 335//911 441//911 369//911
f 441//912 442//912 369//912
f 369//913 442//913 397//913
f 397//914 442//914 413//914
f 431//915 443//915 398//915
f 401//916 413//916 444//916
f 398//917 443//917 415//917
f 415//918 443//918 417//918
f 437//919 436//919 416//919
f 402//816 386//818 445//920
f 446//921 421//921 403//921
f 372//922 421//922 422//922
f 422//923 447//923 406//923
f 405//924 373//924 448//924
f 389//925 423//925 438//925
f 408//926 425//926 449//926
f 424//927 408//927 449//927
f 425//928 440//928 450//928
f 451//929 390//930 424//931
f 390//930 451//929 452//932
f 390//933 452//933 426//933
f 392//837 410//839 453//934
f 410//935 454//935 453//935
f 455//936 428//909 427//908
f 454//937 410//843 394//842
f 379//938 454//938 394//938
f 456//939 412//939 428//939
f 379//880 429//882 457//940
f 456//941 431//941 412//941
f 430//942 458//943 429//944
f 433//945 459//945 432//945
f 432//946 459//946 460//946
f 461//947 443//947 431//947
f 433//948 434//948 459//948
f 335//949 462//949 441//949
f 434//950 435//950 459//950
f 435//951 463//951 459//951
f 335//952 371//952 462//952
f 443//953 464//953 417//953
f 437//954 417//954 465//954
f 417//955 464//955 465//955
f 445//956 371//956 402//956
f 436//957 466//957 435//957
f 436//958 437//958 467//958
f 465//959 467//959 437//959
f 468//960 466//960 436//960
f 467//961 468//961 436//961
f 469//962 419//962 418//962
f 469//963 403//963 419//963
f 403//964 469//965 446//966
f 420//967 404//967 470//967
f 470//968 404//968 471//968
f 421//969 446//969 422//969
f 404//970 405//970 471//970
f 387//971 472//971 373//971
f 388//972 473//972 387//972
f 388//973 438//974 473//975
f 424//976 449//976 474//976
f 449//977 425//977 450//977
f 455//978 475//978 428//978
f 475//979 476//979 428//979
f 454//980 379//980 477//980
f 477//981 379//981 457//981
f 428//982 476//982 456//982
f 429//944 458//943 457//983
f 432//984 478//984 430//984
f 432//985 479//986 478//987
f 460//988 479//988 432//988
f 459//989 479//989 460//989
f 464//990 443//991 461//992
f 463//993 435//993 480//993
f 435//994 466//994 480//994
f 467//995 465//995 481//995
f 481//996 468//996 467//996
f 445//997 386//997 482//997
f 420//998 483//998 386//998
f 483//999 482//999 386//999
f 420//1000 470//1000 483//1000
f 446//1001 484//1001 422//1001
f 471//1002 405//1002 485//1002
f 422//1003 484//1003 447//1003
f 405//1004 448//1004 485//1004
f 447//1005 486//1005 406//1005
f 373//1006 472//1006 448//1006
f 406//1007 486//1007 357//1007
f 439//1008 374//1008 487//1008
f 357//1009 487//1009 374//1009
f 423//1010 488//1010 438//1010
f 423//1011 489//1011 488//1011
f 439//1012 489//1012 423//1012
f 474//1013 490//1013 424//1013
f 424//1014 490//1014 451//1014
f 450//1015 440//1015 491//1015
f 426//1016 452//1016 492//1016
f 492//1017 427//1017 426//1017
f 493//1018 454//1018 477//1018
f 457//1019 458//1019 494//1019
f 495//1020 456//1020 476//1020
f 430//1021 478//1021 458//1021
f 456//1022 495//1022 431//1022
f 431//1023 495//1023 461//1023
f 464//990 461//992 496//1024
f 497//1025 413//1026 442//1027
f 444//1028 413//1028 497//1028
f 496//1029 498//1029 464//1029
f 465//1030 464//1030 499//1030
f 464//1031 498//1031 499//1031
f 480//1032 466//1032 500//1032
f 501//1033 465//1033 499//1033
f 445//1034 482//1034 371//1034
f 466//1035 502//1035 500//1035
f 481//1036 465//1036 501//1036
f 418//1037 401//1038 503//1039
f 468//1040 502//1040 466//1040
f 469//1041 418//1041 504//1041
f 484//1042 505//1042 447//1042
f 447//1043 505//1043 486//1043
f 387//1044 473//1044 472//1044
f 487//1045 357//1045 486//1045
f 438//974 488//1046 473//975
f 506//1047 489//1047 439//1047
f 449//1048 507//1048 474//1048
f 440//1049 392//1049 508//1049
f 509//1050 492//1050 452//1050
f 508//1051 453//1052 510//1053
f 392//1054 453//1052 508//1051
f 492//1055 455//1055 427//1055
f 453//1056 454//1056 510//1056
f 454//1057 493//1057 510//1057
f 511//1058 476//1058 475//1058
f 479//1059 512//1059 513//1059
f 479//986 513//1060 478//987
f 512//1061 479//1061 459//1061
f 514//1062 461//1062 495//1062
f 459//1063 463//1063 512//1063
f 461//1064 514//1064 496//1064
f 480//1065 512//1065 463//1065
f 401//1066 444//1066 515//1066
f 503//1067 401//1067 515//1067
f 468//1068 481//1068 516//1068
f 505//1069 517//1069 486//1069
f 439//1070 487//1070 506//1070
f 449//1071 450//1071 507//1071
f 450//1072 518//1073 507//1074
f 440//1075 508//1075 491//1075
f 451//1076 509//1076 452//1076
f 519//1077 455//1077 492//1077
f 475//1078 455//1078 519//1078
f 511//1079 520//1080 476//1081
f 520//1080 521//1082 476//1081
f 477//1083 457//1083 522//1083
f 457//1084 494//1084 522//1084
f 476//1085 521//1085 495//1085
f 523//1086 494//1087 458//1088
f 521//1089 524//1089 495//1089
f 478//1090 523//1090 458//1090
f 495//1091 524//1091 514//1091
f 480//1092 525//1092 512//1092
f 442//1093 441//1093 526//1093
f 442//1027 526//1094 497//1025
f 480//1095 500//1095 525//1095
f 371//1096 482//1096 527//1096
f 462//1097 371//1097 527//1097
f 502//1098 528//1098 500//1098
f 481//1099 529//1100 516//1101
f 501//1102 529//1100 481//1099
f 504//1103 418//1037 503//1039
f 502//1104 530//1104 528//1104
f 502//1105 468//1105 530//1105
f 468//1106 516//1106 530//1106
f 471//1107 483//1107 470//1107
f 469//965 531//1108 446//966
f 505//1109 532//1109 517//1109
f 488//1110 533//1110 473//1110
f 474//1111 507//1111 534//1111
f 474//1112 534//1112 490//1112
f 518//1113 450//1113 491//1113
f 451//1114 490//1115 535//1116
f 451//1117 536//1117 509//1117
f 491//1118 508//1118 537//1118
f 519//1119 511//1119 475//1119
f 510//1120 493//1120 538//1120
f 493//1121 539//1121 538//1121
f 493//1122 477//1122 540//1122
f 477//1123 522//1123 540//1123
f 522//1124 494//1124 541//1124
f 523//1086 541//1125 494//1087
f 521//1126 542//1126 524//1126
f 513//1127 543//1127 478//1127
f 542//1128 514//1128 524//1128
f 544//1129 513//1129 512//1129
f 496//1130 514//1130 545//1130
f 496//1131 545//1131 498//1131
f 462//1132 546//1133 441//1134
f 500//1135 547//1135 525//1135
f 547//1136 500//1136 528//1136
f 528//1137 548//1137 547//1137
f 548//1138 528//1138 549//1138
f 528//1139 550//1139 549//1139
f 550//1140 528//1140 530//1140
f 530//1141 551//1141 550//1141
f 516//1142 551//1142 530//1142
f 469//1143 504//1143 552//1143
f 531//1144 469//1144 552//1144
f 553//1145 517//1145 532//1145
f 448//1146 554//1146 485//1146
f 517//1147 553//1147 486//1147
f 554//1148 448//1148 472//1148
f 472//1149 555//1149 554//1149
f 486//1150 553//1150 487//1150
f 555//1151 472//1151 473//1151
f 488//1152 556//1153 533//1154
f 488//1155 489//1155 556//1155
f 518//1073 557//1156 507//1074
f 451//1114 535//1116 536//1157
f 510//1158 558//1158 508//1158
f 510//1159 538//1159 558//1159
f 559//1160 511//1160 519//1160
f 539//1161 560//1161 538//1161
f 560//1162 539//1162 561//1162
f 539//1163 493//1163 540//1163
f 511//1164 559//1164 520//1164
f 523//1165 562//1165 541//1165
f 478//1166 543//1166 523//1166
f 542//1167 563//1167 514//1167
f 513//1168 544//1168 543//1168
f 525//1169 544//1169 512//1169
f 514//1170 564//1170 545//1170
f 525//1171 547//1171 565//1171
f 498//1172 545//1172 499//1172
f 526//1173 441//1173 546//1173
f 547//1174 548//1174 565//1174
f 565//1175 548//1175 566//1175
f 499//1176 567//1176 568//1176
f 569//1177 444//1177 497//1177
f 515//1178 444//1178 569//1178
f 499//1179 568//1180 501//1181
f 566//1182 548//1182 549//1182
f 501//1183 570//1183 529//1183
f 501//1181 568//1180 570//1184
f 483//1185 471//1185 571//1185
f 572//1186 484//1186 446//1186
f 572//1187 446//1187 531//1187
f 471//1188 485//1188 571//1188
f 572//1189 505//1189 484//1189
f 505//1190 572//1190 532//1190
f 473//1191 573//1191 555//1191
f 533//1192 573//1192 473//1192
f 574//1193 489//1193 506//1193
f 491//1194 575//1194 518//1194
f 575//1195 491//1195 537//1195
f 537//1196 508//1196 558//1196
f 558//1197 538//1197 576//1197
f 576//1198 560//1198 577//1198
f 538//1199 560//1199 576//1199
f 560//1200 578//1201 577//1202
f 560//1203 561//1203 578//1203
f 561//1204 579//1205 578//1206
f 580//1207 581//1207 579//1207
f 561//1208 580//1208 579//1208
f 539//1209 540//1209 561//1209
f 540//1210 580//1210 561//1210
f 540//1211 522//1211 582//1211
f 583//1212 521//1212 520//1212
f 541//1213 582//1213 522//1213
f 521//1214 583//1214 542//1214
f 523//1215 543//1215 562//1215
f 563//1216 584//1216 514//1216
f 514//1217 584//1217 585//1217
f 543//1218 586//1218 587//1218
f 543//1219 544//1219 586//1219
f 585//1220 564//1220 514//1220
f 544//1221 525//1221 586//1221
f 525//1222 587//1222 586//1222
f 525//1223 565//1223 587//1223
f 545//1224 567//1224 499//1224
f 565//1225 566//1225 587//1225
f 569//1226 497//1227 526//1228
f 527//1229 588//1229 462//1229
f 566//1230 549//1230 589//1230
f 527//1231 482//1231 590//1231
f 549//1232 550//1232 589//1232
f 482//1233 483//1234 590//1235
f 550//1236 591//1236 589//1236
f 591//1237 550//1237 592//1237
f 550//1238 551//1238 592//1238
f 593//1239 551//1239 516//1239
f 571//1240 485//1240 594//1240
f 553//1241 532//1241 595//1241
f 553//1242 596//1242 487//1242
f 597//1243 556//1243 489//1243
f 574//1244 597//1244 489//1244
f 507//1245 557//1245 534//1245
f 537//1246 558//1246 598//1246
f 599//1247 492//1247 509//1247
f 492//1248 599//1248 519//1248
f 598//1249 558//1249 600//1249
f 558//1250 576//1250 600//1250
f 600//1251 577//1251 601//1251
f 576//1252 577//1252 600//1252
f 519//1253 602//1253 559//1253
f 577//1202 578//1201 603//1254
f 579//1205 604//1255 578//1206
f 605//1256 520//1256 559//1256
f 579//1257 606//1257 604//1257
f 581//1258 606//1258 579//1258
f 581//1259 580//1259 607//1259
f 608//1260 581//1260 607//1260
f 607//1261 580//1261 609//1261
f 540//1262 609//1262 580//1262
f 582//1263 609//1263 540//1263
f 610//1264 583//1264 520//1264
f 581//1265 611//1265 606//1265
f 608//1266 611//1266 581//1266
f 563//1267 542//1267 583//1267
f 562//1268 612//1269 541//1270
f 562//1271 543//1271 613//1271
f 613//1272 543//1272 614//1272
f 587//1273 614//1273 543//1273
f 546//1133 462//1132 588//1274
f 516//1275 529//1275 593//1275
f 551//1276 593//1276 592//1276
f 590//1235 483//1234 615//1277
f 483//1278 571//1278 615//1278
f 595//1279 532//1279 572//1279
f 485//1280 554//1280 594//1280
f 595//1281 616//1281 553//1281
f 616//1282 617//1282 553//1282
f 596//1283 553//1283 617//1283
f 487//1284 574//1284 506//1284
f 596//1285 574//1285 487//1285
f 533//1286 618//1286 573//1286
f 619//1287 620//1287 533//1287
f 556//1153 619//1288 533//1154
f 518//1289 621//1289 557//1289
f 575//1290 621//1290 518//1290
f 490//1291 534//1292 535//1293
f 534//1292 622//1294 535//1293
f 623//1295 575//1295 537//1295
f 535//1296 624//1296 536//1296
f 537//1297 598//1297 623//1297
f 509//1298 536//1298 599//1298
f 598//1299 600//1299 625//1299
f 625//1300 600//1300 601//1300
f 577//1301 626//1301 601//1301
f 626//1302 603//1302 627//1302
f 577//1303 603//1303 626//1303
f 602//1304 605//1304 559//1304
f 578//1305 604//1305 627//1305
f 603//1306 578//1306 627//1306
f 604//1307 606//1307 628//1307
f 605//1308 610//1308 520//1308
f 606//1309 629//1309 628//1309
f 610//1310 630//1310 583//1310
f 631//1311 629//1312 606//1313
f 611//1314 631//1311 606//1313
f 632//1315 608//1315 633//1315
f 633//1316 608//1316 607//1316
f 630//1317 563//1317 583//1317
f 608//1318 632//1318 611//1318
f 614//1319 634//1319 613//1319
f 585//1320 635//1320 564//1320
f 564//1321 567//1321 545//1321
f 587//1322 634//1322 614//1322
f 587//1323 566//1323 634//1323
f 634//1324 566//1325 636//1326
f 546//1327 588//1328 637//1329
f 526//1330 546//1330 638//1330
f 526//1228 638//1331 569//1226
f 566//1325 589//1332 636//1326
f 515//1333 569//1333 639//1333
f 570//1334 640//1334 529//1334
f 527//1335 590//1335 588//1335
f 503//1336 515//1336 641//1336
f 504//1337 503//1337 641//1337
f 589//1338 591//1338 636//1338
f 592//1339 642//1340 591//1341
f 572//1342 643//1342 595//1342
f 594//1343 554//1343 644//1343
f 595//1344 643//1344 616//1344
f 645//1345 554//1345 555//1345
f 555//1346 646//1346 645//1346
f 646//1347 555//1347 573//1347
f 620//1348 618//1348 533//1348
f 647//1349 648//1349 649//1349
f 557//1350 621//1351 650//1352
f 557//1353 650//1353 534//1353
f 534//1354 651//1354 622//1354
f 652//1355 623//1355 598//1355
f 536//1356 624//1356 599//1356
f 653//1357 652//1357 625//1357
f 598//1358 625//1358 652//1358
f 519//1359 599//1359 654//1359
f 655//1360 653//1360 601//1360
f 625//1361 601//1361 653//1361
f 655//1362 626//1362 656//1362
f 601//1363 626//1363 655//1363
f 657//1364 658//1364 627//1364
f 626//1365 627//1365 658//1365
f 627//1366 604//1366 657//1366
f 604//1367 659//1367 657//1367
f 604//1368 628//1369 659//1370
f 629//1371 660//1371 628//1371
f 661//1372 662//1372 663//1372
f 664//1373 633//1373 607//1373
f 607//1374 665//1374 664//1374
f 609//1375 665//1375 607//1375
f 582//1376 665//1376 609//1376
f 582//1377 666//1377 665//1377
f 563//1378 630//1378 667//1378
f 668//1379 669//1379 631//1379
f 631//1380 611//1380 668//1380
f 668//1381 611//1381 632//1381
f 541//1382 670//1382 582//1382
f 584//1383 563//1383 667//1383
f 662//1384 671//1384 663//1384
f 672//1385 671//1385 662//1385
f 541//1386 612//1386 670//1386
f 663//1387 671//1387 673//1387
f 613//1388 612//1269 562//1268
f 671//1389 674//1389 673//1389
f 613//1388 675//1390 612//1269
f 634//1391 675//1392 613//1393
f 672//1394 676//1394 671//1394
f 564//1395 635//1395 677//1395
f 674//1396 671//1396 678//1396
f 676//1397 678//1397 671//1397
f 564//1398 677//1398 567//1398
f 679//1399 634//1399 636//1399
f 567//1400 640//1400 568//1400
f 568//1401 640//1401 570//1401
f 638//1402 546//1402 637//1402
f 529//1403 640//1403 680//1403
f 591//1404 681//1404 636//1404
f 593//1405 529//1406 680//1407
f 591//1408 642//1408 681//1408
f 593//1409 682//1409 592//1409
f 683//1410 552//1410 504//1410
f 615//1411 571//1411 594//1411
f 644//1412 554//1412 645//1412
f 573//1413 618//1413 646//1413
f 596//1414 684//1414 574//1414
f 597//1415 619//1415 556//1415
f 574//1416 619//1416 597//1416
f 685//1417 686//1417 647//1417
f 686//1418 687//1418 647//1418
f 687//1419 688//1419 647//1419
f 647//1420 689//1420 685//1420
f 647//1421 649//1421 689//1421
f 689//1422 649//1422 690//1422
f 648//1423 647//1423 691//1423
f 688//1424 691//1424 647//1424
f 648//1425 690//1425 649//1425
f 648//1426 692//1426 690//1426
f 648//1427 691//1427 692//1427
f 651//1428 534//1428 650//1428
f 535//1429 622//1429 624//1429
f 693//1430 575//1430 623//1430
f 623//1431 652//1431 693//1431
f 694//1432 652//1432 653//1432
f 655//1433 695//1433 653//1433
f 696//1434 697//1434 658//1434
f 697//1435 626//1435 658//1435
f 656//1436 626//1436 697//1436
f 696//1437 698//1438 699//1439
f 658//1440 698//1440 696//1440
f 658//1441 657//1441 698//1441
f 659//1442 700//1442 698//1442
f 657//1443 659//1443 698//1443
f 602//1444 701//1444 605//1444
f 659//1445 702//1445 700//1445
f 628//1369 702//1446 659//1370
f 701//1447 703//1448 605//1449
f 628//1450 660//1450 702//1450
f 605//1449 703//1448 610//1451
f 704//1452 663//1452 705//1452
f 630//1453 610//1453 703//1453
f 661//1454 663//1454 704//1454
f 706//1455 660//1456 629//1457
f 662//1458 661//1458 707//1458
f 706//1455 629//1457 631//1459
f 630//1460 703//1460 667//1460
f 673//1461 708//1461 705//1461
f 705//1462 663//1462 673//1462
f 666//1463 582//1463 670//1463
f 672//1464 662//1464 707//1464
f 709//1465 672//1465 707//1465
f 669//1466 706//1466 631//1466
f 667//1467 710//1467 584//1467
f 668//1468 632//1468 711//1468
f 633//1469 711//1469 632//1469
f 584//1470 710//1470 635//1470
f 585//1471 584//1471 635//1471
f 708//1472 673//1472 712//1472
f 709//1473 713//1473 672//1473
f 673//1474 674//1474 712//1474
f 612//1475 675//1475 714//1475
f 713//1476 715//1476 672//1476
f 715//1477 676//1477 672//1477
f 674//1478 716//1478 712//1478
f 716//1479 674//1479 678//1479
f 634//1391 679//1480 675//1392
f 676//1481 717//1481 678//1481
f 715//1482 717//1482 676//1482
f 567//1483 718//1483 640//1483
f 636//1484 719//1484 679//1484
f 569//1485 638//1485 720//1485
f 569//1486 720//1486 639//1486
f 636//1487 681//1487 719//1487
f 515//1488 639//1488 641//1488
f 680//1407 721//1489 593//1405
f 504//1490 641//1490 683//1490
f 592//1339 682//1491 642//1340
f 593//1492 721//1492 682//1492
f 594//1493 722//1493 615//1493
f 572//1494 723//1494 643//1494
f 616//1495 724//1495 617//1495
f 684//1496 596//1496 617//1496
f 725//1497 726//1497 727//1497
f 726//1498 728//1498 727//1498
f 728//1499 729//1499 727//1499
f 730//1500 728//1500 726//1500
f 731//1501 574//1502 684//1503
f 728//1504 732//1504 729//1504
f 730//1505 732//1505 728//1505
f 620//1506 619//1506 733//1506
f 619//1507 574//1507 734//1507
f 731//1508 734//1508 574//1508
f 619//1509 734//1509 735//1509
f 734//1510 736//1510 687//1510
f 686//1511 737//1511 735//1511
f 735//1512 687//1512 686//1512
f 734//1513 687//1513 735//1513
f 686//1514 738//1514 737//1514
f 686//1515 685//1515 738//1515
f 736//1516 688//1516 687//1516
f 689//1517 738//1517 685//1517
f 688//1518 736//1518 739//1518
f 690//1519 692//1519 689//1519
f 692//1520 740//1520 689//1520
f 688//1521 741//1521 740//1521
f 739//1522 741//1522 688//1522
f 691//1523 740//1523 692//1523
f 688//1524 740//1524 691//1524
f 650//1352 621//1351 742//1525
f 742//1526 621//1526 575//1526
f 695//1527 694//1527 653//1527
f 743//1528 744//1528 697//1528
f 697//1529 744//1529 656//1529
f 655//1530 656//1530 744//1530
f 699//1531 745//1531 746//1531
f 747//1532 699//1532 746//1532
f 696//1533 699//1533 747//1533
f 698//1438 745//1534 699//1439
f 698//1535 748//1535 745//1535
f 698//1536 700//1536 748//1536
f 700//1537 749//1537 748//1537
f 702//1538 749//1538 700//1538
f 750//1539 751//1540 704//1541
f 752//1542 705//1542 753//1542
f 704//1543 705//1543 752//1543
f 751//1540 661//1544 704//1541
f 751//1545 754//1545 661//1545
f 660//1546 755//1546 702//1546
f 706//1547 755//1547 660//1547
f 708//1548 756//1548 705//1548
f 707//1549 661//1549 754//1549
f 754//1550 757//1550 707//1550
f 758//1551 667//1551 703//1551
f 710//1552 667//1552 758//1552
f 757//1553 709//1553 707//1553
f 706//1554 669//1554 759//1554
f 664//1555 760//1555 633//1555
f 760//1556 711//1556 633//1556
f 612//1557 714//1557 670//1557
f 675//1558 761//1558 714//1558
f 712//1559 716//1560 762//1561
f 713//1562 763//1562 715//1562
f 763//1563 717//1563 715//1563
f 764//1564 765//1564 716//1564
f 678//1565 764//1565 716//1565
f 764//1566 678//1566 717//1566
f 766//1567 717//1568 763//1569
f 767//1570 765//1570 764//1570
f 637//1571 767//1571 764//1571
f 638//1572 637//1572 764//1572
f 720//1573 638//1573 717//1573
f 717//1574 638//1574 764//1574
f 768//1575 720//1575 717//1575
f 766//1576 768//1576 717//1576
f 767//1577 637//1577 769//1577
f 768//1578 639//1578 720//1578
f 637//1329 588//1328 769//1579
f 768//1580 641//1580 639//1580
f 588//1581 590//1581 770//1581
f 769//1582 588//1582 770//1582
f 642//1583 771//1583 772//1583
f 642//1584 682//1584 771//1584
f 590//1585 773//1585 770//1585
f 615//1586 722//1586 590//1586
f 774//1587 775//1587 552//1587
f 531//1588 552//1588 775//1588
f 723//1589 572//1589 531//1589
f 616//1590 643//1591 724//1591
f 724//1592 776//1592 617//1592
f 777//1593 725//1593 727//1593
f 725//1594 777//1594 778//1594
f 779//1595 726//1595 725//1595
f 727//1596 729//1596 780//1596
f 780//1597 729//1597 781//1597
f 726//1598 782//1598 730//1598
f 736//1599 734//1599 731//1599
f 731//1600 783//1600 736//1600
f 784//1601 781//1602 729//1603
f 784//1604 729//1604 732//1604
f 782//1605 732//1605 730//1605
f 737//1606 733//1606 619//1606
f 737//1607 619//1607 735//1607
f 689//1608 785//1608 738//1608
f 740//1609 785//1609 689//1609
f 785//1610 740//1610 786//1610
f 783//1611 739//1611 736//1611
f 786//1612 740//1612 741//1612
f 739//1613 786//1613 741//1613
f 693//1614 742//1614 575//1614
f 622//1615 787//1615 624//1615
f 788//1616 652//1617 694//1618
f 599//1619 624//1619 789//1619
f 790//1620 791//1620 746//1620
f 791//1621 792//1621 746//1621
f 793//1622 794//1622 695//1622
f 694//1623 695//1623 794//1623
f 790//1624 746//1624 795//1624
f 792//1625 747//1625 746//1625
f 792//1626 796//1627 696//1628
f 696//1628 796//1627 743//1629
f 793//1630 655//1630 744//1630
f 695//1631 655//1631 793//1631
f 696//1632 747//1632 792//1632
f 697//1633 696//1633 743//1633
f 745//1634 797//1634 795//1634
f 746//1635 745//1635 795//1635
f 798//1636 519//1637 654//1638
f 602//1639 519//1637 798//1636
f 748//1640 797//1640 745//1640
f 748//1641 799//1641 797//1641
f 602//1642 800//1642 701//1642
f 749//1643 801//1644 799//1645
f 748//1646 749//1646 799//1646
f 750//1647 704//1647 752//1647
f 705//1648 802//1648 753//1648
f 755//1649 749//1649 702//1649
f 701//1650 803//1650 703//1650
f 803//1651 804//1651 703//1651
f 802//1652 705//1652 756//1652
f 755//1653 706//1653 805//1653
f 759//1654 805//1654 706//1654
f 756//1655 708//1655 806//1655
f 807//1656 709//1656 757//1656
f 760//1657 808//1657 711//1657
f 711//1658 809//1658 668//1658
f 708//1659 712//1659 810//1659
f 761//1660 675//1660 679//1660
f 709//1661 811//1661 713//1661
f 762//1561 716//1560 812//1662
f 813//1663 761//1663 679//1663
f 718//1664 567//1664 677//1664
f 713//1665 811//1665 763//1665
f 716//1666 765//1666 812//1666
f 814//1667 763//1667 811//1667
f 719//1668 813//1668 679//1668
f 718//1669 815//1669 640//1669
f 812//1670 765//1670 816//1670
f 767//1671 769//1671 765//1671
f 766//1672 817//1672 768//1672
f 763//1569 817//1673 766//1567
f 640//1674 815//1674 680//1674
f 768//1675 817//1675 641//1675
f 818//1676 719//1676 681//1676
f 769//1677 770//1677 765//1677
f 817//1678 819//1678 641//1678
f 681//1679 772//1679 818//1679
f 642//1680 772//1680 681//1680
f 680//1681 820//1681 721//1681
f 819//1682 683//1682 641//1682
f 774//1683 552//1683 683//1683
f 590//1684 722//1684 773//1684
f 775//1685 723//1685 531//1685
f 594//1686 821//1686 722//1686
f 644//1687 821//1688 594//1689
f 821//1688 644//1687 822//1690
f 644//1691 645//1691 822//1691
f 645//1692 646//1692 823//1692
f 617//1693 776//1693 824//1693
f 825//1694 646//1694 618//1694
f 617//1695 824//1695 684//1695
f 725//1696 778//1696 779//1696
f 826//1697 779//1697 778//1697
f 618//1698 827//1698 825//1698
f 727//1699 780//1699 777//1699
f 779//1700 782//1700 726//1700
f 779//1701 828//1701 782//1701
f 826//1702 828//1702 779//1702
f 618//1703 829//1703 827//1703
f 620//1704 829//1704 618//1704
f 731//1501 684//1503 830//1705
f 620//1706 733//1706 829//1706
f 731//1707 830//1707 783//1707
f 831//1708 732//1708 782//1708
f 832//1709 733//1709 833//1709
f 833//1710 733//1710 737//1710
f 834//1711 835//1711 783//1711
f 784//1601 836//1712 781//1602
f 784//1713 837//1713 836//1713
f 837//1714 784//1714 732//1714
f 831//1715 837//1715 732//1715
f 738//1716 838//1716 737//1716
f 785//1717 838//1717 738//1717
f 785//1718 839//1718 838//1718
f 839//1719 785//1719 840//1719
f 840//1720 785//1720 786//1720
f 841//1721 840//1721 786//1721
f 841//1722 739//1722 835//1722
f 739//1723 783//1723 835//1723
f 841//1724 786//1724 739//1724
f 742//1725 842//1725 650//1725
f 694//1726 794//1726 788//1726
f 843//1727 792//1727 791//1727
f 796//1728 792//1728 843//1728
f 599//1729 789//1729 654//1729
f 790//1730 795//1730 844//1730
f 845//1731 743//1732 796//1733
f 744//1734 743//1734 845//1734
f 602//1735 798//1735 800//1735
f 797//1736 799//1736 846//1736
f 847//1737 750//1737 752//1737
f 799//1645 801//1644 846//1738
f 848//1739 754//1739 751//1739
f 849//1740 801//1740 749//1740
f 749//1741 755//1741 849//1741
f 848//1742 850//1742 754//1742
f 851//1743 849//1743 755//1743
f 850//1744 757//1744 754//1744
f 851//1745 755//1745 805//1745
f 703//1746 804//1746 758//1746
f 852//1747 805//1748 759//1749
f 665//1750 853//1750 664//1750
f 666//1751 854//1751 665//1751
f 759//1752 855//1752 852//1752
f 759//1753 669//1753 855//1753
f 670//1754 856//1754 854//1754
f 670//1755 854//1755 666//1755
f 806//1756 708//1756 810//1756
f 857//1757 709//1757 807//1757
f 669//1758 858//1758 855//1758
f 858//1759 669//1759 668//1759
f 668//1760 809//1760 858//1760
f 711//1761 808//1761 809//1761
f 635//1762 710//1762 859//1762
f 714//1763 856//1763 670//1763
f 857//1764 860//1764 709//1764
f 677//1765 635//1765 859//1765
f 712//1766 762//1766 810//1766
f 677//1767 859//1767 861//1767
f 860//1768 811//1768 709//1768
f 718//1769 677//1769 861//1769
f 860//1770 862//1770 811//1770
f 812//1771 816//1771 863//1771
f 814//1772 811//1772 862//1772
f 680//1773 815//1773 820//1773
f 817//1774 763//1774 864//1774
f 814//1775 865//1775 763//1775
f 816//1776 765//1776 866//1776
f 770//1777 866//1777 765//1777
f 865//1778 864//1778 763//1778
f 721//1779 820//1779 867//1779
f 683//1780 819//1780 864//1780
f 864//1781 819//1781 817//1781
f 721//1782 867//1782 868//1782
f 770//1783 773//1783 866//1783
f 721//1784 868//1784 682//1784
f 774//1785 683//1785 864//1785
f 773//1786 722//1786 869//1786
f 870//1787 724//1591 643//1591
f 776//1788 724//1788 870//1788
f 822//1789 645//1789 823//1789
f 871//1790 646//1790 825//1790
f 777//1791 780//1791 872//1791
f 778//1792 777//1792 872//1792
f 778//1793 872//1793 826//1793
f 826//1794 872//1794 873//1794
f 871//1795 825//1795 873//1795
f 826//1796 873//1796 825//1796
f 828//1797 826//1797 825//1797
f 828//1798 825//1798 874//1798
f 874//1799 825//1799 827//1799
f 830//1800 684//1800 824//1800
f 828//1801 875//1801 782//1801
f 876//1802 828//1802 874//1802
f 829//1803 877//1803 876//1803
f 733//1804 877//1804 829//1804
f 783//1805 830//1805 834//1805
f 780//1806 781//1807 878//1808
f 831//1809 782//1809 879//1809
f 877//1810 832//1810 876//1810
f 832//1811 880//1811 876//1811
f 877//1812 733//1812 832//1812
f 781//1813 836//1813 878//1813
f 832//1814 881//1814 880//1814
f 833//1815 881//1815 832//1815
f 737//1816 881//1816 833//1816
f 737//1817 838//1817 881//1817
f 836//1818 837//1818 882//1818
f 650//1819 842//1819 883//1819
f 651//1820 650//1820 883//1820
f 842//1821 742//1821 884//1821
f 622//1822 651//1822 883//1822
f 622//1823 883//1823 885//1823
f 886//1824 742//1824 693//1824
f 622//1825 885//1825 787//1825
f 624//1826 787//1826 789//1826
f 887//1827 888//1827 790//1827
f 790//1828 888//1828 791//1828
f 888//1829 889//1829 791//1829
f 889//1830 843//1830 791//1830
f 652//1617 788//1616 693//1831
f 844//1832 887//1832 790//1832
f 796//1733 843//1833 890//1834
f 890//1834 845//1731 796//1733
f 794//1835 891//1835 788//1835
f 744//1836 845//1836 892//1836
f 744//1837 892//1837 891//1837
f 793//1838 744//1838 891//1838
f 794//1839 793//1839 891//1839
f 893//1840 844//1840 795//1840
f 893//1841 795//1841 894//1841
f 795//1842 797//1842 894//1842
f 797//1843 846//1844 894//1845
f 846//1844 895//1846 894//1845
f 753//1847 847//1847 752//1847
f 896//1848 751//1848 750//1848
f 846//1738 801//1644 897//1849
f 803//1850 800//1850 798//1850
f 753//1851 802//1851 898//1851
f 803//1852 701//1852 800//1852
f 899//1853 751//1854 900//1855
f 899//1853 848//1856 751//1854
f 897//1857 801//1857 901//1857
f 902//1858 901//1858 801//1858
f 802//1859 756//1859 903//1859
f 902//1860 801//1860 849//1860
f 806//1861 903//1861 756//1861
f 852//1747 851//1862 805//1748
f 665//1863 904//1863 853//1863
f 665//1864 854//1864 904//1864
f 760//1865 664//1865 853//1865
f 710//1866 758//1866 859//1866
f 760//1867 905//1867 808//1867
f 905//1868 760//1868 853//1868
f 808//1869 905//1869 906//1869
f 761//1870 813//1870 907//1870
f 762//1871 812//1871 863//1871
f 908//1872 815//1872 718//1872
f 820//1873 815//1873 908//1873
f 772//1874 909//1874 818//1874
f 910//1875 909//1875 772//1875
f 911//1876 867//1876 820//1876
f 864//1877 865//1877 912//1877
f 771//1878 910//1878 772//1878
f 867//1879 913//1879 868//1879
f 867//1880 911//1880 913//1880
f 816//1881 866//1881 773//1881
f 682//1882 868//1882 771//1882
f 773//1883 914//1883 816//1883
f 774//1884 864//1884 912//1884
f 773//1885 869//1885 914//1885
f 775//1886 774//1886 912//1886
f 869//1887 722//1887 821//1887
f 643//1888 723//1888 870//1888
f 871//1889 873//1889 915//1889
f 874//1890 827//1890 916//1890
f 827//1891 829//1891 916//1891
f 917//1892 918//1892 919//1892
f 920//1893 919//1893 918//1893
f 875//1894 828//1894 876//1894
f 874//1895 916//1895 876//1895
f 829//1896 876//1896 916//1896
f 921//1897 917//1897 919//1897
f 780//1806 878//1808 922//1898
f 879//1899 782//1899 875//1899
f 875//1900 876//1900 880//1900
f 836//1901 923//1901 878//1901
f 836//1902 882//1902 923//1902
f 831//1903 924//1903 837//1903
f 924//1904 882//1904 837//1904
f 886//1905 884//1905 742//1905
f 788//1906 886//1906 693//1906
f 843//1907 889//1907 890//1907
f 925//1908 887//1908 844//1908
f 844//1909 893//1910 925//1911
f 893//1912 894//1912 926//1912
f 847//1913 927//1913 750//1913
f 847//1914 753//1914 928//1914
f 927//1915 896//1915 750//1915
f 900//1916 895//1916 929//1916
f 895//1917 846//1917 929//1917
f 753//1918 898//1918 928//1918
f 751//1854 896//1919 900//1855
f 846//1738 897//1849 929//1920
f 897//1921 930//1921 929//1921
f 898//1922 802//1922 903//1922
f 930//1923 897//1923 931//1923
f 931//1924 897//1924 901//1924
f 851//1925 932//1925 849//1925
f 758//1926 804//1926 933//1926
f 807//1927 757//1927 934//1927
f 810//1928 935//1928 806//1928
f 936//1929 857//1929 807//1929
f 937//1930 858//1930 809//1930
f 906//1931 809//1931 808//1931
f 761//1932 907//1933 714//1934
f 714//1934 907//1933 856//1935
f 762//1936 938//1937 810//1938
f 813//1939 939//1939 907//1939
f 940//1940 938//1941 762//1942
f 863//1943 940//1940 762//1942
f 862//1944 860//1944 941//1944
f 813//1945 909//1945 939//1946
f 719//1947 909//1945 813//1945
f 909//1948 719//1948 818//1948
f 942//1949 820//1949 908//1949
f 863//1950 816//1950 940//1950
f 911//1951 820//1951 942//1951
f 862//1952 865//1952 814//1952
f 940//1953 816//1953 943//1953
f 914//1954 943//1954 816//1954
f 865//1955 944//1955 912//1955
f 914//1956 869//1956 943//1956
f 869//1957 945//1957 943//1957
f 912//1958 944//1958 775//1958
f 946//1959 775//1959 944//1959
f 821//1960 945//1960 869//1960
f 775//1961 946//1961 723//1961
f 870//1962 947//1962 776//1962
f 646//1963 948//1963 823//1963
f 646//1964 871//1964 948//1964
f 776//1965 949//1965 824//1965
f 950//1966 951//1966 952//1966
f 951//1967 953//1967 952//1967
f 918//1968 954//1968 950//1968
f 920//1969 950//1969 952//1969
f 920//1970 918//1970 950//1970
f 953//1971 920//1971 952//1971
f 780//1972 955//1972 872//1972
f 872//1973 955//1973 873//1973
f 915//1974 873//1974 956//1974
f 873//1975 955//1975 956//1975
f 824//1976 949//1976 830//1976
f 918//1977 917//1977 954//1977
f 830//1978 949//1978 834//1978
f 917//1979 957//1979 954//1979
f 955//1980 780//1980 922//1980
f 917//1981 958//1981 957//1981
f 921//1982 958//1982 917//1982
f 878//1983 923//1983 959//1983
f 831//1984 879//1984 924//1984
f 880//1985 960//1985 875//1985
f 881//1986 961//1986 880//1986
f 880//1987 961//1987 960//1987
f 881//1988 962//1988 961//1988
f 881//1989 963//1989 962//1989
f 838//1990 963//1990 881//1990
f 838//1991 964//1992 963//1993
f 839//1994 964//1992 838//1991
f 839//1995 965//1995 964//1995
f 840//1996 965//1996 839//1996
f 840//1997 841//1997 965//1997
f 966//1998 842//1998 884//1998
f 883//1999 967//1999 885//1999
f 968//2000 888//2000 887//2000
f 890//2001 889//2001 969//2001
f 787//2002 970//2002 789//2002
f 925//2003 968//2003 887//2003
f 845//2004 890//2004 971//2004
f 845//2005 971//2005 892//2005
f 972//2006 654//2006 789//2006
f 925//1911 893//1910 926//2007
f 973//2008 798//1636 654//1638
f 894//2009 974//2009 926//2009
f 896//2010 927//2010 974//2010
f 894//2011 896//2011 974//2011
f 894//2012 895//2012 896//2012
f 895//2013 900//2013 896//2013
f 929//2014 899//2014 900//2014
f 899//2015 929//2015 930//2015
f 798//2016 975//2017 803//2018
f 930//2019 848//2019 899//2019
f 848//2020 930//2020 931//2020
f 931//2021 901//2022 976//2023
f 850//2024 848//2024 931//2024
f 850//2025 931//2025 976//2025
f 977//2026 976//2023 901//2022
f 978//2027 901//2027 902//2027
f 903//2028 806//2028 935//2028
f 932//2029 902//2029 849//2029
f 979//2030 757//2030 850//2030
f 851//2031 980//2031 932//2031
f 757//2032 979//2032 934//2032
f 852//2033 980//2033 851//2033
f 936//2034 807//2034 934//2034
f 852//2035 855//2035 980//2035
f 758//2036 933//2036 981//2036
f 982//2037 905//2037 853//2037
f 983//2038 905//2038 982//2038
f 859//2039 758//2039 981//2039
f 905//2040 983//2040 906//2040
f 935//2041 810//2041 984//2041
f 809//2042 906//2042 937//2042
f 936//2043 985//2043 857//2043
f 857//2044 985//2044 860//2044
f 985//2045 986//2045 860//2045
f 810//1938 938//1937 984//2046
f 860//2047 986//2047 941//2047
f 987//2048 718//2048 861//2048
f 987//2049 988//2049 718//2049
f 989//2050 938//2050 940//2050
f 718//2051 988//2052 908//2053
f 988//2052 942//2054 908//2053
f 910//2055 990//2055 909//2055
f 940//2056 991//2056 992//2056
f 865//2057 862//2057 993//2057
f 940//2058 943//2058 991//2058
f 910//2059 771//2059 994//2059
f 771//2060 868//2060 994//2060
f 868//2061 913//2061 994//2061
f 943//2062 995//2062 991//2062
f 943//2063 945//2063 995//2063
f 944//2064 996//2064 946//2064
f 996//2065 944//2065 865//2065
f 723//2066 946//2066 996//2066
f 945//2067 821//2067 995//2067
f 995//2068 821//2068 997//2068
f 870//2069 723//2069 996//2069
f 821//2070 822//2070 997//2070
f 997//2071 822//2071 948//2071
f 948//2072 822//2072 823//2072
f 948//2073 871//2073 998//2073
f 999//2074 1000//2075 1001//2076
f 1002//2077 1003//2077 999//2077
f 1002//2078 999//2078 1004//2078
f 999//2074 1003//2079 1000//2075
f 1004//2080 1005//2080 1002//2080
f 915//2081 998//2081 871//2081
f 1006//2082 920//2082 953//2082
f 1007//2083 1003//2084 1002//2085
f 998//2086 915//2086 956//2086
f 1008//2087 1007//2083 1002//2085
f 1008//2088 1002//2089 1005//2088
f 1005//2088 1009//2090 1008//2088
f 949//2091 1010//2091 834//2091
f 957//2092 1011//2092 954//2092
f 1011//2093 1012//2093 954//2093
f 1013//2094 1007//2094 1008//2094
f 1009//2095 1013//2095 1008//2095
f 834//2096 1010//2096 835//2096
f 1010//2097 965//2097 835//2097
f 1014//2098 1013//2099 1009//2100
f 1009//2100 1015//2101 1014//2098
f 1015//2102 1009//2102 1016//2102
f 1015//2103 1016//2103 923//2103
f 1016//2104 1017//2104 923//2104
f 923//2105 1017//2105 959//2105
f 878//2106 959//2106 922//2106
f 1018//2107 924//2107 879//2107
f 875//2108 960//2108 1019//2108
f 965//2109 841//2109 835//2109
f 882//2110 1020//2110 923//2110
f 923//2111 1020//2111 1015//2111
f 1021//2112 1022//2112 1023//2112
f 1022//2113 1024//2113 1023//2113
f 1022//2114 1025//2114 1024//2114
f 1021//2115 1026//2115 1022//2115
f 1027//2116 1026//2116 1021//2116
f 1025//2117 1028//2117 1024//2117
f 1022//2118 1029//2118 1025//2118
f 1026//2119 1029//2119 1022//2119
f 1025//2120 1030//2120 1028//2120
f 1025//2121 1031//2121 1030//2121
f 1029//2122 1031//2122 1025//2122
f 1032//2123 1031//2123 1029//2123
f 1033//2124 842//2124 966//2124
f 883//2125 842//2125 1033//2125
f 883//2126 1033//2126 967//2126
f 968//2127 1034//2128 1035//2129
f 888//2130 968//2127 1035//2129
f 889//2131 888//2131 1036//2131
f 888//2132 1035//2132 1036//2132
f 1036//2133 969//2133 889//2133
f 885//2134 970//2134 787//2134
f 890//2135 969//2135 971//2135
f 788//2136 1037//2136 1038//2136
f 886//2137 788//2137 1038//2137
f 968//2138 925//2139 1039//2140
f 1040//2141 1037//2141 891//2141
f 788//2142 891//2142 1037//2142
f 891//2143 892//2143 1040//2143
f 1041//2144 1042//2144 926//2144
f 925//2145 926//2145 1042//2145
f 1043//2146 654//2146 972//2146
f 926//2147 927//2147 1041//2147
f 973//2148 654//2148 1043//2148
f 928//2149 1044//2149 847//2149
f 847//2150 1044//2150 927//2150
f 926//2151 974//2151 927//2151
f 1045//2152 1046//2152 898//2152
f 928//2153 898//2153 1046//2153
f 1047//2154 898//2154 903//2154
f 850//2155 976//2155 979//2155
f 977//2156 979//2156 976//2156
f 902//2157 1048//2157 978//2157
f 932//2158 1048//2158 902//2158
f 932//2159 1049//2159 1048//2159
f 980//2160 1049//2160 932//2160
f 934//2161 979//2161 1050//2161
f 1051//2162 904//2162 854//2162
f 1052//2163 1051//2163 854//2163
f 936//2164 934//2164 1053//2164
f 855//2165 1054//2165 980//2165
f 853//2166 904//2166 982//2166
f 858//2167 1055//2168 855//2169
f 855//2169 1055//2168 1054//2170
f 854//2171 1056//2172 1052//2173
f 856//2174 1056//2172 854//2171
f 936//2175 1053//2175 985//2175
f 937//2176 1055//2176 858//2176
f 1056//2177 856//2177 907//2177
f 859//2178 981//2178 861//2178
f 981//2179 987//2179 861//2179
f 1057//2180 941//2180 986//2180
f 862//2181 941//2181 1057//2181
f 909//2182 1058//2182 939//2182
f 992//2183 989//2184 940//2185
f 1059//2186 911//2186 942//2186
f 910//2187 1060//2187 990//2187
f 910//2188 994//2188 1060//2188
f 993//2189 862//2189 1061//2189
f 865//2190 993//2190 1062//2190
f 1063//2191 865//2192 1062//2193
f 865//2194 1064//2194 996//2194
f 1064//2195 865//2192 1063//2191
f 991//2196 995//2196 997//2196
f 1064//2197 870//2197 996//2197
f 1065//2198 991//2198 997//2198
f 870//2199 1064//2199 947//2199
f 997//2200 948//2200 1065//2200
f 1066//2201 1067//2201 1068//2201
f 1066//2202 1069//2202 1070//2202
f 1071//2203 1069//2203 1068//2203
f 1069//2204 1066//2204 1068//2204
f 1072//2205 1071//2205 1068//2205
f 1072//2206 1068//2206 1001//2206
f 1068//2207 1067//2207 1001//2207
f 1001//2208 1067//2208 999//2208
f 1004//2209 1067//2210 1073//2210
f 1004//2211 999//2211 1067//2211
f 776//2212 947//2212 949//2212
f 1074//2213 951//2213 950//2213
f 953//2214 951//2214 1075//2214
f 1076//2215 1070//2215 1069//2215
f 1000//2216 1077//2217 1001//2218
f 1000//2219 1073//2219 1077//2219
f 1078//2220 1077//2220 1073//2220
f 1077//2221 1078//2221 1003//2221
f 1004//2222 1003//2222 1078//2222
f 1003//2223 1004//2223 1000//2223
f 1073//2224 1000//2224 1004//2224
f 1078//2225 1005//2225 1004//2225
f 947//2226 1079//2226 949//2226
f 1074//2227 950//2227 954//2227
f 1075//2228 1080//2228 1006//2228
f 1075//2229 1006//2229 953//2229
f 1077//2230 1003//2230 1007//2230
f 919//2231 920//2232 1081//2233
f 1006//2234 1081//2234 920//2234
f 1080//2235 1082//2235 1006//2235
f 1005//2236 1083//2236 1009//2236
f 956//2237 955//2237 1084//2237
f 949//2238 1079//2238 1010//2238
f 1011//2239 957//2239 1085//2239
f 921//2240 1085//2240 1086//2240
f 1012//2241 1086//2241 1085//2241
f 1086//2242 1012//2242 1087//2242
f 1011//2243 1087//2243 1012//2243
f 1087//2244 1011//2244 921//2244
f 1085//2245 921//2245 1011//2245
f 919//2231 1081//2233 921//2246
f 921//2247 1081//2247 1087//2247
f 1009//2248 1083//2248 1016//2248
f 1084//2249 955//2249 922//2249
f 1086//2250 958//2250 921//2250
f 922//2251 959//2251 1088//2251
f 959//2252 1020//2252 1088//2252
f 960//2253 961//2253 1019//2253
f 1014//2254 1015//2254 1089//2254
f 1015//2255 1020//2255 1089//2255
f 1018//2256 1090//2256 924//2256
f 1021//2257 1023//2258 1091//2259
f 1092//2260 1021//2257 1091//2259
f 1092//2261 1027//2261 1021//2261
f 1093//2262 1027//2262 1092//2262
f 1023//2263 1024//2263 1094//2263
f 1024//2264 1095//2264 1094//2264
f 1096//2265 1027//2265 1093//2265
f 1028//2266 1095//2266 1024//2266
f 1097//2267 1098//2268 1027//2269
f 1096//2270 1097//2270 1027//2270
f 1027//2269 1098//2268 1026//2271
f 1028//2272 1099//2272 1095//2272
f 1098//2273 1100//2274 1026//2275
f 1030//2276 1101//2276 1099//2276
f 1028//2277 1030//2277 1099//2277
f 1029//2278 1026//2275 1100//2274
f 1100//2274 1032//2279 1029//2278
f 1031//2280 1101//2280 1030//2280
f 1031//2281 1102//2281 1101//2281
f 1103//2282 1102//2282 1031//2282
f 1032//2283 1103//2283 1031//2283
f 1104//2284 1105//2284 1101//2284
f 1102//2285 1104//2285 1101//2285
f 1106//2286 1103//2286 1032//2286
f 1102//2287 1107//2287 1104//2287
f 1106//2288 1102//2289 1103//2290
f 1106//2288 1108//2291 1102//2289
f 1102//2292 1109//2292 1107//2292
f 1108//2293 1109//2293 1102//2293
f 1110//2294 1111//2294 1112//2294
f 1107//2295 1110//2295 1112//2295
f 1113//2296 1110//2296 1107//2296
f 1113//2297 1114//2297 1110//2297
f 1110//2298 1115//2298 1111//2298
f 1114//2299 1115//2299 1110//2299
f 1116//2300 1117//2300 1118//2300
f 1119//2301 1118//2301 1117//2301
f 966//2302 884//2302 886//2302
f 969//2303 1036//2303 1120//2303
f 886//2304 1038//2304 966//2304
f 885//2305 967//2305 970//2305
f 789//2306 970//2306 1121//2306
f 971//2307 1122//2307 892//2307
f 789//2308 1121//2308 972//2308
f 1042//2309 1039//2140 925//2139
f 892//2310 1122//2310 1040//2310
f 927//2311 1044//2311 1041//2311
f 1044//2312 928//2312 1123//2312
f 1045//2313 898//2313 1047//2313
f 903//2314 1124//2314 1047//2314
f 975//2017 804//2315 803//2018
f 1124//2316 903//2316 935//2316
f 975//2317 1125//2317 804//2317
f 977//2318 1126//2318 979//2318
f 1126//2319 977//2319 901//2319
f 901//2320 978//2320 1126//2320
f 1125//2321 933//2321 804//2321
f 1050//2322 979//2322 1126//2322
f 1048//2323 1049//2323 1127//2323
f 1128//2324 1124//2324 935//2324
f 980//2325 1129//2326 1049//2327
f 904//2328 1051//2328 982//2328
f 981//2329 933//2329 1125//2329
f 980//2325 1054//2330 1129//2326
f 1128//2331 935//2331 984//2331
f 984//2332 1130//2332 1128//2332
f 906//2333 1131//2333 937//2333
f 906//2334 1132//2334 1131//2334
f 984//2335 1133//2335 1130//2335
f 984//2336 938//2336 1133//2336
f 938//2337 989//2337 1133//2337
f 1134//2338 942//2338 988//2338
f 1058//2339 909//2339 1135//2339
f 942//2340 1134//2340 1059//2340
f 989//2184 992//2183 1136//2341
f 990//2342 1135//2342 909//2342
f 1061//2343 862//2343 1057//2343
f 1137//2344 911//2344 1059//2344
f 913//2345 1137//2345 994//2345
f 1137//2346 913//2346 911//2346
f 993//2347 1061//2347 1138//2347
f 992//2348 991//2348 1136//2348
f 991//2349 1065//2349 1139//2349
f 1064//2350 1063//2350 947//2350
f 1065//2351 1140//2351 1139//2351
f 1065//2352 948//2352 1140//2352
f 1066//2353 1141//2353 1142//2353
f 1067//2354 1066//2354 1142//2354
f 948//2355 998//2355 1140//2355
f 1141//2356 1066//2357 1070//2358
f 1143//2359 1141//2356 1070//2358
f 1076//2360 1143//2360 1070//2360
f 1071//2361 1144//2361 1069//2361
f 1001//2362 1145//2362 1072//2362
f 1145//2363 1001//2218 1077//2217
f 1146//2364 1145//2363 1077//2217
f 1073//2365 1005//2365 1078//2365
f 1147//2366 1005//2366 1073//2366
f 954//2367 1148//2367 1074//2367
f 1080//2368 1075//2368 1149//2368
f 1076//2369 1069//2369 1150//2369
f 1069//2370 1144//2370 1150//2370
f 1146//2371 1077//2371 1007//2371
f 1012//2372 1151//2372 954//2372
f 1152//2373 1146//2373 1007//2373
f 956//2374 1084//2374 1153//2374
f 1151//2375 1012//2375 1085//2375
f 1086//2376 1087//2376 1154//2376
f 1087//2377 1081//2377 1154//2377
f 1152//2378 1007//2378 1013//2378
f 1017//2379 1016//2379 1083//2379
f 1017//2380 1083//2380 1155//2380
f 1084//2381 922//2381 1088//2381
f 965//2382 1010//2382 1156//2382
f 1086//2383 1154//2383 958//2383
f 958//2384 1154//2384 1157//2384
f 1013//2385 1014//2385 1152//2385
f 1089//2386 1158//2386 1014//2386
f 1089//2387 1020//2387 959//2387
f 1089//2388 959//2388 1017//2388
f 1089//2389 1017//2389 1159//2389
f 1159//2390 1088//2390 1020//2390
f 1088//2391 1159//2391 1017//2391
f 879//2392 875//2392 1018//2392
f 1018//2393 875//2393 1019//2393
f 965//2394 1156//2394 964//2394
f 1020//2395 882//2395 1159//2395
f 924//2396 1160//2396 882//2396
f 924//2397 1090//2397 1160//2397
f 962//2398 1019//2398 961//2398
f 964//2399 1161//2399 963//2399
f 1162//2400 1091//2400 1023//2400
f 1023//2401 1163//2401 1162//2401
f 1163//2402 1094//2402 1164//2402
f 1023//2403 1094//2403 1163//2403
f 1093//2404 1092//2404 1165//2404
f 1166//2405 1093//2405 1165//2405
f 1167//2406 1164//2406 1094//2406
f 1096//2407 1093//2407 1166//2407
f 1095//2408 1167//2408 1094//2408
f 1095//2409 1099//2409 1167//2409
f 1101//2410 1168//2410 1099//2410
f 1097//2411 1169//2411 1098//2411
f 1100//2412 1098//2412 1170//2412
f 1169//2413 1170//2413 1098//2413
f 1101//2414 1171//2414 1168//2414
f 1170//2415 1172//2415 1100//2415
f 1032//2416 1100//2416 1173//2416
f 1172//2417 1173//2417 1100//2417
f 1101//2418 1105//2418 1171//2418
f 1105//2419 1174//2419 1171//2419
f 1105//2420 1175//2420 1174//2420
f 1032//2421 1176//2421 1106//2421
f 1173//2422 1176//2422 1032//2422
f 1105//2423 1112//2423 1175//2423
f 1104//2424 1107//2424 1105//2424
f 1177//2425 1175//2425 1178//2425
f 1105//2426 1107//2426 1112//2426
f 1175//2427 1111//2427 1178//2427
f 1112//2428 1111//2428 1175//2428
f 1108//2429 1106//2429 1179//2429
f 1113//2430 1107//2430 1109//2430
f 1109//2431 1108//2431 1180//2431
f 1176//2432 1179//2432 1106//2432
f 1179//2433 1181//2433 1108//2433
f 1111//2434 1182//2434 1178//2434
f 1181//2435 1180//2435 1108//2435
f 1182//2436 1183//2436 1178//2436
f 1109//2437 1184//2437 1113//2437
f 1111//2438 1115//2438 1182//2438
f 1113//2439 1184//2439 1114//2439
f 1185//2440 1184//2440 1109//2440
f 1182//2441 1115//2441 1186//2441
f 1187//2442 1114//2442 1184//2442
f 1114//2443 1188//2443 1115//2443
f 1188//2444 1114//2444 1187//2444
f 1189//2445 1190//2445 1118//2445
f 1116//2446 1118//2446 1187//2446
f 1187//2447 1118//2447 1190//2447
f 1116//2448 1187//2448 1191//2448
f 1116//2449 1191//2449 1192//2449
f 1189//2450 1118//2450 1193//2450
f 1116//2451 1192//2451 1117//2451
f 1192//2452 1194//2452 1117//2452
f 1118//2453 1119//2453 1193//2453
f 1119//2454 1195//2454 1193//2454
f 1196//2455 1195//2455 1119//2455
f 1117//2456 1194//2456 1119//2456
f 1194//2457 1196//2457 1119//2457
f 968//2458 1197//2458 1034//2458
f 969//2459 1120//2459 1198//2459
f 1038//2460 1199//2460 966//2460
f 970//2461 967//2461 1200//2461
f 968//2462 1039//2462 1197//2462
f 971//2463 969//2463 1198//2463
f 971//2464 1198//2464 1201//2464
f 1038//2465 1037//2466 1202//2467
f 1199//2468 1038//2465 1202//2467
f 1122//2469 971//2469 1201//2469
f 1042//2470 1041//2470 1203//2470
f 1123//2471 1041//2471 1044//2471
f 1123//2472 928//2473 1046//2474
f 1204//2475 1046//2475 1045//2475
f 1050//2476 1126//2476 978//2476
f 1048//2477 1205//2477 978//2477
f 1050//2478 1206//2478 934//2478
f 934//2479 1206//2479 1053//2479
f 1207//2480 1128//2480 1130//2480
f 906//2481 983//2481 1132//2481
f 937//2482 1131//2482 1208//2482
f 907//2483 1209//2483 1056//2483
f 985//2484 1210//2484 986//2484
f 1211//2485 987//2485 981//2485
f 907//2486 1212//2486 1209//2486
f 907//2487 939//2487 1212//2487
f 1213//2488 987//2488 1211//2488
f 1133//2489 989//2489 1214//2489
f 1058//2490 1212//2490 939//2490
f 987//2491 1213//2491 988//2491
f 1058//2492 1135//2492 1212//2492
f 989//2493 1136//2493 1214//2493
f 994//2494 1215//2494 1060//2494
f 994//2495 1137//2495 1215//2495
f 1138//2496 1061//2496 1216//2496
f 1062//2497 993//2497 1138//2497
f 1136//2498 1217//2498 1218//2498
f 1217//2499 1136//2499 991//2499
f 1217//2500 991//2500 1139//2500
f 1063//2501 1219//2501 947//2501
f 1067//2502 1142//2503 1147//2504
f 1147//2505 1073//2210 1067//2210
f 998//2506 1220//2506 1140//2506
f 947//2507 1219//2507 1079//2507
f 1074//2508 1075//2508 951//2508
f 1076//2509 1221//2509 1143//2509
f 1076//2510 1150//2510 1221//2510
f 998//2511 1222//2511 1220//2511
f 1222//2512 998//2512 956//2512
f 954//2513 1151//2513 1223//2513
f 1148//2514 954//2514 1223//2514
f 1006//2515 1082//2515 1081//2515
f 1224//2516 1082//2516 1080//2516
f 1225//2517 1224//2517 1149//2517
f 1149//2518 1224//2518 1080//2518
f 1226//2519 1225//2519 1149//2519
f 1083//2520 1005//2520 1227//2520
f 1222//2521 956//2521 1153//2521
f 1079//2522 1228//2522 1010//2522
f 957//2523 1229//2523 1085//2523
f 1081//2524 1230//2524 1154//2524
f 1088//2525 1017//2525 1155//2525
f 1088//2526 1155//2526 1231//2526
f 1231//2527 1084//2527 1088//2527
f 1010//2528 1228//2528 1156//2528
f 958//2529 1157//2529 957//2529
f 1229//2530 957//2530 1157//2530
f 1152//2531 1014//2531 1158//2531
f 1159//2532 1232//2532 1089//2532
f 1233//2533 964//2533 1156//2533
f 1159//2534 882//2534 1232//2534
f 882//2535 1160//2535 1232//2535
f 962//2536 1234//2536 1019//2536
f 1234//2537 962//2537 963//2537
f 1233//2538 1161//2538 964//2538
f 1235//2539 1091//2539 1162//2539
f 1092//2540 1091//2540 1235//2540
f 1236//2541 1092//2541 1235//2541
f 1237//2542 1092//2542 1236//2542
f 1092//2543 1237//2543 1165//2543
f 1163//2544 1164//2544 1238//2544
f 1166//2545 1165//2545 1239//2545
f 1240//2546 1096//2546 1166//2546
f 1240//2547 1097//2547 1096//2547
f 1240//2548 1241//2548 1097//2548
f 1099//2549 1242//2549 1167//2549
f 1097//2550 1241//2550 1169//2550
f 1099//2551 1168//2551 1242//2551
f 1242//2552 1168//2553 1243//2553
f 1170//2554 1169//2554 1241//2554
f 1168//2553 1171//2555 1243//2553
f 1171//2556 1244//2556 1243//2556
f 1244//2557 1171//2557 1174//2557
f 1172//2558 1245//2558 1173//2558
f 1244//2559 1175//2559 1177//2559
f 1174//2560 1175//2560 1244//2560
f 1245//2561 1246//2561 1173//2561
f 1246//2562 1176//2562 1173//2562
f 1246//2563 1247//2563 1176//2563
f 1248//2564 1177//2564 1183//2564
f 1177//2565 1178//2565 1183//2565
f 1249//2566 1247//2567 1246//2568
f 1247//2569 1179//2569 1176//2569
f 1109//2570 1180//2570 1185//2570
f 1183//2571 1182//2571 1250//2571
f 1181//2572 1251//2572 1180//2572
f 1182//2573 1186//2573 1250//2573
f 1250//2574 1186//2574 1252//2574
f 1184//2575 1253//2575 1187//2575
f 1253//2576 1184//2576 1185//2576
f 1115//2577 1254//2577 1186//2577
f 1254//2578 1115//2578 1188//2578
f 1255//2579 1254//2579 1188//2579
f 1190//2580 1255//2580 1188//2580
f 1187//2581 1190//2581 1188//2581
f 1191//2582 1187//2582 1253//2582
f 1190//2583 1189//2583 1256//2583
f 1255//2584 1190//2584 1256//2584
f 1189//2585 1257//2585 1256//2585
f 1258//2586 1259//2586 1192//2586
f 1193//2587 1260//2587 1189//2587
f 1260//2588 1257//2588 1189//2588
f 1192//2589 1259//2589 1261//2589
f 1194//2590 1192//2590 1261//2590
f 1196//2591 1262//2591 1195//2591
f 1196//2592 1194//2592 1262//2592
f 1035//2593 1034//2593 1263//2593
f 1036//2594 1035//2594 1263//2594
f 1033//2595 966//2595 1199//2595
f 1200//2596 967//2596 1033//2596
f 1121//2597 970//2597 1200//2597
f 1037//2598 1040//2598 1264//2598
f 1037//2599 1264//2599 1202//2599
f 1122//2600 1265//2600 1264//2600
f 1040//2601 1122//2601 1264//2601
f 1203//2602 1041//2602 1123//2602
f 975//2603 798//2604 973//2605
f 1047//2606 1124//2606 1128//2606
f 1047//2607 1128//2607 1266//2607
f 1267//2608 1050//2608 978//2608
f 1267//2609 978//2609 1205//2609
f 1048//2610 1127//2610 1205//2610
f 1266//2611 1128//2611 1207//2611
f 1050//2612 1267//2612 1206//2612
f 1049//2613 1268//2613 1127//2613
f 1049//2614 1129//2614 1268//2614
f 982//2615 1051//2615 1269//2615
f 982//2616 1269//2617 1132//2618
f 1132//2618 983//2619 982//2616
f 937//2620 1270//2620 1055//2620
f 937//2621 1208//2621 1270//2621
f 1052//2622 1056//2622 1271//2622
f 985//2623 1053//2624 1210//2625
f 1056//2626 1209//2626 1271//2626
f 1272//2627 988//2627 1213//2627
f 986//2628 1210//2628 1057//2628
f 1134//2629 988//2629 1272//2629
f 1134//2630 1273//2630 1059//2630
f 1273//2631 1137//2631 1059//2631
f 1060//2632 1274//2632 990//2632
f 1274//2633 1060//2633 1215//2633
f 1214//2634 1136//2634 1275//2634
f 1139//2635 1140//2635 1276//2635
f 1063//2636 1277//2636 1219//2636
f 1062//2637 1277//2637 1063//2637
f 1276//2638 1140//2638 1220//2638
f 1141//2639 1143//2639 1278//2639
f 1147//2504 1142//2503 1279//2640
f 1075//2641 1074//2642 1280//2643
f 1075//2644 1280//2644 1149//2644
f 1005//2645 1147//2645 1227//2645
f 1220//2646 1222//2646 1281//2646
f 1084//2647 1231//2647 1281//2647
f 1153//2648 1084//2648 1281//2648
f 1281//2649 1222//2649 1153//2649
f 1151//2650 1085//2650 1229//2650
f 1226//2651 1282//2651 1225//2651
f 1083//2652 1283//2652 1155//2652
f 1284//2653 1156//2653 1228//2653
f 1156//2654 1284//2654 1285//2654
f 1284//2655 1229//2655 1285//2655
f 1285//2656 1229//2656 1157//2656
f 1089//2657 1286//2657 1158//2657
f 1089//2658 1287//2658 1286//2658
f 1089//2659 1232//2659 1287//2659
f 1157//2660 1288//2660 1285//2660
f 1019//2661 1090//2661 1018//2661
f 1090//2662 1019//2662 1289//2662
f 1289//2663 1019//2663 1234//2663
f 1290//2664 1161//2664 1233//2664
f 963//2665 1289//2665 1234//2665
f 963//2666 1161//2666 1289//2666
f 1162//2667 1163//2667 1238//2667
f 1291//2668 1165//2668 1237//2668
f 1239//2669 1165//2669 1291//2669
f 1238//2670 1164//2670 1292//2670
f 1293//2671 1166//2671 1239//2671
f 1293//2672 1240//2672 1166//2672
f 1294//2673 1295//2673 1167//2673
f 1164//2674 1167//2674 1295//2674
f 1240//2675 1296//2675 1241//2675
f 1294//2676 1167//2676 1242//2676
f 1297//2677 1241//2677 1296//2677
f 1298//2678 1241//2678 1297//2678
f 1170//2679 1241//2679 1299//2679
f 1299//2680 1241//2680 1298//2680
f 1300//2681 1243//2681 1244//2681
f 1301//2682 1170//2682 1299//2682
f 1170//2683 1301//2683 1172//2683
f 1302//2684 1172//2684 1301//2684
f 1245//2685 1172//2685 1302//2685
f 1302//2686 1303//2686 1245//2686
f 1245//2687 1303//2687 1246//2687
f 1249//2688 1246//2688 1303//2688
f 1249//2689 1303//2689 1304//2689
f 1248//2690 1183//2690 1250//2690
f 1249//2566 1305//2691 1247//2567
f 1179//2692 1306//2692 1181//2692
f 1247//2693 1307//2693 1179//2693
f 1306//2694 1251//2695 1181//2696
f 1307//2697 1306//2697 1179//2697
f 1307//2698 1247//2699 1305//2700
f 1186//2701 1308//2701 1252//2701
f 1308//2702 1186//2702 1254//2702
f 1253//2703 1258//2703 1191//2703
f 1191//2704 1258//2704 1192//2704
f 1254//2705 1260//2705 1308//2705
f 1260//2706 1309//2706 1308//2706
f 1310//2707 1260//2707 1254//2707
f 1310//2708 1254//2708 1255//2708
f 1310//2709 1255//2709 1256//2709
f 1257//2710 1260//2710 1310//2710
f 1257//2711 1310//2711 1256//2711
f 1193//2712 1311//2712 1260//2712
f 1260//2713 1311//2713 1309//2713
f 1259//2714 1312//2714 1261//2714
f 1313//2715 1261//2715 1312//2715
f 1193//2716 1314//2716 1311//2716
f 1195//2717 1314//2717 1193//2717
f 1261//2718 1313//2718 1194//2718
f 1195//2719 1262//2719 1314//2719
f 1313//2720 1262//2720 1194//2720
f 1036//2721 1263//2721 1315//2721
f 1316//2722 1263//2722 1034//2722
f 1120//2723 1036//2723 1317//2723
f 1120//2724 1317//2724 1318//2724
f 1120//2725 1318//2725 1198//2725
f 1198//2726 1318//2726 1319//2726
f 1033//2727 1199//2727 1320//2727
f 1033//2728 1320//2728 1200//2728
f 1039//2729 1321//2729 1197//2729
f 1201//2730 1198//2730 1319//2730
f 1201//2731 1319//2731 1322//2731
f 1202//2732 1323//2732 1199//2732
f 1121//2733 1200//2733 1324//2733
f 1325//2734 1321//2734 1042//2734
f 1039//2735 1042//2735 1321//2735
f 1122//2736 1201//2737 1322//2738
f 1265//2739 1122//2736 1322//2738
f 1202//2740 1264//2740 1323//2740
f 1042//2741 1203//2741 1325//2741
f 1264//2742 1265//2742 1326//2742
f 1204//2743 1045//2743 1327//2743
f 1045//2744 1047//2744 1327//2744
f 1328//2745 975//2603 973//2605
f 1266//2746 1207//2746 1329//2746
f 1051//2747 1052//2747 1330//2747
f 1331//2748 1125//2748 975//2748
f 1054//2749 1332//2750 1129//2751
f 1052//2752 1333//2752 1330//2752
f 1207//2753 1130//2753 1329//2753
f 1055//2754 1270//2754 1054//2754
f 1054//2755 1270//2755 1332//2755
f 1052//2756 1271//2756 1333//2756
f 1125//2757 1331//2758 981//2759
f 1130//2760 1334//2760 1329//2760
f 1132//2761 1335//2761 1131//2761
f 1331//2758 1211//2762 981//2759
f 1053//2624 1336//2763 1210//2625
f 1337//2764 1271//2764 1209//2764
f 1130//2765 1133//2765 1334//2765
f 1209//2766 1212//2766 1337//2766
f 1133//2767 1338//2767 1334//2767
f 1213//2768 1211//2768 1339//2768
f 1338//2769 1133//2769 1214//2769
f 1212//2770 1135//2770 1340//2770
f 1210//2771 1341//2771 1057//2771
f 1273//2772 1134//2772 1272//2772
f 1135//2773 990//2773 1342//2773
f 1342//2774 990//2774 1274//2774
f 1273//2775 1343//2775 1137//2775
f 1057//2776 1344//2776 1061//2776
f 1061//2777 1344//2777 1216//2777
f 1275//2778 1136//2778 1218//2778
f 1138//2779 1216//2779 1345//2779
f 1217//2780 1139//2780 1346//2780
f 1062//2781 1138//2781 1345//2781
f 1347//2782 1062//2782 1345//2782
f 1346//2783 1139//2783 1276//2783
f 1347//2784 1277//2784 1062//2784
f 1348//2785 1142//2786 1141//2787
f 1348//2788 1141//2788 1278//2788
f 1278//2789 1143//2789 1221//2789
f 1276//2790 1220//2791 1349//2792
f 1350//2793 1221//2793 1144//2793
f 1144//2794 1221//2794 1150//2794
f 1220//2795 1281//2795 1349//2795
f 1219//2796 1351//2796 1079//2796
f 1146//2797 1352//2797 1145//2797
f 1146//2798 1152//2798 1352//2798
f 1283//2799 1083//2799 1227//2799
f 1281//2800 1231//2800 1349//2800
f 1228//2801 1351//2801 1353//2801
f 1228//2802 1079//2802 1351//2802
f 1081//2803 1082//2803 1354//2803
f 1224//2804 1355//2804 1082//2804
f 1155//2805 1283//2806 1356//2807
f 1231//2808 1155//2805 1356//2807
f 1228//2809 1353//2809 1357//2809
f 1228//2810 1357//2810 1284//2810
f 1284//2811 1357//2811 1358//2811
f 1233//2812 1156//2812 1288//2812
f 1288//2813 1156//2813 1285//2813
f 1359//2814 1288//2814 1157//2814
f 1160//2815 1360//2815 1232//2815
f 1232//2816 1360//2816 1287//2816
f 1090//2817 1360//2817 1160//2817
f 1289//2818 1161//2818 1361//2818
f 1361//2819 1161//2819 1290//2819
f 1090//2820 1289//2820 1362//2820
f 1361//2821 1362//2821 1289//2821
f 1363//2822 1364//2822 1162//2822
f 1235//2823 1162//2823 1364//2823
f 1365//2824 1235//2824 1364//2824
f 1236//2825 1235//2825 1365//2825
f 1162//2826 1238//2826 1363//2826
f 1164//2827 1295//2827 1292//2827
f 1366//2828 1240//2828 1293//2828
f 1366//2829 1296//2829 1240//2829
f 1294//2830 1242//2830 1367//2830
f 1244//2831 1177//2831 1300//2831
f 1368//2832 1177//2832 1248//2832
f 1249//2833 1304//2833 1369//2833
f 1248//2834 1250//2834 1370//2834
f 1249//2835 1369//2836 1305//2837
f 1371//2838 1370//2838 1250//2838
f 1250//2839 1252//2839 1371//2839
f 1305//2837 1369//2836 1372//2840
f 1185//2841 1180//2841 1373//2841
f 1251//2842 1373//2842 1180//2842
f 1374//2843 1307//2698 1305//2700
f 1374//2844 1305//2844 1372//2844
f 1308//2845 1371//2845 1252//2845
f 1253//2846 1185//2846 1258//2846
f 1306//2694 1375//2847 1251//2695
f 1307//2848 1375//2848 1306//2848
f 1376//2849 1375//2849 1307//2849
f 1374//2850 1376//2850 1307//2850
f 1308//2851 1309//2851 1377//2851
f 1259//2852 1258//2852 1378//2852
f 1379//2853 1312//2853 1378//2853
f 1259//2854 1378//2854 1312//2854
f 1377//2855 1309//2855 1311//2855
f 1312//2856 1379//2856 1380//2856
f 1380//2857 1313//2857 1312//2857
f 1311//2858 1314//2858 1377//2858
f 1314//2859 1262//2859 1313//2859
f 1263//2860 1316//2860 1315//2860
f 1036//2861 1315//2861 1317//2861
f 1034//2862 1197//2862 1316//2862
f 1197//2863 1381//2863 1316//2863
f 1324//2864 1200//2864 1320//2864
f 1323//2865 1320//2865 1199//2865
f 1323//2866 1264//2866 1326//2866
f 1382//2867 1325//2867 1203//2867
f 1203//2868 1123//2868 1382//2868
f 972//2869 1121//2869 1383//2869
f 1384//2870 1123//2472 1046//2474
f 1046//2871 1204//2871 1384//2871
f 1043//2872 972//2872 1383//2872
f 1043//2873 1383//2873 1385//2873
f 973//2874 1043//2874 1385//2874
f 1327//2875 1047//2876 1386//2875
f 1047//2877 1266//2877 1386//2877
f 1127//2878 1268//2879 1387//2880
f 1051//2881 1330//2881 1269//2881
f 1331//2882 975//2882 1328//2882
f 1129//2751 1332//2750 1268//2883
f 1335//2884 1132//2884 1269//2884
f 1388//2885 1333//2885 1271//2885
f 1329//2886 1334//2886 1389//2886
f 1390//2887 1131//2887 1335//2887
f 1212//2888 1340//2888 1337//2888
f 1391//2889 1213//2889 1339//2889
f 1272//2890 1213//2890 1391//2890
f 1340//2891 1135//2891 1392//2891
f 1392//2892 1135//2892 1342//2892
f 1338//2893 1214//2893 1393//2893
f 1215//2894 1394//2894 1274//2894
f 1343//2895 1394//2895 1215//2895
f 1137//2896 1343//2896 1215//2896
f 1214//2897 1275//2897 1393//2897
f 1275//2898 1218//2898 1395//2898
f 1216//2899 1396//2899 1345//2899
f 1218//2900 1217//2900 1395//2900
f 1395//2901 1217//2901 1346//2901
f 1346//2902 1276//2902 1397//2902
f 1142//2786 1348//2785 1398//2903
f 1279//2904 1142//2904 1398//2904
f 1399//2905 1278//2905 1221//2905
f 1221//2906 1350//2907 1399//2908
f 1144//2909 1400//2909 1350//2909
f 1071//2910 1400//2910 1144//2910
f 1072//2911 1400//2911 1071//2911
f 1147//2912 1279//2912 1401//2912
f 1227//2913 1147//2913 1401//2913
f 1276//2790 1349//2792 1397//2914
f 1219//2915 1277//2915 1351//2915
f 1148//2916 1223//2916 1402//2916
f 1226//2917 1149//2917 1403//2917
f 1227//2918 1401//2918 1283//2918
f 1349//2919 1231//2919 1397//2919
f 1231//2920 1356//2920 1397//2920
f 1154//2921 1151//2922 1404//2923
f 1402//2924 1404//2923 1151//2922
f 1404//2925 1402//2925 1230//2925
f 1223//2926 1230//2926 1402//2926
f 1230//2927 1223//2927 1154//2927
f 1151//2928 1154//2928 1223//2928
f 1404//2929 1230//2929 1354//2929
f 1354//2930 1230//2930 1081//2930
f 1225//2931 1282//2931 1224//2931
f 1224//2932 1282//2932 1355//2932
f 1405//2933 1152//2933 1158//2933
f 1357//2934 1353//2934 1406//2934
f 1229//2935 1284//2935 1358//2935
f 1404//2936 1157//2936 1154//2936
f 1404//2937 1359//2937 1157//2937
f 1286//2938 1405//2938 1158//2938
f 1358//2939 1357//2939 1406//2939
f 1360//2940 1407//2940 1287//2940
f 1288//2941 1290//2941 1233//2941
f 1090//2942 1408//2942 1360//2942
f 1408//2943 1409//2943 1360//2943
f 1361//2944 1290//2944 1410//2944
f 1362//2945 1408//2945 1090//2945
f 1361//2946 1411//2946 1362//2946
f 1410//2947 1411//2947 1361//2947
f 1411//2948 1408//2948 1362//2948
f 1365//2949 1364//2950 1412//2951
f 1236//2952 1365//2949 1412//2951
f 1413//2953 1236//2953 1412//2953
f 1237//2954 1236//2954 1413//2954
f 1291//2955 1237//2956 1414//2957
f 1415//2958 1291//2958 1414//2958
f 1239//2959 1291//2959 1415//2959
f 1295//2960 1416//2960 1292//2960
f 1366//2961 1293//2961 1417//2961
f 1366//2962 1418//2962 1296//2962
f 1418//2963 1297//2963 1296//2963
f 1419//2964 1367//2964 1242//2964
f 1242//2965 1243//2965 1419//2965
f 1297//2966 1420//2966 1298//2966
f 1421//2967 1298//2967 1420//2967
f 1422//2968 1298//2968 1421//2968
f 1419//2969 1243//2969 1300//2969
f 1298//2970 1422//2971 1299//2972
f 1299//2972 1422//2971 1301//2973
f 1422//2974 1423//2974 1301//2974
f 1177//2975 1368//2975 1424//2975
f 1300//2976 1177//2976 1424//2976
f 1301//2977 1423//2977 1302//2977
f 1303//2978 1425//2978 1304//2978
f 1248//2979 1426//2979 1368//2979
f 1426//2980 1248//2980 1370//2980
f 1304//2981 1425//2982 1369//2982
f 1369//2982 1425//2982 1427//2983
f 1428//2984 1371//2984 1308//2984
f 1185//2985 1429//2985 1258//2985
f 1429//2986 1185//2986 1373//2986
f 1372//2987 1430//2987 1374//2987
f 1431//2988 1373//2988 1251//2988
f 1251//2989 1375//2989 1431//2989
f 1431//2990 1375//2990 1432//2990
f 1308//2991 1377//2991 1428//2991
f 1258//2992 1433//2992 1378//2992
f 1434//2993 1374//2993 1430//2993
f 1435//2994 1428//2994 1377//2994
f 1436//2995 1437//2995 1379//2995
f 1436//2996 1379//2996 1378//2996
f 1438//2997 1432//2997 1375//2997
f 1376//2998 1438//2998 1375//2998
f 1434//2999 1376//2999 1374//2999
f 1380//3000 1437//3000 1439//3000
f 1437//3001 1380//3001 1379//3001
f 1377//3002 1440//3003 1435//3004
f 1377//3002 1439//3005 1440//3003
f 1380//3006 1439//3006 1313//3006
f 1377//3007 1314//3007 1439//3007
f 1313//3008 1439//3008 1314//3008
f 1197//3009 1321//3009 1381//3009
f 1322//3010 1319//3010 1441//3010
f 1323//3011 1442//3011 1320//3011
f 1320//3012 1442//3012 1324//3012
f 1322//3013 1441//3014 1443//3015
f 1265//3016 1322//3013 1443//3015
f 1323//3017 1444//3017 1445//3017
f 1442//3018 1323//3018 1445//3018
f 1265//3019 1443//3019 1446//3019
f 1326//3020 1265//3020 1446//3020
f 1326//3021 1446//3021 1447//3021
f 1323//3022 1326//3022 1447//3022
f 1444//3023 1323//3023 1447//3023
f 1204//3024 1327//3024 1384//3024
f 1327//2875 1386//2875 1448//3025
f 1385//3026 1449//3026 973//3026
f 973//3027 1449//3027 1328//3027
f 1266//3028 1450//3028 1386//3028
f 1266//3029 1329//3029 1450//3029
f 1267//3030 1205//3030 1451//3030
f 1127//3031 1452//3031 1205//3031
f 1127//2878 1387//2880 1452//3032
f 1453//3033 1269//3033 1454//3033
f 1269//3034 1330//3034 1454//3034
f 1329//3035 1389//3035 1450//3035
f 1451//3036 1206//3036 1267//3036
f 1268//3037 1455//3038 1387//3039
f 1268//3040 1332//3040 1455//3040
f 1269//3041 1453//3041 1335//3041
f 1332//3042 1270//3042 1456//3042
f 1270//3043 1457//3043 1456//3043
f 1331//3044 1328//3044 1458//3044
f 1208//3045 1457//3045 1270//3045
f 1131//3046 1390//3046 1208//3046
f 1208//3047 1390//3047 1457//3047
f 1271//3048 1337//3048 1388//3048
f 1331//3049 1458//3049 1459//3049
f 1459//3050 1211//3050 1331//3050
f 1336//3051 1460//3051 1210//3051
f 1459//3052 1339//3052 1211//3052
f 1210//3053 1460//3053 1341//3053
f 1273//3054 1272//3054 1461//3054
f 1273//3055 1461//3055 1343//3055
f 1462//3056 1057//3056 1341//3056
f 1462//3057 1344//3057 1057//3057
f 1396//3058 1216//3058 1344//3058
f 1463//3059 1345//3059 1396//3059
f 1074//3060 1148//3060 1464//3060
f 1074//2642 1464//3061 1280//2643
f 1465//3062 1399//2908 1350//2907
f 1350//3063 1400//3063 1465//3063
f 1072//3064 1466//3064 1400//3064
f 1145//3065 1466//3065 1072//3065
f 1277//3066 1467//3066 1351//3066
f 1347//3067 1467//3067 1277//3067
f 1149//3068 1280//3068 1403//3068
f 1468//3069 1283//3069 1401//3069
f 1469//3070 1397//3070 1356//3070
f 1353//3071 1351//3071 1467//3071
f 1151//3072 1229//3072 1470//3072
f 1470//3073 1402//3073 1151//3073
f 1082//3074 1471//3074 1354//3074
f 1082//3075 1355//3075 1471//3075
f 1226//3076 1403//3076 1282//3076
f 1152//3077 1405//3077 1352//3077
f 1283//3078 1468//3078 1469//3078
f 1469//3079 1356//3079 1283//3079
f 1353//3080 1472//3080 1406//3080
f 1467//3081 1472//3081 1353//3081
f 1473//3082 1229//3082 1358//3082
f 1470//3083 1229//3083 1473//3083
f 1404//3084 1474//3084 1359//3084
f 1474//3085 1404//3085 1354//3085
f 1405//3086 1286//3086 1287//3086
f 1406//3087 1472//3087 1358//3087
f 1358//3088 1472//3088 1475//3088
f 1475//3089 1473//3089 1358//3089
f 1287//3090 1407//3091 1405//3092
f 1288//3093 1476//3093 1290//3093
f 1407//3094 1409//3094 1477//3094
f 1407//3095 1360//3095 1409//3095
f 1476//3096 1410//3096 1290//3096
f 1410//3097 1413//3097 1411//3097
f 1408//3098 1478//3098 1409//3098
f 1412//3099 1478//3099 1408//3099
f 1411//3100 1412//3100 1408//3100
f 1413//3101 1412//3101 1411//3101
f 1364//3102 1363//3102 1478//3102
f 1412//3103 1364//3103 1478//3103
f 1479//3104 1237//2956 1413//3105
f 1237//2956 1479//3104 1414//2957
f 1363//3106 1238//3106 1480//3106
f 1238//3107 1292//3107 1480//3107
f 1481//3108 1239//3108 1415//3108
f 1293//3109 1239//3109 1482//3109
f 1482//3110 1239//3110 1481//3110
f 1293//3111 1482//3111 1417//3111
f 1483//3112 1416//3113 1294//3114
f 1295//3115 1294//3114 1416//3113
f 1483//3116 1294//3117 1367//3118
f 1420//3119 1297//3119 1418//3119
f 1419//3120 1300//3120 1484//3120
f 1424//3121 1484//3121 1300//3121
f 1303//3122 1485//3122 1425//3122
f 1426//3123 1370//3123 1486//3123
f 1372//3124 1369//3124 1427//3124
f 1487//3125 1486//3125 1370//3125
f 1370//3126 1488//3126 1487//3126
f 1488//3127 1370//3127 1371//3127
f 1428//3128 1488//3128 1371//3128
f 1429//3129 1373//3129 1489//3129
f 1258//3130 1429//3130 1433//3130
f 1378//3131 1433//3131 1436//3131
f 1490//3132 1373//3132 1431//3132
f 1432//3133 1490//3133 1431//3133
f 1440//3134 1439//3134 1491//3134
f 1439//3135 1437//3135 1491//3135
f 1492//3136 1490//3136 1432//3136
f 1434//3137 1493//3137 1376//3137
f 1494//3138 1434//3138 1430//3138
f 1493//3139 1438//3139 1376//3139
f 1434//3140 1494//3140 1493//3140
f 1317//3141 1315//3141 1495//3141
f 1316//3142 1381//3142 1496//3142
f 1318//3143 1317//3143 1495//3143
f 1321//3144 1497//3144 1381//3144
f 1321//3145 1325//3145 1497//3145
f 1498//3146 1324//3146 1442//3146
f 1384//3147 1382//3147 1123//3147
f 1499//3148 1121//3148 1324//3148
f 1121//3149 1499//3149 1383//3149
f 1384//3150 1327//3150 1500//3150
f 1383//3151 1501//3151 1385//3151
f 1385//3152 1501//3152 1449//3152
f 1502//3153 1450//3153 1389//3153
f 1452//3154 1451//3154 1205//3154
f 1458//3155 1328//3155 1449//3155
f 1332//3156 1456//3156 1455//3156
f 1453//3157 1503//3157 1335//3157
f 1330//3158 1333//3158 1388//3158
f 1504//3159 1335//3159 1503//3159
f 1335//3160 1504//3160 1390//3160
f 1389//3161 1334//3161 1505//3161
f 1506//3162 1389//3162 1505//3162
f 1334//3163 1338//3163 1507//3163
f 1505//3164 1334//3164 1507//3164
f 1459//3165 1391//3165 1339//3165
f 1340//3166 1392//3166 1508//3166
f 1391//3167 1461//3167 1272//3167
f 1509//3168 1507//3169 1338//3170
f 1510//3171 1342//3171 1274//3171
f 1511//3172 1509//3168 1338//3170
f 1394//3173 1510//3173 1274//3173
f 1461//3174 1394//3174 1343//3174
f 1511//3175 1338//3175 1393//3175
f 1512//3176 1511//3176 1393//3176
f 1393//3177 1275//3177 1512//3177
f 1275//3178 1513//3178 1512//3178
f 1275//3179 1395//3180 1513//3181
f 1514//3182 1515//3182 1516//3182
f 1516//3183 1515//3183 1517//3183
f 1516//3184 1517//3184 1518//3184
f 1463//3185 1347//3185 1345//3185
f 1348//3186 1278//3186 1519//3186
f 1346//3187 1397//3187 1520//3187
f 1278//3188 1399//3188 1519//3188
f 1279//3189 1398//3189 1521//3189
f 1400//3190 1466//3190 1465//3190
f 1279//3191 1521//3191 1401//3191
f 1467//3192 1347//3192 1522//3192
f 1148//3193 1402//3193 1470//3193
f 1145//3194 1523//3194 1466//3194
f 1145//3195 1352//3195 1523//3195
f 1405//3196 1524//3196 1352//3196
f 1472//3197 1467//3197 1475//3197
f 1473//3198 1475//3198 1467//3198
f 1473//3199 1467//3199 1525//3199
f 1470//3200 1473//3200 1525//3200
f 1526//3201 1470//3201 1525//3201
f 1359//3202 1526//3202 1527//3202
f 1528//3203 1527//3203 1526//3203
f 1527//3204 1528//3204 1474//3204
f 1470//3205 1474//3205 1528//3205
f 1474//3206 1470//3206 1359//3206
f 1526//3207 1359//3207 1470//3207
f 1471//3208 1474//3208 1354//3208
f 1282//3209 1529//3209 1355//3209
f 1530//3210 1288//3210 1359//3210
f 1527//3211 1530//3211 1359//3211
f 1407//3091 1531//3212 1405//3092
f 1530//3213 1476//3213 1288//3213
f 1479//3214 1413//3214 1410//3214
f 1477//3215 1409//3215 1478//3215
f 1415//3216 1414//3217 1532//3218
f 1292//3219 1416//3219 1533//3219
f 1482//3220 1534//3220 1417//3220
f 1417//3221 1534//3221 1366//3221
f 1483//3116 1367//3118 1535//3222
f 1366//3223 1534//3223 1418//3223
f 1535//3224 1367//3224 1419//3224
f 1536//3225 1535//3225 1419//3225
f 1420//3226 1537//3226 1421//3226
f 1420//3227 1538//3227 1537//3227
f 1421//3228 1539//3228 1422//3228
f 1537//3229 1539//3229 1421//3229
f 1539//3230 1423//3230 1422//3230
f 1302//3231 1423//3231 1540//3231
f 1303//3232 1302//3232 1540//3232
f 1541//3233 1303//3233 1540//3233
f 1485//3234 1303//3234 1541//3234
f 1426//3235 1542//3235 1368//3235
f 1543//3236 1542//3236 1426//3236
f 1372//3237 1427//3237 1544//3237
f 1372//3238 1544//3238 1430//3238
f 1433//3239 1429//3239 1545//3239
f 1435//3240 1546//3240 1428//3240
f 1489//3241 1373//3242 1490//3243
f 1440//3244 1491//3244 1435//3244
f 1435//3245 1491//3245 1546//3245
f 1437//3246 1436//3246 1547//3246
f 1438//3247 1548//3247 1432//3247
f 1548//3248 1492//3248 1432//3248
f 1494//3249 1430//3249 1549//3249
f 1493//3250 1548//3250 1438//3250
f 1550//3251 1493//3251 1494//3251
f 1381//3252 1551//3252 1496//3252
f 1318//3253 1495//3253 1552//3253
f 1381//3254 1497//3254 1551//3254
f 1318//3255 1552//3255 1441//3255
f 1319//3256 1318//3256 1441//3256
f 1325//3257 1553//3257 1497//3257
f 1325//3258 1382//3258 1553//3258
f 1441//3259 1554//3260 1443//3261
f 1446//3262 1443//3261 1554//3260
f 1445//3263 1555//3263 1442//3263
f 1555//3264 1498//3264 1442//3264
f 1498//3265 1499//3265 1324//3265
f 1556//3266 1446//3266 1554//3266
f 1447//3267 1446//3267 1556//3267
f 1557//3268 1447//3268 1556//3268
f 1557//3269 1558//3269 1447//3269
f 1447//3270 1558//3271 1444//3272
f 1445//3273 1444//3272 1558//3271
f 1327//3274 1559//3274 1500//3274
f 1327//3275 1448//3275 1559//3275
f 1499//3276 1560//3276 1383//3276
f 1383//3277 1560//3277 1501//3277
f 1448//3278 1386//3278 1561//3278
f 1386//3279 1450//3279 1561//3279
f 1562//3280 1454//3280 1563//3280
f 1564//3281 1563//3281 1454//3281
f 1565//3282 1453//3282 1566//3282
f 1454//3283 1566//3283 1453//3283
f 1387//3039 1455//3038 1452//3284
f 1452//3285 1455//3285 1567//3285
f 1453//3286 1565//3286 1503//3286
f 1330//3287 1564//3287 1454//3287
f 1388//3288 1564//3289 1330//3290
f 1389//3291 1506//3291 1502//3291
f 1206//3292 1451//3292 1568//3292
f 1206//3293 1568//3293 1053//3293
f 1053//3294 1568//3294 1336//3294
f 1569//3295 1456//3295 1457//3295
f 1457//3296 1390//3296 1570//3296
f 1388//3297 1337//3297 1571//3297
f 1458//3298 1572//3298 1459//3298
f 1571//3299 1337//3299 1340//3299
f 1340//3300 1508//3300 1571//3300
f 1391//3301 1459//3301 1572//3301
f 1572//3302 1573//3302 1391//3302
f 1460//3303 1574//3303 1341//3303
f 1342//3304 1508//3304 1392//3304
f 1510//3305 1508//3305 1342//3305
f 1391//3306 1573//3306 1461//3306
f 1461//3307 1573//3307 1394//3307
f 1573//3308 1510//3308 1394//3308
f 1341//3309 1574//3309 1462//3309
f 1462//3310 1575//3310 1344//3310
f 1512//3311 1513//3311 1576//3311
f 1514//3312 1577//3312 1578//3312
f 1579//3313 1577//3313 1514//3313
f 1514//3314 1580//3314 1515//3314
f 1514//3315 1578//3315 1580//3315
f 1581//3316 1515//3316 1580//3316
f 1582//3317 1579//3317 1514//3317
f 1581//3318 1517//3318 1515//3318
f 1396//3319 1344//3319 1575//3319
f 1581//3320 1583//3320 1517//3320
f 1514//3321 1516//3321 1582//3321
f 1582//3322 1516//3323 1518//3324
f 1584//3325 1518//3325 1583//3325
f 1583//3326 1518//3326 1517//3326
f 1395//3327 1346//3328 1585//3329
f 1586//3330 1582//3322 1518//3324
f 1518//3331 1584//3331 1586//3331
f 1346//3328 1520//3332 1585//3329
f 1587//3333 1586//3333 1584//3333
f 1519//3334 1588//3334 1348//3334
f 1588//3335 1589//3335 1348//3335
f 1347//3336 1463//3336 1522//3336
f 1519//3337 1399//3337 1590//3337
f 1348//3338 1589//3338 1398//3338
f 1465//3339 1466//3339 1399//3339
f 1520//3340 1397//3340 1591//3340
f 1464//3341 1148//3341 1470//3341
f 1468//3342 1401//3342 1592//3342
f 1468//3343 1592//3343 1591//3343
f 1397//3344 1469//3344 1591//3344
f 1469//3345 1468//3345 1591//3345
f 1522//3346 1525//3346 1467//3346
f 1526//3347 1525//3347 1522//3347
f 1528//3348 1526//3348 1522//3348
f 1403//3349 1529//3349 1282//3349
f 1352//3350 1524//3350 1523//3350
f 1527//3351 1474//3351 1471//3351
f 1355//3352 1529//3352 1593//3352
f 1471//3353 1530//3353 1527//3353
f 1405//3354 1531//3354 1524//3354
f 1476//3355 1530//3355 1594//3355
f 1531//3356 1477//3356 1595//3356
f 1531//3357 1407//3357 1477//3357
f 1410//3358 1476//3358 1596//3358
f 1479//3359 1410//3359 1596//3359
f 1477//3360 1478//3360 1597//3360
f 1478//3361 1363//3361 1597//3361
f 1363//3362 1480//3362 1597//3362
f 1480//3363 1292//3363 1598//3363
f 1292//3364 1533//3364 1598//3364
f 1533//3365 1416//3365 1599//3365
f 1481//3366 1600//3366 1482//3366
f 1599//3367 1416//3367 1483//3367
f 1483//3368 1601//3368 1599//3368
f 1535//3369 1601//3369 1483//3369
f 1602//3370 1534//3370 1482//3370
f 1603//3371 1538//3371 1420//3371
f 1418//3372 1603//3372 1420//3372
f 1484//3373 1536//3373 1419//3373
f 1604//3374 1484//3374 1424//3374
f 1368//3375 1542//3375 1424//3375
f 1426//3376 1486//3376 1543//3376
f 1545//3377 1429//3377 1489//3377
f 1546//3378 1605//3378 1428//3378
f 1489//3241 1490//3243 1606//3379
f 1544//3380 1607//3380 1430//3380
f 1491//3381 1437//3381 1547//3381
f 1430//3382 1607//3382 1549//3382
f 1490//3383 1492//3383 1608//3383
f 1549//3384 1550//3384 1494//3384
f 1609//3385 1548//3385 1493//3385
f 1610//3386 1609//3386 1493//3386
f 1550//3387 1610//3387 1493//3387
f 1316//3388 1496//3388 1611//3388
f 1315//3389 1316//3389 1611//3389
f 1315//3390 1611//3390 1495//3390
f 1612//3391 1551//3391 1497//3391
f 1497//3392 1553//3392 1612//3392
f 1384//3393 1613//3393 1382//3393
f 1382//3394 1613//3394 1553//3394
f 1556//3395 1554//3395 1614//3395
f 1557//3396 1556//3396 1615//3396
f 1557//3397 1616//3397 1558//3397
f 1498//3398 1555//3398 1617//3398
f 1618//3399 1499//3399 1498//3399
f 1558//3400 1616//3400 1619//3400
f 1445//3401 1558//3401 1620//3401
f 1620//3402 1558//3402 1619//3402
f 1621//3403 1445//3403 1620//3403
f 1621//3404 1555//3404 1445//3404
f 1499//3405 1618//3405 1560//3405
f 1622//3406 1501//3406 1560//3406
f 1450//3407 1502//3407 1561//3407
f 1562//3408 1566//3408 1454//3408
f 1501//3409 1622//3409 1449//3409
f 1449//3410 1622//3410 1623//3410
f 1452//3411 1624//3411 1568//3411
f 1451//3412 1452//3412 1568//3412
f 1624//3413 1452//3413 1567//3413
f 1504//3414 1503//3414 1565//3414
f 1449//3415 1623//3415 1458//3415
f 1455//3416 1569//3416 1625//3416
f 1456//3417 1569//3417 1455//3417
f 1388//3288 1626//3418 1564//3289
f 1457//3419 1570//3419 1569//3419
f 1570//3420 1390//3420 1504//3420
f 1627//3421 1458//3421 1623//3421
f 1626//3422 1388//3422 1571//3422
f 1572//3423 1458//3423 1627//3423
f 1571//3424 1508//3424 1628//3424
f 1628//3425 1508//3425 1629//3425
f 1508//3426 1510//3426 1629//3426
f 1630//3427 1629//3428 1510//3429
f 1627//3430 1630//3430 1573//3430
f 1572//3431 1627//3431 1573//3431
f 1573//3432 1630//3427 1510//3429
f 1462//3433 1631//3433 1575//3433
f 1632//3434 1633//3434 1634//3434
f 1635//3435 1634//3435 1633//3435
f 1634//3436 1577//3436 1636//3436
f 1634//3437 1636//3437 1632//3437
f 1578//3438 1577//3438 1635//3438
f 1634//3439 1635//3439 1577//3439
f 1635//3440 1580//3440 1578//3440
f 1637//3441 1580//3441 1635//3441
f 1577//3442 1579//3442 1636//3442
f 1580//3443 1637//3443 1638//3443
f 1638//3444 1581//3444 1580//3444
f 1512//3445 1639//3445 1581//3445
f 1512//3446 1576//3446 1639//3446
f 1640//3447 1579//3447 1582//3447
f 1581//3448 1639//3448 1583//3448
f 1576//3449 1641//3449 1639//3449
f 1641//3450 1583//3450 1639//3450
f 1642//3451 1641//3451 1576//3451
f 1576//3452 1513//3452 1642//3452
f 1513//3181 1395//3180 1642//3453
f 1395//3454 1585//3454 1642//3454
f 1640//3455 1582//3455 1586//3455
f 1583//3456 1643//3456 1584//3456
f 1584//3457 1643//3457 1587//3457
f 1587//3458 1644//3458 1586//3458
f 1645//3459 1644//3459 1587//3459
f 1587//3460 1519//3460 1645//3460
f 1519//3461 1587//3461 1588//3461
f 1645//3462 1519//3462 1590//3462
f 1520//3463 1646//3463 1585//3463
f 1520//3464 1591//3464 1646//3464
f 1399//3465 1647//3465 1590//3465
f 1648//3466 1646//3466 1591//3466
f 1399//3467 1466//3467 1647//3467
f 1401//3468 1521//3468 1648//3468
f 1591//3469 1592//3469 1648//3469
f 1592//3470 1401//3470 1648//3470
f 1522//3471 1649//3471 1650//3471
f 1470//3472 1651//3472 1464//3472
f 1652//3473 1464//3473 1651//3473
f 1523//3474 1653//3474 1466//3474
f 1522//3475 1650//3475 1528//3475
f 1528//3476 1650//3476 1470//3476
f 1470//3477 1650//3477 1651//3477
f 1471//3478 1654//3478 1530//3478
f 1355//3479 1593//3479 1471//3479
f 1471//3480 1593//3480 1654//3480
f 1594//3481 1596//3481 1476//3481
f 1595//3482 1524//3482 1531//3482
f 1479//3483 1596//3483 1655//3483
f 1597//3484 1595//3484 1477//3484
f 1655//3485 1414//3485 1479//3485
f 1480//3486 1598//3486 1597//3486
f 1656//3487 1415//3216 1532//3218
f 1600//3488 1657//3488 1482//3488
f 1482//3489 1657//3489 1602//3489
f 1535//3490 1658//3490 1601//3490
f 1658//3491 1535//3491 1536//3491
f 1534//3492 1603//3492 1418//3492
f 1536//3493 1484//3493 1659//3493
f 1542//3494 1604//3494 1424//3494
f 1543//3495 1486//3495 1660//3495
f 1486//3496 1487//3497 1660//3498
f 1488//3499 1661//3499 1487//3499
f 1662//3500 1663//3500 1544//3500
f 1428//3501 1664//3501 1661//3501
f 1428//3502 1661//3502 1488//3502
f 1605//3503 1664//3503 1428//3503
f 1544//3504 1663//3504 1607//3504
f 1489//3505 1606//3505 1545//3505
f 1433//3506 1665//3506 1436//3506
f 1665//3507 1433//3507 1545//3507
f 1606//3508 1666//3509 1667//3510
f 1606//3511 1490//3511 1666//3511
f 1491//3512 1547//3512 1546//3512
f 1607//3513 1668//3513 1549//3513
f 1608//3514 1666//3514 1490//3514
f 1492//3515 1669//3515 1608//3515
f 1668//3516 1670//3516 1549//3516
f 1669//3517 1492//3517 1548//3517
f 1670//3518 1550//3518 1549//3518
f 1671//3519 1669//3519 1548//3519
f 1548//3520 1609//3520 1671//3520
f 1550//3521 1609//3521 1610//3521
f 1441//3522 1552//3522 1672//3522
f 1500//3523 1613//3523 1384//3523
f 1441//3524 1672//3524 1673//3524
f 1554//3525 1441//3525 1673//3525
f 1674//3526 1556//3526 1614//3526
f 1674//3527 1615//3527 1556//3527
f 1615//3528 1616//3528 1557//3528
f 1621//3529 1617//3529 1555//3529
f 1675//3530 1498//3530 1617//3530
f 1618//3531 1498//3531 1675//3531
f 1559//3532 1448//3532 1561//3532
f 1619//3533 1616//3533 1676//3533
f 1620//3534 1619//3534 1676//3534
f 1677//3535 1617//3535 1621//3535
f 1620//3536 1676//3536 1678//3536
f 1679//3537 1677//3537 1621//3537
f 1620//3538 1678//3538 1680//3538
f 1621//3539 1620//3539 1563//3539
f 1563//3540 1620//3540 1562//3540
f 1679//3541 1621//3541 1563//3541
f 1620//3542 1680//3542 1562//3542
f 1561//3543 1502//3543 1681//3543
f 1682//3544 1679//3544 1563//3544
f 1683//3545 1681//3545 1502//3545
f 1562//3546 1680//3546 1566//3546
f 1566//3547 1680//3547 1684//3547
f 1502//3548 1506//3548 1683//3548
f 1566//3549 1684//3549 1565//3549
f 1682//3550 1563//3550 1564//3550
f 1567//3551 1685//3551 1624//3551
f 1685//3552 1567//3552 1686//3552
f 1455//3553 1686//3554 1567//3555
f 1565//3556 1687//3556 1504//3556
f 1570//3557 1504//3557 1688//3557
f 1570//3558 1689//3558 1569//3558
f 1688//3559 1689//3559 1570//3559
f 1623//3560 1690//3560 1627//3560
f 1627//3561 1690//3561 1691//3561
f 1692//3562 1626//3562 1571//3562
f 1693//3563 1630//3563 1691//3563
f 1627//3564 1691//3564 1630//3564
f 1693//3565 1628//3565 1630//3565
f 1630//3566 1628//3566 1629//3566
f 1507//3567 1509//3567 1694//3567
f 1574//3568 1631//3568 1462//3568
f 1512//3569 1581//3569 1638//3569
f 1695//3570 1579//3570 1640//3570
f 1575//3571 1696//3571 1396//3571
f 1641//3572 1643//3572 1583//3572
f 1643//3573 1641//3573 1642//3573
f 1396//3574 1696//3574 1463//3574
f 1586//3575 1697//3575 1640//3575
f 1643//3576 1698//3576 1587//3576
f 1586//3577 1644//3577 1697//3577
f 1588//3578 1587//3578 1698//3578
f 1589//3579 1588//3579 1698//3579
f 1590//3580 1647//3580 1645//3580
f 1699//3581 1646//3581 1700//3581
f 1699//3582 1585//3582 1646//3582
f 1589//3583 1700//3583 1398//3583
f 1521//3584 1398//3584 1700//3584
f 1521//3585 1700//3585 1646//3585
f 1648//3586 1521//3586 1646//3586
f 1522//3587 1463//3587 1649//3587
f 1466//3588 1653//3588 1647//3588
f 1650//3589 1649//3589 1651//3589
f 1651//3590 1649//3590 1652//3590
f 1524//3591 1701//3591 1523//3591
f 1595//3592 1702//3592 1524//3592
f 1655//3593 1703//3593 1414//3593
f 1532//3594 1414//3594 1703//3594
f 1533//3595 1704//3595 1598//3595
f 1415//3596 1656//3596 1481//3596
f 1533//3597 1599//3597 1704//3597
f 1600//3598 1481//3598 1656//3598
f 1601//3599 1705//3599 1599//3599
f 1602//3600 1657//3600 1706//3600
f 1534//3601 1602//3601 1603//3601
f 1536//3602 1659//3602 1707//3602
f 1484//3603 1604//3603 1708//3603
f 1539//3604 1537//3604 1709//3604
f 1539//3605 1710//3605 1423//3605
f 1711//3606 1423//3606 1710//3606
f 1423//3607 1711//3607 1540//3607
f 1485//3608 1541//3608 1712//3608
f 1660//3498 1487//3497 1713//3609
f 1425//3610 1662//3610 1427//3610
f 1427//3611 1662//3611 1544//3611
f 1665//3612 1545//3612 1606//3612
f 1663//3613 1714//3614 1607//3615
f 1546//3616 1715//3616 1605//3616
f 1665//3617 1547//3617 1436//3617
f 1667//3618 1665//3618 1606//3618
f 1547//3619 1715//3619 1546//3619
f 1607//3615 1714//3614 1668//3620
f 1550//3621 1670//3621 1716//3621
f 1717//3622 1671//3622 1609//3622
f 1717//3623 1609//3623 1718//3623
f 1716//3624 1719//3624 1550//3624
f 1550//3625 1718//3625 1609//3625
f 1719//3626 1718//3626 1550//3626
f 1495//3627 1611//3627 1720//3627
f 1495//3628 1720//3628 1552//3628
f 1613//3629 1721//3629 1553//3629
f 1721//3630 1722//3630 1553//3630
f 1612//3631 1553//3631 1722//3631
f 1500//3632 1559//3632 1723//3632
f 1614//3633 1554//3633 1673//3633
f 1724//3634 1615//3634 1674//3634
f 1724//3635 1616//3635 1615//3635
f 1559//3636 1561//3636 1725//3636
f 1676//3637 1616//3637 1724//3637
f 1675//3638 1617//3638 1677//3638
f 1676//3639 1724//3640 1726//3641
f 1678//3642 1676//3642 1726//3642
f 1727//3643 1618//3643 1675//3643
f 1728//3644 1618//3644 1727//3644
f 1618//3645 1728//3645 1560//3645
f 1680//3646 1678//3646 1726//3646
f 1677//3647 1679//3647 1729//3647
f 1560//3648 1728//3648 1622//3648
f 1726//3649 1684//3649 1680//3649
f 1729//3650 1679//3650 1682//3650
f 1622//3651 1728//3651 1623//3651
f 1730//3652 1624//3652 1685//3652
f 1565//3653 1684//3653 1687//3653
f 1626//3654 1682//3654 1564//3654
f 1731//3655 1623//3656 1728//3657
f 1624//3658 1730//3658 1568//3658
f 1568//3659 1730//3659 1732//3659
f 1625//3660 1686//3554 1455//3553
f 1682//3661 1626//3661 1733//3661
f 1504//3662 1734//3662 1688//3662
f 1687//3663 1734//3663 1504//3663
f 1623//3656 1731//3655 1690//3664
f 1732//3665 1336//3665 1568//3665
f 1692//3666 1733//3666 1626//3666
f 1735//3667 1506//3668 1736//3669
f 1506//3668 1505//3670 1736//3669
f 1336//3671 1732//3671 1460//3671
f 1732//3672 1737//3672 1460//3672
f 1690//3673 1693//3673 1691//3673
f 1571//3674 1738//3674 1692//3674
f 1693//3675 1738//3675 1628//3675
f 1736//3676 1505//3676 1694//3676
f 1738//3677 1571//3677 1628//3677
f 1505//3678 1507//3678 1694//3678
f 1460//3679 1737//3679 1574//3679
f 1574//3680 1737//3680 1739//3680
f 1509//3681 1740//3681 1694//3681
f 1511//3682 1512//3682 1741//3682
f 1632//3683 1742//3683 1633//3683
f 1633//3684 1742//3684 1743//3684
f 1743//3685 1635//3685 1633//3685
f 1636//3686 1744//3686 1632//3686
f 1635//3687 1743//3687 1745//3687
f 1635//3688 1745//3688 1637//3688
f 1512//3689 1638//3689 1741//3689
f 1579//3690 1746//3690 1636//3690
f 1637//3691 1747//3691 1638//3691
f 1748//3692 1579//3692 1695//3692
f 1749//3693 1695//3693 1640//3693
f 1750//3694 1749//3694 1640//3694
f 1640//3695 1697//3695 1750//3695
f 1463//3696 1696//3696 1751//3696
f 1644//3697 1752//3697 1697//3697
f 1644//3698 1645//3698 1752//3698
f 1589//3699 1699//3699 1700//3699
f 1463//3700 1751//3700 1649//3700
f 1653//3701 1753//3701 1647//3701
f 1649//3702 1751//3702 1652//3702
f 1280//3703 1464//3703 1754//3703
f 1754//3704 1403//3704 1280//3704
f 1653//3705 1701//3705 1753//3705
f 1701//3706 1653//3706 1523//3706
f 1403//3707 1754//3707 1529//3707
f 1593//3708 1755//3708 1654//3708
f 1701//3709 1524//3709 1756//3709
f 1524//3710 1702//3710 1756//3710
f 1530//3711 1757//3711 1594//3711
f 1654//3712 1757//3712 1530//3712
f 1594//3713 1758//3713 1596//3713
f 1596//3714 1758//3714 1655//3714
f 1595//3715 1597//3715 1759//3715
f 1597//3716 1598//3716 1759//3716
f 1532//3717 1703//3718 1760//3719
f 1704//3720 1759//3720 1598//3720
f 1532//3717 1760//3719 1656//3721
f 1599//3722 1705//3722 1704//3722
f 1602//3723 1761//3723 1603//3723
f 1536//3724 1707//3724 1658//3724
f 1603//3725 1762//3725 1538//3725
f 1537//3726 1538//3726 1762//3726
f 1537//3727 1762//3727 1763//3727
f 1659//3728 1484//3728 1708//3728
f 1537//3729 1763//3729 1709//3729
f 1710//3730 1539//3730 1709//3730
f 1540//3731 1764//3731 1541//3731
f 1541//3732 1764//3732 1765//3732
f 1542//3733 1543//3733 1766//3733
f 1541//3734 1765//3734 1712//3734
f 1767//3735 1425//3735 1485//3735
f 1605//3736 1715//3736 1768//3736
f 1608//3737 1769//3737 1666//3737
f 1668//3738 1770//3738 1670//3738
f 1770//3739 1771//3739 1670//3739
f 1772//3740 1608//3740 1669//3740
f 1716//3741 1670//3741 1771//3741
f 1671//3742 1773//3742 1669//3742
f 1719//3743 1716//3743 1774//3743
f 1496//3744 1775//3744 1611//3744
f 1551//3745 1776//3745 1496//3745
f 1612//3746 1722//3746 1777//3746
f 1672//3747 1552//3747 1720//3747
f 1723//3748 1613//3748 1500//3748
f 1778//3749 1673//3749 1672//3749
f 1779//3750 1614//3750 1673//3750
f 1674//3751 1614//3751 1779//3751
f 1780//3752 1674//3752 1781//3752
f 1724//3753 1674//3753 1780//3753
f 1561//3754 1681//3754 1725//3754
f 1726//3641 1724//3640 1780//3755
f 1726//3756 1780//3756 1782//3756
f 1727//3757 1675//3757 1677//3757
f 1727//3758 1677//3758 1729//3758
f 1728//3759 1727//3759 1783//3759
f 1726//3760 1782//3761 1684//3762
f 1783//3763 1727//3763 1729//3763
f 1684//3762 1782//3761 1784//3764
f 1783//3765 1729//3765 1733//3765
f 1729//3766 1682//3766 1733//3766
f 1785//3767 1783//3767 1733//3767
f 1731//3768 1728//3768 1783//3768
f 1683//3769 1506//3769 1735//3769
f 1687//3770 1784//3770 1734//3770
f 1684//3771 1784//3771 1687//3771
f 1731//3772 1783//3772 1785//3772
f 1625//3773 1786//3774 1686//3775
f 1625//3773 1569//3776 1786//3774
f 1787//3777 1689//3777 1734//3777
f 1689//3778 1688//3778 1734//3778
f 1787//3779 1786//3779 1569//3779
f 1689//3780 1787//3780 1569//3780
f 1738//3781 1785//3781 1733//3781
f 1785//3782 1738//3782 1731//3782
f 1738//3783 1733//3783 1692//3783
f 1690//3784 1731//3784 1738//3784
f 1690//3785 1738//3785 1693//3785
f 1739//3786 1788//3786 1574//3786
f 1574//3787 1788//3787 1631//3787
f 1509//3788 1511//3789 1740//3790
f 1741//3791 1740//3790 1511//3789
f 1743//3792 1789//3792 1745//3792
f 1790//3793 1637//3793 1745//3793
f 1631//3794 1791//3794 1575//3794
f 1636//3795 1746//3796 1744//3797
f 1792//3798 1746//3798 1579//3798
f 1637//3799 1790//3799 1747//3799
f 1741//3800 1638//3800 1747//3800
f 1792//3801 1579//3801 1748//3801
f 1575//3802 1791//3803 1696//3804
f 1696//3804 1791//3803 1793//3805
f 1642//3806 1794//3806 1643//3806
f 1794//3807 1698//3807 1643//3807
f 1794//3808 1642//3808 1585//3808
f 1696//3809 1793//3809 1751//3809
f 1795//3810 1794//3810 1585//3810
f 1585//3811 1699//3811 1795//3811
f 1647//3812 1796//3812 1645//3812
f 1795//3813 1589//3813 1698//3813
f 1699//3814 1589//3814 1795//3814
f 1647//3815 1753//3815 1796//3815
f 1754//3816 1464//3816 1652//3816
f 1797//3817 1529//3817 1754//3817
f 1797//3818 1755//3818 1593//3818
f 1797//3819 1593//3819 1529//3819
f 1595//3820 1798//3820 1702//3820
f 1757//3821 1758//3821 1594//3821
f 1656//3822 1799//3822 1600//3822
f 1600//3823 1799//3823 1657//3823
f 1800//3824 1706//3824 1657//3824
f 1601//3825 1658//3825 1705//3825
f 1602//3826 1706//3826 1761//3826
f 1603//3827 1801//3827 1762//3827
f 1659//3828 1708//3828 1707//3828
f 1604//3829 1542//3830 1802//3831
f 1711//3832 1803//3832 1540//3832
f 1711//3833 1804//3833 1803//3833
f 1542//3834 1766//3834 1802//3834
f 1485//3835 1712//3835 1767//3835
f 1767//3836 1662//3836 1425//3836
f 1487//3837 1805//3837 1713//3837
f 1805//3838 1487//3838 1661//3838
f 1805//3839 1661//3839 1664//3839
f 1547//3840 1665//3840 1806//3840
f 1547//3841 1806//3841 1715//3841
f 1667//3510 1666//3509 1807//3842
f 1770//3843 1668//3843 1714//3843
f 1608//3844 1772//3844 1769//3844
f 1808//3845 1772//3846 1669//3847
f 1808//3845 1669//3847 1773//3848
f 1771//3849 1809//3849 1716//3849
f 1773//3850 1671//3851 1810//3852
f 1671//3851 1717//3853 1810//3852
f 1716//3854 1809//3854 1774//3854
f 1718//3855 1811//3855 1717//3855
f 1718//3856 1719//3856 1774//3856
f 1496//3857 1776//3857 1775//3857
f 1611//3858 1775//3858 1720//3858
f 1551//3859 1612//3859 1812//3859
f 1672//3860 1720//3860 1778//3860
f 1813//3861 1721//3861 1613//3861
f 1813//3862 1613//3862 1723//3862
f 1673//3863 1778//3863 1779//3863
f 1814//3864 1723//3864 1559//3864
f 1779//3865 1781//3865 1674//3865
f 1559//3866 1725//3866 1814//3866
f 1681//3867 1815//3867 1725//3867
f 1681//3868 1816//3868 1815//3868
f 1782//3869 1780//3869 1817//3869
f 1683//3870 1816//3870 1681//3870
f 1818//3871 1782//3872 1817//3873
f 1782//3874 1818//3874 1784//3874
f 1819//3875 1734//3876 1784//3877
f 1685//3878 1820//3878 1730//3878
f 1821//3879 1686//3879 1786//3879
f 1787//3880 1734//3880 1819//3880
f 1788//3881 1822//3881 1631//3881
f 1631//3882 1822//3882 1791//3882
f 1632//3883 1823//3883 1742//3883
f 1743//3884 1742//3884 1823//3884
f 1744//3885 1823//3885 1632//3885
f 1744//3886 1824//3886 1825//3886
f 1826//3887 1827//3887 1824//3887
f 1826//3888 1824//3888 1746//3888
f 1746//3796 1824//3889 1744//3797
f 1746//3890 1789//3890 1826//3890
f 1790//3891 1826//3891 1789//3891
f 1826//3892 1790//3892 1792//3892
f 1745//3893 1792//3893 1790//3893
f 1792//3894 1745//3894 1746//3894
f 1789//3895 1746//3895 1745//3895
f 1826//3896 1828//3896 1827//3896
f 1792//3897 1828//3897 1826//3897
f 1697//3898 1829//3898 1750//3898
f 1697//3899 1752//3899 1830//3899
f 1645//3900 1796//3900 1752//3900
f 1752//3901 1796//3901 1830//3901
f 1795//3902 1698//3902 1794//3902
f 1793//3903 1831//3903 1751//3903
f 1753//3904 1832//3904 1796//3904
f 1751//3905 1754//3905 1652//3905
f 1753//3906 1701//3906 1832//3906
f 1797//3907 1754//3907 1751//3907
f 1755//3908 1797//3908 1833//3908
f 1834//3909 1654//3909 1755//3909
f 1834//3910 1755//3910 1833//3910
f 1757//3911 1835//3911 1758//3911
f 1758//3912 1835//3912 1655//3912
f 1759//3913 1798//3913 1595//3913
f 1759//3914 1704//3914 1836//3914
f 1760//3915 1837//3915 1656//3915
f 1656//3916 1837//3916 1799//3916
f 1799//3917 1800//3917 1657//3917
f 1658//3918 1838//3918 1705//3918
f 1838//3919 1658//3919 1707//3919
f 1710//3920 1839//3920 1711//3920
f 1804//3921 1711//3921 1839//3921
f 1540//3922 1803//3922 1840//3922
f 1540//3923 1840//3923 1764//3923
f 1543//3924 1660//3924 1766//3924
f 1841//3925 1664//3925 1605//3925
f 1768//3926 1841//3926 1605//3926
f 1806//3927 1665//3927 1842//3927
f 1665//3928 1667//3928 1842//3928
f 1666//3929 1769//3929 1807//3929
f 1808//3930 1769//3930 1772//3930
f 1811//3931 1810//3852 1717//3853
f 1811//3932 1718//3932 1843//3932
f 1718//3933 1774//3933 1843//3933
f 1551//3934 1812//3934 1776//3934
f 1720//3935 1775//3935 1844//3935
f 1612//3936 1777//3936 1812//3936
f 1720//3937 1844//3937 1778//3937
f 1779//3938 1778//3939 1845//3940
f 1846//3941 1779//3938 1845//3940
f 1779//3942 1846//3942 1781//3942
f 1725//3943 1847//3943 1814//3943
f 1781//3944 1848//3944 1780//3944
f 1725//3945 1815//3945 1847//3945
f 1817//3946 1780//3946 1848//3946
f 1817//3947 1848//3947 1849//3947
f 1818//3948 1849//3948 1850//3948
f 1817//3873 1849//3949 1818//3871
f 1784//3950 1850//3950 1851//3950
f 1818//3951 1850//3951 1784//3951
f 1784//3877 1851//3952 1819//3875
f 1685//3953 1852//3953 1820//3953
f 1686//3954 1852//3954 1685//3954
f 1686//3955 1821//3955 1852//3955
f 1683//3956 1735//3956 1853//3956
f 1854//3957 1821//3958 1786//3959
f 1787//3960 1854//3957 1786//3959
f 1819//3961 1854//3961 1787//3961
f 1820//3962 1732//3962 1730//3962
f 1740//3963 1741//3963 1855//3963
f 1856//3964 1855//3964 1741//3964
f 1823//3965 1857//3965 1858//3965
f 1823//3966 1744//3966 1857//3966
f 1823//3967 1858//3967 1743//3967
f 1743//3968 1858//3968 1859//3968
f 1789//3969 1743//3969 1859//3969
f 1744//3970 1860//3970 1857//3970
f 1825//3971 1860//3971 1744//3971
f 1824//3972 1859//3972 1825//3972
f 1790//3973 1825//3973 1859//3973
f 1825//3974 1790//3974 1827//3974
f 1789//3975 1827//3975 1790//3975
f 1827//3976 1789//3976 1824//3976
f 1859//3977 1824//3977 1789//3977
f 1828//3978 1860//3978 1825//3978
f 1827//3979 1828//3979 1825//3979
f 1861//3980 1793//3980 1791//3980
f 1697//3981 1862//3981 1829//3981
f 1697//3982 1830//3982 1862//3982
f 1796//3983 1832//3983 1863//3983
f 1831//3984 1797//3984 1751//3984
f 1654//3985 1834//3985 1757//3985
f 1756//3986 1702//3986 1798//3986
f 1655//3987 1835//3987 1703//3987
f 1835//3988 1864//3988 1703//3988
f 1798//3989 1759//3989 1836//3989
f 1760//3990 1703//3990 1837//3990
f 1705//3991 1836//3991 1704//3991
f 1838//3992 1865//3992 1705//3992
f 1706//3993 1800//3993 1761//3993
f 1838//3994 1707//3995 1866//3996
f 1761//3997 1801//3997 1603//3997
f 1707//3998 1708//3998 1866//3998
f 1708//3999 1604//3999 1867//3999
f 1868//4000 1710//4000 1709//4000
f 1802//3831 1867//4001 1604//3829
f 1869//4002 1804//4002 1839//4002
f 1870//4003 1766//4004 1660//4005
f 1660//4006 1713//4006 1870//4006
f 1805//4007 1871//4007 1713//4007
f 1767//4008 1872//4008 1662//4008
f 1841//4009 1805//4009 1664//4009
f 1872//4010 1663//4010 1662//4010
f 1663//4011 1872//4011 1714//4011
f 1715//4012 1873//4012 1768//4012
f 1806//4013 1842//4013 1715//4013
f 1807//4014 1874//4014 1667//4014
f 1770//4015 1875//4015 1771//4015
f 1810//4016 1876//4016 1773//4016
f 1722//4017 1877//4017 1777//4017
f 1776//4018 1812//4018 1878//4018
f 1721//4019 1813//4019 1879//4019
f 1846//4020 1880//4020 1781//4020
f 1880//4021 1848//4021 1781//4021
f 1853//4022 1816//4022 1683//4022
f 1881//4023 1852//4023 1821//4023
f 1851//4024 1882//4024 1819//4024
f 1819//4025 1882//4025 1854//4025
f 1852//4026 1883//4026 1820//4026
f 1852//4027 1881//4027 1883//4027
f 1854//4028 1884//4028 1821//4028
f 1820//4029 1883//4029 1732//4029
f 1735//4030 1885//4030 1853//4030
f 1885//4031 1735//4031 1736//4031
f 1737//4032 1886//4032 1739//4032
f 1736//4033 1694//4033 1887//4033
f 1886//4034 1888//4034 1739//4034
f 1888//4035 1788//4035 1739//4035
f 1740//4036 1855//4036 1889//4036
f 1855//4037 1856//4037 1890//4037
f 1858//4038 1857//4038 1860//4038
f 1859//4039 1858//4039 1790//4039
f 1790//4040 1858//4040 1891//4040
f 1747//4041 1790//4041 1891//4041
f 1741//4042 1747//4042 1856//4042
f 1747//4043 1891//4043 1892//4043
f 1747//4044 1892//4044 1893//4044
f 1893//4045 1856//4045 1747//4045
f 1792//4046 1894//4046 1828//4046
f 1748//4047 1894//4047 1792//4047
f 1695//4048 1895//4048 1748//4048
f 1695//4049 1749//4049 1896//4049
f 1830//4050 1796//4050 1897//4050
f 1793//4051 1898//4051 1831//4051
f 1831//4052 1899//4052 1797//4052
f 1899//4053 1833//4053 1797//4053
f 1899//4054 1900//4054 1833//4054
f 1833//4055 1900//4055 1901//4055
f 1833//4056 1901//4056 1834//4056
f 1756//4057 1798//4057 1902//4057
f 1757//4058 1903//4058 1835//4058
f 1864//4059 1837//4059 1703//4059
f 1904//4060 1799//4060 1837//4060
f 1867//4061 1866//4061 1708//4061
f 1802//4062 1905//4062 1867//4062
f 1803//4063 1906//4063 1840//4063
f 1803//4064 1804//4064 1906//4064
f 1712//4065 1907//4065 1767//4065
f 1871//4066 1870//4066 1713//4066
f 1873//4067 1715//4067 1842//4067
f 1872//4068 1908//4068 1714//4068
f 1667//4069 1874//4069 1842//4069
f 1714//4070 1908//4071 1770//4072
f 1909//4073 1770//4072 1908//4071
f 1770//4074 1909//4074 1875//4074
f 1769//4075 1910//4075 1807//4075
f 1769//4076 1911//4076 1910//4076
f 1808//4077 1911//4077 1769//4077
f 1808//4078 1912//4078 1911//4078
f 1771//4079 1913//4079 1809//4079
f 1912//4080 1808//4080 1773//4080
f 1914//4081 1809//4081 1913//4081
f 1876//4082 1912//4082 1773//4082
f 1810//4083 1915//4083 1876//4083
f 1811//4084 1915//4085 1810//4086
f 1774//4087 1809//4087 1916//4087
f 1809//4088 1914//4088 1916//4088
f 1843//4089 1917//4089 1811//4089
f 1843//4090 1916//4090 1917//4090
f 1774//4091 1916//4091 1843//4091
f 1721//4092 1879//4092 1877//4092
f 1722//4093 1721//4093 1877//4093
f 1775//4094 1776//4094 1918//4094
f 1776//4095 1878//4095 1918//4095
f 1844//4096 1775//4096 1918//4096
f 1845//4097 1778//4097 1844//4097
f 1919//4098 1813//4098 1723//4098
f 1920//4099 1846//4099 1845//4099
f 1919//4100 1723//4100 1814//4100
f 1880//4101 1846//4101 1920//4101
f 1848//4102 1880//4103 1921//4104
f 1848//4105 1921//4105 1849//4105
f 1849//4106 1921//4106 1922//4106
f 1922//4107 1882//4107 1850//4107
f 1849//4108 1922//4108 1850//4108
f 1850//4109 1882//4109 1851//4109
f 1884//4110 1881//4110 1821//4110
f 1854//4111 1923//4112 1884//4113
f 1882//4114 1923//4114 1854//4114
f 1883//4115 1924//4115 1732//4115
f 1924//4116 1925//4116 1732//4116
f 1732//4117 1925//4117 1737//4117
f 1885//4118 1736//4118 1887//4118
f 1737//4119 1925//4119 1886//4119
f 1694//4120 1740//4120 1889//4120
f 1890//4121 1926//4121 1855//4121
f 1822//4122 1927//4122 1791//4122
f 1860//4123 1891//4123 1858//4123
f 1828//4124 1891//4124 1860//4124
f 1891//4125 1828//4125 1894//4125
f 1928//4126 1856//4126 1893//4126
f 1893//4127 1892//4127 1929//4127
f 1893//4128 1929//4128 1928//4128
f 1748//4129 1895//4129 1894//4129
f 1927//4130 1861//4131 1791//4132
f 1895//4133 1695//4133 1896//4133
f 1749//4134 1750//4134 1896//4134
f 1862//4135 1930//4135 1829//4135
f 1862//4136 1931//4136 1932//4136
f 1862//4137 1830//4137 1931//4137
f 1830//4138 1897//4138 1931//4138
f 1933//4139 1831//4139 1898//4139
f 1831//4140 1933//4140 1899//4140
f 1756//4141 1934//4141 1701//4141
f 1834//4142 1935//4142 1757//4142
f 1936//4143 1836//4143 1705//4143
f 1705//4144 1865//4144 1936//4144
f 1904//4145 1800//4145 1799//4145
f 1838//4146 1937//4146 1865//4146
f 1937//4147 1838//3994 1866//3996
f 1761//4148 1938//4149 1801//4150
f 1762//4151 1939//4151 1763//4151
f 1940//4152 1763//4152 1939//4152
f 1941//4153 1763//4153 1940//4153
f 1709//4154 1763//4154 1941//4154
f 1868//4155 1709//4155 1941//4155
f 1839//4156 1710//4156 1868//4156
f 1804//4157 1869//4157 1942//4157
f 1942//4158 1906//4158 1804//4158
f 1802//4159 1766//4159 1943//4159
f 1944//4160 1870//4160 1871//4160
f 1945//4161 1767//4161 1907//4161
f 1805//4162 1841//4162 1871//4162
f 1768//4163 1873//4163 1841//4163
f 1875//4164 1913//4164 1771//4164
f 1811//4084 1917//4165 1915//4085
f 1946//4166 1879//4166 1813//4166
f 1777//4167 1877//4167 1947//4167
f 1777//4168 1947//4168 1812//4168
f 1812//4169 1947//4169 1878//4169
f 1918//4170 1878//4170 1948//4170
f 1919//4171 1946//4171 1813//4171
f 1844//4172 1920//4172 1845//4172
f 1814//4173 1847//4173 1919//4173
f 1880//4174 1920//4174 1949//4174
f 1950//4175 1880//4103 1949//4176
f 1950//4175 1921//4104 1880//4103
f 1815//4177 1816//4177 1951//4177
f 1922//4178 1952//4178 1882//4178
f 1882//4179 1952//4179 1923//4179
f 1881//4180 1953//4180 1883//4180
f 1884//4181 1953//4181 1881//4181
f 1923//4112 1953//4182 1884//4113
f 1954//4183 1924//4183 1883//4183
f 1887//4184 1694//4184 1889//4184
f 1889//4185 1855//4185 1926//4185
f 1788//4186 1955//4186 1822//4186
f 1956//4187 1890//4187 1856//4187
f 1956//4188 1856//4188 1928//4188
f 1894//4189 1892//4189 1891//4189
f 1957//4190 1928//4190 1929//4190
f 1894//4191 1895//4191 1892//4191
f 1895//4192 1929//4192 1892//4192
f 1896//4193 1929//4193 1895//4193
f 1957//4194 1929//4194 1896//4194
f 1958//4195 1957//4195 1896//4195
f 1896//4196 1750//4196 1959//4196
f 1958//4197 1896//4197 1959//4197
f 1829//4198 1930//4198 1959//4198
f 1959//4199 1750//4199 1829//4199
f 1862//4200 1932//4200 1960//4200
f 1793//4201 1861//4201 1898//4201
f 1932//4202 1961//4202 1960//4202
f 1961//4203 1932//4203 1931//4203
f 1962//4204 1832//4204 1701//4204
f 1899//4205 1963//4205 1900//4205
f 1900//4206 1963//4206 1964//4206
f 1965//4207 1966//4207 1964//4207
f 1934//4208 1962//4208 1701//4208
f 1964//4209 1967//4209 1901//4209
f 1900//4210 1964//4210 1901//4210
f 1966//4211 1968//4211 1964//4211
f 1968//4212 1967//4212 1964//4212
f 1969//4213 1966//4213 1965//4213
f 1901//4214 1967//4214 1834//4214
f 1966//4215 1970//4215 1968//4215
f 1969//4216 1970//4216 1966//4216
f 1756//4217 1902//4217 1934//4217
f 1834//4218 1967//4218 1935//4218
f 1970//4219 1969//4219 1971//4219
f 1757//4220 1935//4220 1903//4220
f 1903//4221 1864//4221 1835//4221
f 1798//4222 1836//4222 1902//4222
f 1864//4223 1972//4223 1837//4223
f 1904//4224 1837//4224 1973//4224
f 1936//4225 1865//4225 1974//4225
f 1975//4226 1800//4226 1904//4226
f 1761//4227 1800//4227 1976//4227
f 1938//4149 1761//4148 1976//4228
f 1801//4229 1939//4229 1762//4229
f 1840//4230 1765//4230 1764//4230
f 1977//4231 1765//4231 1840//4231
f 1978//4232 1712//4233 1765//4234
f 1766//4004 1870//4003 1943//4235
f 1978//4236 1907//4236 1712//4236
f 1945//4237 1979//4237 1767//4237
f 1871//4238 1841//4238 1980//4238
f 1872//4239 1767//4239 1979//4239
f 1873//4240 1981//4241 1841//4242
f 1842//4243 1982//4244 1873//4245
f 1873//4245 1982//4244 1983//4246
f 1984//4247 1874//4247 1807//4247
f 1807//4248 1910//4248 1984//4248
f 1875//4249 1909//4249 1985//4249
f 1913//4250 1875//4250 1985//4250
f 1876//4251 1986//4251 1912//4251
f 1917//4252 1987//4252 1915//4252
f 1916//4253 1987//4253 1917//4253
f 1948//4254 1878//4254 1988//4254
f 1844//4255 1918//4255 1989//4255
f 1989//4256 1920//4256 1844//4256
f 1847//4257 1990//4257 1919//4257
f 1815//4258 1990//4258 1847//4258
f 1815//4259 1951//4259 1990//4259
f 1921//4260 1950//4260 1922//4260
f 1922//4261 1950//4261 1991//4261
f 1952//4262 1991//4262 1992//4262
f 1922//4263 1991//4263 1952//4263
f 1993//4264 1816//4264 1853//4264
f 1952//4265 1992//4265 1923//4265
f 1953//4266 1994//4266 1954//4266
f 1953//4267 1992//4268 1994//4269
f 1923//4112 1992//4270 1953//4182
f 1953//4271 1954//4271 1883//4271
f 1853//4272 1885//4272 1993//4272
f 1885//4273 1887//4273 1995//4273
f 1925//4274 1996//4274 1886//4274
f 1997//4275 1887//4275 1889//4275
f 1888//4276 1955//4276 1788//4276
f 1955//4277 1927//4277 1822//4277
f 1956//4278 1928//4278 1957//4278
f 1956//4279 1957//4280 1998//4281
f 1957//4282 1958//4282 1998//4282
f 1960//4283 1930//4283 1862//4283
f 1960//4284 1961//4284 1999//4284
f 1796//4285 2000//4286 1897//4287
f 2000//4288 1796//4288 1863//4288
f 1933//4289 1963//4289 1899//4289
f 1964//4290 2001//4290 1965//4290
f 1965//4291 2001//4291 2002//4291
f 1969//4292 1965//4292 2002//4292
f 2003//4293 1969//4293 2002//4293
f 1968//4294 2004//4294 1967//4294
f 1968//4295 1970//4295 2005//4295
f 2005//4296 1970//4296 2006//4296
f 2003//4297 2007//4297 1969//4297
f 2007//4298 1971//4298 1969//4298
f 1971//4299 2008//4299 1970//4299
f 1971//4300 2007//4300 2009//4300
f 2009//4301 2008//4301 1971//4301
f 1903//4302 2010//4302 1864//4302
f 1902//4303 1836//4303 1936//4303
f 1837//4304 1972//4304 1973//4304
f 1904//4305 2011//4305 1975//4305
f 2012//4306 1800//4306 1975//4306
f 2013//4307 1865//4307 1937//4307
f 1800//4308 2012//4308 1976//4308
f 1939//4309 1801//4309 1938//4309
f 2014//4310 2015//4310 1867//4310
f 1867//4311 2015//4311 1866//4311
f 1867//4312 1905//4312 2016//4312
f 1839//4313 2017//4313 1869//4313
f 1869//4314 2017//4314 1942//4314
f 2018//4315 1802//4315 1943//4315
f 1977//4316 1978//4232 1765//4234
f 1980//4317 1944//4317 1871//4317
f 1841//4318 1981//4318 1980//4318
f 1873//4240 1983//4319 1981//4241
f 1979//4320 2019//4320 1872//4320
f 2019//4321 1908//4321 1872//4321
f 1842//4322 1984//4322 1982//4322
f 1984//4323 1842//4323 1874//4323
f 1910//4324 2020//4324 1984//4324
f 1912//4325 1986//4325 1911//4325
f 1876//4326 2021//4326 1986//4326
f 1914//4327 1913//4327 2022//4327
f 1876//4328 1915//4328 2021//4328
f 2023//4329 1916//4329 1914//4329
f 1879//4330 1946//4330 2024//4330
f 1877//4331 1879//4331 2024//4331
f 1988//4332 2025//4332 1948//4332
f 1948//4333 1989//4333 1918//4333
f 1989//4334 2026//4334 1920//4334
f 1990//4335 2027//4335 1919//4335
f 2026//4336 1949//4336 1920//4336
f 1950//4337 1949//4337 2028//4337
f 1991//4338 2028//4338 2029//4338
f 1950//4339 2028//4339 1991//4339
f 2029//4340 1992//4340 1991//4340
f 1951//4341 1816//4341 1993//4341
f 1924//4342 2030//4342 1925//4342
f 1995//4343 1887//4343 1997//4343
f 1861//4131 1927//4130 2031//4344
f 2032//4345 1930//4345 1960//4345
f 2033//4346 1931//4346 1897//4346
f 1960//4347 1999//4347 2032//4347
f 1999//4348 1961//4348 2034//4348
f 1931//4349 2033//4349 1961//4349
f 1897//4287 2000//4286 2033//4350
f 1999//4351 2034//4351 2035//4351
f 2036//4352 1863//4352 1832//4352
f 1861//4353 2037//4354 1898//4355
f 2037//4356 2001//4356 1898//4356
f 1933//4357 1898//4357 2001//4357
f 1964//4358 1963//4358 1933//4358
f 1933//4359 2001//4359 1964//4359
f 1968//4360 2005//4360 2004//4360
f 1970//4361 2008//4361 2006//4361
f 2008//4362 2009//4362 2038//4362
f 1864//4363 2010//4363 1972//4363
f 2039//4364 2008//4364 2038//4364
f 1904//4365 1973//4365 2040//4365
f 1904//4366 2040//4366 2011//4366
f 1974//4367 1865//4367 2041//4367
f 1865//4368 2013//4368 2041//4368
f 1937//4369 1866//4369 2015//4369
f 1941//4370 1940//4371 1939//4372
f 2014//4373 1867//4373 2016//4373
f 1905//4374 1802//4374 2018//4374
f 1840//4375 2042//4375 1977//4375
f 1945//4376 1907//4376 1978//4376
f 1983//4377 1982//4377 2043//4377
f 1908//4378 2019//4378 1909//4378
f 1910//4379 2044//4379 2020//4379
f 1911//4380 2044//4380 1910//4380
f 1985//4381 2045//4381 1913//4381
f 1911//4382 1986//4382 2044//4382
f 1916//4383 2023//4383 1987//4383
f 1877//4384 2046//4384 1947//4384
f 1878//4385 1947//4385 2047//4385
f 1878//4386 2047//4387 1988//4388
f 1989//4389 1948//4389 2026//4389
f 1949//4390 2026//4390 2048//4390
f 2049//4391 1949//4391 2048//4391
f 1949//4392 2049//4392 2028//4392
f 2028//4393 2049//4393 2029//4393
f 2029//4394 2049//4394 2050//4394
f 2050//4395 2051//4395 2029//4395
f 2029//4396 2051//4396 1992//4396
f 1992//4268 2051//4397 1994//4269
f 2051//4398 2052//4398 1994//4398
f 2052//4399 1954//4399 1994//4399
f 2052//4400 1924//4400 1954//4400
f 1885//4401 2053//4401 1993//4401
f 2052//4402 2054//4402 1924//4402
f 2054//4403 2030//4403 1924//4403
f 2030//4404 1996//4404 1925//4404
f 1886//4405 1996//4406 1888//4407
f 1996//4406 2055//4408 1888//4407
f 1997//4409 1889//4409 2056//4409
f 1888//4410 2055//4410 1955//4410
f 2057//4411 1926//4411 1890//4411
f 2058//4412 1956//4279 1998//4281
f 1998//4413 1958//4413 2058//4413
f 1959//4414 1930//4414 2059//4414
f 1930//4415 2060//4415 2059//4415
f 1958//4416 1959//4416 2059//4416
f 2059//4417 2058//4417 1958//4417
f 2032//4418 2061//4418 1930//4418
f 1930//4419 2061//4419 2060//4419
f 2034//4420 2062//4420 2063//4420
f 2061//4421 2063//4421 2062//4421
f 2063//4422 2061//4422 1961//4422
f 2032//4423 1961//4423 2061//4423
f 1961//4424 2032//4424 2034//4424
f 2062//4425 2034//4425 2032//4425
f 2063//4426 1961//4426 2033//4426
f 1999//4427 2035//4427 2032//4427
f 2034//4428 2063//4428 2035//4428
f 2037//4354 1861//4353 2031//4429
f 2064//4430 2032//4430 2035//4430
f 2065//4431 2036//4431 1832//4431
f 2066//4432 2001//4432 2037//4432
f 1962//4433 2065//4433 1832//4433
f 2002//4434 2001//4434 2066//4434
f 2002//4435 2066//4435 2067//4435
f 2002//4436 2067//4436 2003//4436
f 1972//4437 2068//4437 1973//4437
f 2039//4438 2069//4438 2070//4438
f 2038//4439 2069//4439 2039//4439
f 1974//4440 2041//4440 2071//4440
f 1975//4441 2011//4441 2012//4441
f 2013//4442 1937//4442 2015//4442
f 1938//4443 1976//4443 2072//4443
f 1976//4444 2073//4444 2072//4444
f 2074//4445 1939//4445 1938//4445
f 1939//4372 2074//4446 1941//4370
f 1941//4447 2075//4447 1868//4447
f 2017//4448 1839//4448 1868//4448
f 1905//4449 2018//4449 2016//4449
f 2076//4450 1942//4450 2017//4450
f 1943//4235 1870//4003 2077//4451
f 2077//4452 1870//4452 1944//4452
f 1983//4453 2078//4454 1981//4455
f 2079//4456 2019//4456 1979//4456
f 1909//4457 2019//4458 1985//4459
f 1913//4460 2045//4460 2022//4460
f 1986//4461 2080//4461 2044//4461
f 2044//4462 2080//4462 2081//4462
f 2021//4463 2082//4463 1986//4463
f 2021//4464 1915//4464 2082//4464
f 1987//4465 2083//4465 1915//4465
f 1914//4466 2022//4466 2023//4466
f 2024//4467 1946//4468 2084//4469
f 1877//4470 2024//4470 2085//4470
f 2025//4471 1988//4388 2047//4387
f 1948//4472 2025//4473 2086//4474
f 2086//4474 2026//4475 1948//4472
f 2048//4476 2026//4476 2086//4476
f 2087//4477 2049//4477 2048//4477
f 2087//4478 2088//4478 2049//4478
f 2049//4479 2088//4479 2050//4479
f 1990//4480 1951//4480 2089//4480
f 2089//4481 1951//4481 1993//4481
f 2056//4482 1889//4482 1926//4482
f 1926//4483 2057//4483 2056//4483
f 2057//4484 1890//4484 1956//4484
f 1956//4485 2058//4486 2090//4487
f 2058//4488 2059//4488 2091//4488
f 2060//4489 2061//4489 2062//4489
f 2063//4490 2033//4490 2092//4490
f 2062//4491 2032//4491 2093//4491
f 1863//4492 2036//4492 2000//4492
f 2064//4493 2093//4493 2032//4493
f 2063//4494 2094//4494 2035//4494
f 2095//4495 2093//4495 2064//4495
f 2064//4496 2035//4496 2094//4496
f 2095//4497 2064//4497 2094//4497
f 1962//4498 2096//4498 2065//4498
f 2096//4499 1962//4499 1934//4499
f 2005//4500 2097//4500 2004//4500
f 2006//4501 2097//4501 2005//4501
f 2003//4502 2098//4502 2007//4502
f 1935//4503 1967//4503 2099//4503
f 2096//4504 1934//4505 1902//4506
f 2006//4507 2008//4507 2100//4507
f 2007//4508 2101//4508 2009//4508
f 1903//4509 2102//4509 2010//4509
f 2008//4510 2039//4510 2103//4510
f 2009//4511 2101//4512 2038//4513
f 2010//4514 2102//4514 2104//4514
f 1972//4515 2010//4515 2104//4515
f 2103//4516 2039//4516 2070//4516
f 2105//4517 1902//4517 1936//4517
f 2068//4518 1972//4518 2104//4518
f 2106//4519 1973//4519 2068//4519
f 2070//4520 2069//4520 2107//4520
f 2038//4521 2108//4521 2069//4521
f 2040//4522 1973//4522 2107//4522
f 1973//4523 2106//4523 2107//4523
f 2107//4524 2109//4524 2040//4524
f 2109//4525 2107//4525 2069//4525
f 1974//4526 2071//4526 1936//4526
f 2011//4527 2040//4527 2109//4527
f 2011//4528 2110//4528 2012//4528
f 1976//4529 2012//4529 2073//4529
f 2072//4530 2074//4530 1938//4530
f 1840//4531 1906//4531 2042//4531
f 2018//4532 1943//4532 2077//4532
f 2111//4533 1979//4533 1945//4533
f 1981//4534 2112//4534 1980//4534
f 2111//4535 2079//4535 1979//4535
f 2078//4454 2112//4536 1981//4455
f 1983//4537 2043//4537 2078//4537
f 1982//4538 1984//4538 2043//4538
f 2019//4458 2113//4539 1985//4459
f 1985//4540 2113//4540 2045//4540
f 1986//4541 2082//4541 2080//4541
f 1915//4542 2083//4542 2082//4542
f 1987//4543 2114//4543 2083//4543
f 1987//4544 2023//4544 2114//4544
f 2046//4545 1877//4545 2085//4545
f 2115//4546 1946//4546 1919//4546
f 1946//4547 2115//4547 2084//4547
f 1919//4548 2027//4548 2115//4548
f 2048//4549 2086//4550 2116//4551
f 2087//4552 2048//4552 2116//4552
f 2117//4553 2027//4553 1990//4553
f 2087//4554 2116//4554 2118//4554
f 2053//4555 1885//4555 2119//4555
f 1885//4556 1995//4556 2119//4556
f 2119//4557 1995//4557 2120//4557
f 1995//4558 1997//4558 2120//4558
f 2055//4559 2121//4559 1955//4559
f 1955//4560 2122//4561 1927//4562
f 2090//4487 2058//4486 2123//4563
f 1927//4564 2124//4564 2031//4564
f 2058//4565 2091//4565 2125//4565
f 2059//4566 2060//4566 2126//4566
f 2060//4567 2062//4567 2126//4567
f 2127//4568 2092//4568 2033//4568
f 2000//4286 2127//4569 2033//4350
f 2031//4570 2128//4570 2037//4570
f 2063//4571 2129//4571 2094//4571
f 2063//4572 2092//4572 2129//4572
f 2037//4573 2128//4573 2066//4573
f 2093//4574 2095//4574 2130//4574
f 2130//4575 2095//4575 2131//4575
f 2095//4576 2094//4576 2132//4576
f 2132//4577 2094//4577 2129//4577
f 2067//4578 2098//4578 2003//4578
f 2131//4579 2095//4579 2132//4579
f 2097//4580 2133//4580 2004//4580
f 2004//4581 2134//4581 1967//4581
f 2135//4582 2097//4582 2006//4582
f 2134//4583 2099//4583 1967//4583
f 2099//4584 1903//4584 1935//4584
f 2096//4504 1902//4506 2136//4585
f 2100//4586 2008//4587 2103//4588
f 2105//4589 2136//4589 1902//4589
f 2070//4590 2137//4590 2103//4590
f 2107//4591 2137//4591 2070//4591
f 2108//4592 2138//4592 2069//4592
f 1936//4593 2071//4593 2105//4593
f 2106//4594 2137//4594 2107//4594
f 2069//4595 2138//4595 2139//4595
f 2109//4596 2069//4596 2139//4596
f 2109//4597 2140//4597 2011//4597
f 2011//4598 2140//4598 2110//4598
f 2110//4599 2073//4599 2012//4599
f 2013//4600 2015//4600 2141//4600
f 2015//4601 2014//4601 2142//4601
f 1941//4602 2074//4602 2075//4602
f 2014//4603 2016//4604 2143//4605
f 2017//4606 1868//4606 2144//4606
f 2144//4607 1868//4607 2075//4607
f 1906//4608 2145//4608 2042//4608
f 1906//4609 1942//4609 2145//4609
f 1945//4610 1978//4610 2146//4610
f 2045//4611 2147//4611 2022//4611
f 2147//4612 2148//4612 2022//4612
f 2022//4613 2148//4613 2149//4613
f 2023//4614 2022//4614 2149//4614
f 2149//4615 2150//4615 2023//4615
f 2023//4616 2150//4616 2114//4616
f 2024//4467 2084//4469 2085//4617
f 2025//4618 2047//4619 2151//4620
f 2086//4621 2025//4621 2151//4621
f 2118//4622 2088//4622 2087//4622
f 2088//4623 2118//4623 2050//4623
f 2089//4624 2117//4624 1990//4624
f 2050//4625 2152//4625 2051//4625
f 2152//4626 2153//4626 2051//4626
f 2153//4627 2052//4627 2051//4627
f 2054//4628 2154//4628 2030//4628
f 2030//4629 2154//4629 1996//4629
f 2120//4630 1997//4630 2155//4630
f 2154//4631 2055//4631 1996//4631
f 1997//4632 2056//4632 2155//4632
f 2121//4633 2122//4633 1955//4633
f 2057//4634 1956//4634 2090//4634
f 2122//4561 2156//4635 1927//4562
f 2156//4636 2124//4636 1927//4636
f 2126//4637 2157//4637 2158//4637
f 2059//4638 2126//4638 2158//4638
f 2031//4639 2124//4639 2128//4639
f 2062//4640 2157//4640 2126//4640
f 2062//4641 2093//4641 2159//4641
f 2062//4642 2159//4642 2157//4642
f 2160//4643 2092//4643 2127//4643
f 2093//4644 2130//4644 2159//4644
f 2129//4645 2092//4645 2160//4645
f 2129//4646 2160//4646 2159//4646
f 2159//4647 2130//4647 2132//4647
f 2132//4648 2130//4648 2131//4648
f 2159//4649 2132//4649 2129//4649
f 2133//4650 2134//4650 2004//4650
f 2100//4651 2135//4651 2006//4651
f 1903//4652 2099//4652 2102//4652
f 2101//4512 2108//4653 2038//4513
f 2104//4654 2161//4654 2068//4654
f 2103//4655 2137//4655 2162//4655
f 2138//4656 2103//4656 2162//4656
f 2106//4657 2140//4657 2137//4657
f 2162//4658 2137//4658 2139//4658
f 2139//4659 2137//4659 2140//4659
f 2138//4660 2162//4660 2139//4660
f 2139//4661 2140//4661 2109//4661
f 2071//4662 2041//4662 2163//4662
f 2140//4663 2164//4663 2165//4663
f 2140//4664 2165//4664 2110//4664
f 2165//4665 2166//4665 2110//4665
f 2166//4666 2073//4666 2110//4666
f 2167//4667 2074//4668 2072//4669
f 2143//4605 2142//4670 2014//4603
f 2168//4671 2077//4671 2169//4671
f 2111//4672 1945//4672 2146//4672
f 2077//4673 1944//4673 2169//4673
f 2170//4674 1944//4674 1980//4674
f 2170//4675 2169//4675 1944//4675
f 1980//4676 2112//4676 2170//4676
f 2079//4677 2171//4677 2019//4677
f 2043//4678 1984//4679 2172//4680
f 1984//4681 2020//4681 2172//4681
f 2019//4682 2171//4682 2113//4682
f 2020//4683 2044//4684 2173//4685
f 2044//4686 2081//4686 2173//4686
f 2082//4687 2174//4687 2080//4687
f 2080//4688 2174//4688 2175//4688
f 2083//4689 2174//4689 2082//4689
f 2083//4690 2176//4690 2177//4690
f 2046//4691 2085//4691 2178//4691
f 1947//4692 2046//4693 2179//4694
f 2086//4695 2151//4695 2180//4695
f 2086//4550 2180//4696 2116//4551
f 2027//4697 2117//4697 2181//4697
f 2050//4698 2118//4698 2152//4698
f 2089//4699 1993//4699 2053//4699
f 2052//4700 2182//4700 2054//4700
f 2154//4701 2121//4701 2055//4701
f 2123//4702 2058//4702 2183//4702
f 2183//4703 2058//4703 2125//4703
f 2157//4704 2184//4704 2158//4704
f 2091//4705 2059//4706 2185//4707
f 2059//4706 2158//4708 2185//4707
f 2183//4709 2125//4709 2091//4709
f 2185//4710 2183//4710 2091//4710
f 2184//4711 2127//4711 2186//4711
f 2000//4712 2186//4712 2127//4712
f 2157//4713 2159//4713 2184//4713
f 2127//4714 2184//4714 2160//4714
f 2186//4715 2000//4715 2036//4715
f 2184//4716 2159//4716 2160//4716
f 2065//4717 2187//4717 2036//4717
f 2128//4718 2188//4718 2066//4718
f 2066//4719 2188//4719 2067//4719
f 2065//4720 2096//4720 2187//4720
f 2187//4721 2096//4721 2189//4721
f 2099//4722 2134//4722 2190//4722
f 2007//4723 2098//4723 2101//4723
f 2136//4724 2189//4724 2096//4724
f 2108//4725 2101//4726 2191//4727
f 2161//4728 2104//4728 2102//4728
f 2192//4729 2068//4730 2161//4731
f 2103//4732 2138//4732 2191//4732
f 2108//4725 2191//4727 2138//4733
f 2106//4734 2068//4730 2192//4729
f 2106//4735 2192//4735 2193//4735
f 2106//4736 2193//4736 2140//4736
f 2163//4737 2041//4737 2013//4737
f 2141//4738 2015//4738 2194//4738
f 2166//4739 2195//4739 2073//4739
f 2195//4740 2072//4740 2073//4740
f 2015//4741 2142//4741 2194//4741
f 2074//4742 2167//4743 2075//4744
f 2196//4745 2144//4745 2075//4745
f 2016//4746 2018//4747 2197//4748
f 2076//4749 2017//4749 2144//4749
f 1942//4750 2198//4750 2145//4750
f 2076//4751 2198//4751 1942//4751
f 2199//4752 1977//4752 2042//4752
f 1978//4753 1977//4753 2200//4753
f 1978//4754 2200//4754 2146//4754
f 2201//4755 2112//4755 2078//4755
f 2172//4756 2020//4756 2202//4756
f 2171//4757 2203//4757 2113//4757
f 2020//4683 2173//4685 2202//4758
f 2113//4759 2203//4759 2045//4759
f 2080//4760 2204//4760 2081//4760
f 2147//4761 2205//4761 2148//4761
f 2083//4762 2114//4762 2176//4762
f 2150//4763 2206//4763 2114//4763
f 2151//4620 2047//4619 2207//4764
f 2151//4765 2207//4765 2208//4765
f 2054//4766 2209//4766 2154//4766
f 2184//4767 2186//4767 2158//4767
f 2185//4768 2158//4768 2186//4768
f 2185//4769 2186//4769 2210//4769
f 2036//4770 2210//4770 2186//4770
f 2036//4771 2187//4771 2210//4771
f 2067//4772 2188//4772 2211//4772
f 2211//4773 2212//4773 2067//4773
f 2212//4774 2098//4774 2067//4774
f 2191//4775 2213//4775 2103//4775
f 2213//4588 2100//4586 2103//4588
f 2214//4776 2102//4777 2099//4778
f 2102//4779 2214//4779 2161//4779
f 2136//4780 2105//4780 2215//4780
f 2105//4781 2071//4781 2215//4781
f 2193//4782 2164//4782 2140//4782
f 2216//4783 2163//4783 2013//4783
f 2216//4784 2013//4784 2141//4784
f 2166//4785 2165//4785 2217//4785
f 2072//4669 2195//4786 2167//4667
f 2075//4744 2167//4743 2218//4787
f 2196//4788 2075//4788 2218//4788
f 2143//4789 2016//4746 2197//4748
f 2219//4790 2144//4790 2196//4790
f 2042//4791 2145//4791 2220//4791
f 2076//4792 2144//4793 2198//4794
f 1977//4795 2199//4795 2200//4795
f 2018//4796 2077//4796 2221//4796
f 2077//4797 2168//4797 2221//4797
f 2112//4798 2201//4798 2170//4798
f 2111//4799 2222//4799 2079//4799
f 2078//4800 2223//4800 2201//4800
f 2222//4801 2171//4801 2079//4801
f 2043//4678 2172//4680 2078//4802
f 2078//4803 2172//4803 2223//4803
f 2203//4804 2224//4804 2045//4804
f 2045//4805 2224//4805 2147//4805
f 2081//4806 2204//4806 2173//4806
f 2080//4807 2175//4807 2204//4807
f 2148//4808 2205//4808 2225//4808
f 2083//4809 2177//4809 2174//4809
f 2148//4810 2225//4810 2149//4810
f 2179//4694 2046//4693 2178//4811
f 2047//4812 1947//4812 2226//4812
f 2027//4813 2181//4813 2115//4813
f 2151//4814 2208//4814 2180//4814
f 2116//4815 2180//4815 2227//4815
f 2116//4816 2227//4817 2118//4818
f 2052//4819 2153//4819 2182//4819
f 2154//4820 2228//4821 2121//4822
f 2155//4823 2056//4823 2229//4823
f 2121//4824 2228//4824 2122//4824
f 2156//4825 2230//4825 2124//4825
f 2183//4826 2185//4826 2231//4826
f 2231//4827 2185//4827 2210//4827
f 2232//4828 2231//4828 2210//4828
f 2210//4829 2187//4829 2232//4829
f 2232//4830 2187//4830 2233//4830
f 2233//4831 2187//4831 2189//4831
f 2134//4832 2133//4833 2234//4834
f 2134//4835 2234//4835 2190//4835
f 2190//4836 2235//4836 2099//4836
f 2213//4837 2191//4837 2236//4837
f 2101//4838 2236//4838 2191//4838
f 2235//4839 2214//4776 2099//4778
f 2237//4840 2165//4840 2164//4840
f 2165//4841 2237//4841 2217//4841
f 2194//4842 2142//4842 2238//4842
f 2142//4843 2143//4843 2238//4843
f 2197//4844 2018//4844 2221//4844
f 2111//4845 2239//4845 2222//4845
f 2224//4846 2240//4847 2147//4848
f 2147//4848 2240//4847 2205//4849
f 2114//4850 2241//4850 2176//4850
f 2114//4851 2206//4851 2241//4851
f 2179//4852 2178//4852 2242//4852
f 1947//4853 2179//4853 2226//4853
f 2115//4854 2181//4854 2243//4854
f 2118//4818 2227//4817 2244//4855
f 2244//4856 2152//4856 2118//4856
f 2245//4857 2153//4857 2152//4857
f 2089//4858 2246//4858 2117//4858
f 2089//4859 2053//4859 2246//4859
f 2246//4860 2053//4860 2247//4860
f 2182//4861 2209//4861 2054//4861
f 2209//4862 2248//4863 2154//4864
f 2228//4865 2249//4865 2122//4865
f 2057//4866 2090//4866 2250//4866
f 2122//4867 2249//4868 2156//4869
f 2156//4869 2249//4868 2230//4870
f 2124//4871 2251//4871 2128//4871
f 2128//4872 2251//4872 2252//4872
f 2128//4873 2252//4873 2188//4873
f 2232//4874 2233//4874 2253//4874
f 2133//4833 2254//4875 2234//4834
f 2097//4876 2255//4876 2133//4876
f 2133//4877 2255//4877 2254//4877
f 2255//4878 2097//4878 2135//4878
f 2190//4879 2234//4879 2256//4879
f 2235//4880 2190//4880 2256//4880
f 2135//4881 2100//4881 2213//4881
f 2189//4882 2136//4882 2257//4882
f 2136//4883 2215//4883 2257//4883
f 2216//4884 2141//4884 2258//4884
f 2217//4885 2237//4885 2259//4885
f 2166//4886 2217//4886 2259//4886
f 2258//4887 2141//4887 2194//4887
f 2260//4888 2218//4888 2167//4888
f 2261//4889 2198//4794 2144//4793
f 2111//4890 2146//4890 2239//4890
f 2171//4891 2222//4891 2203//4891
f 2173//4892 2204//4892 2262//4892
f 2204//4893 2175//4893 2263//4893
f 2149//4894 2225//4894 2264//4894
f 2150//4895 2264//4895 2206//4895
f 2264//4896 2150//4896 2149//4896
f 2242//4897 2178//4897 2085//4897
f 2085//4898 2084//4899 2242//4900
f 2084//4899 2265//4901 2242//4900
f 2047//4619 2226//4902 2207//4764
f 2084//4903 2115//4903 2265//4903
f 2115//4904 2243//4904 2265//4904
f 2227//4905 2180//4905 2266//4905
f 2244//4906 2227//4906 2266//4906
f 2117//4907 2246//4907 2267//4907
f 2152//4908 2244//4908 2245//4908
f 2153//4909 2245//4909 2268//4909
f 2182//4910 2153//4910 2268//4910
f 2053//4911 2119//4911 2247//4911
f 2247//4912 2119//4912 2269//4912
f 2269//4913 2119//4913 2120//4913
f 2154//4820 2248//4914 2228//4821
f 2229//4915 2056//4915 2057//4915
f 2229//4916 2057//4916 2250//4916
f 2270//4917 2090//4917 2123//4917
f 2271//4918 2183//4918 2231//4918
f 2271//4919 2231//4919 2272//4919
f 2272//4920 2231//4920 2232//4920
f 2253//4921 2273//4921 2274//4921
f 2274//4922 2232//4922 2253//4922
f 2188//4923 2252//4923 2275//4923
f 2211//4924 2188//4924 2275//4924
f 2254//4925 2276//4925 2277//4925
f 2254//4926 2277//4926 2234//4926
f 2277//4927 2256//4927 2234//4927
f 2278//4928 2236//4928 2279//4928
f 2236//4929 2101//4929 2279//4929
f 2101//4930 2098//4930 2279//4930
f 2280//4931 2235//4931 2256//4931
f 2135//4932 2213//4932 2278//4932
f 2236//4933 2278//4933 2213//4933
f 2214//4934 2235//4934 2281//4934
f 2282//4935 2161//4935 2281//4935
f 2161//4936 2214//4936 2281//4936
f 2282//4937 2192//4937 2161//4937
f 2283//4938 2192//4938 2282//4938
f 2192//4939 2283//4939 2193//4939
f 2071//4940 2163//4940 2284//4940
f 2285//4941 2164//4942 2193//4943
f 2285//4941 2237//4944 2164//4942
f 2166//4945 2286//4945 2195//4945
f 2195//4946 2287//4946 2167//4946
f 2167//4947 2287//4947 2260//4947
f 2143//4948 2197//4949 2288//4950
f 2144//4951 2289//4951 2261//4951
f 2289//4952 2144//4952 2219//4952
f 2042//4953 2220//4953 2290//4953
f 2042//4954 2290//4954 2199//4954
f 2170//4955 2291//4955 2169//4955
f 2170//4956 2201//4956 2292//4956
f 2293//4957 2222//4957 2239//4957
f 2223//4958 2292//4958 2201//4958
f 2172//4959 2294//4959 2223//4959
f 2294//4960 2172//4960 2202//4960
f 2295//4961 2202//4961 2173//4961
f 2203//4962 2296//4962 2224//4962
f 2296//4963 2240//4963 2224//4963
f 2204//4964 2263//4964 2262//4964
f 2297//4965 2205//4966 2240//4967
f 2205//4966 2297//4965 2225//4968
f 2175//4969 2174//4969 2298//4969
f 2241//4970 2299//4970 2176//4970
f 2208//4971 2207//4971 2300//4971
f 2301//4972 2180//4972 2208//4972
f 2301//4973 2266//4973 2180//4973
f 2266//4974 2301//4974 2302//4974
f 2267//4975 2181//4975 2117//4975
f 2303//4976 2244//4976 2266//4976
f 2304//4977 2244//4977 2303//4977
f 2245//4978 2244//4978 2304//4978
f 2304//4979 2305//4979 2245//4979
f 2268//4980 2245//4980 2305//4980
f 2120//4981 2155//4981 2306//4981
f 2155//4982 2229//4982 2306//4982
f 2090//4983 2270//4983 2250//4983
f 2271//4984 2123//4984 2183//4984
f 2230//4985 2251//4985 2124//4985
f 2307//4986 2308//4986 2309//4986
f 2274//4987 2272//4987 2232//4987
f 2308//4988 2307//4988 2273//4988
f 2274//4989 2273//4989 2307//4989
f 2273//4990 2310//4990 2308//4990
f 2310//4991 2273//4991 2253//4991
f 2310//4992 2253//4992 2233//4992
f 2275//4993 2252//4993 2251//4993
f 2311//4994 2233//4994 2189//4994
f 2312//4995 2313//4995 2314//4995
f 2315//4996 2098//4996 2212//4996
f 2311//4997 2189//4997 2257//4997
f 2276//4998 2316//4998 2277//4998
f 2278//4999 2255//4999 2135//4999
f 2315//5000 2278//5000 2098//5000
f 2098//5001 2278//5001 2279//5001
f 2215//5002 2071//5002 2317//5002
f 2071//5003 2284//5003 2317//5003
f 2193//5004 2283//5004 2285//5004
f 2284//5005 2163//5005 2216//5005
f 2166//5006 2259//5006 2286//5006
f 2195//5007 2286//5007 2287//5007
f 2238//5008 2143//5008 2318//5008
f 2260//5009 2319//5009 2218//5009
f 2319//5010 2196//5010 2218//5010
f 2145//5011 2320//5011 2220//5011
f 2145//5012 2198//5012 2320//5012
f 2197//5013 2221//5013 2321//5013
f 2322//5014 2200//5015 2199//5016
f 2170//5017 2292//5017 2291//5017
f 2293//5018 2323//5018 2222//5018
f 2222//5019 2323//5019 2203//5019
f 2202//5020 2324//5020 2294//5020
f 2296//5021 2203//5021 2323//5021
f 2173//5022 2262//5022 2295//5022
f 2175//5023 2298//5023 2263//5023
f 2177//5024 2325//5025 2174//5026
f 2174//5026 2325//5025 2298//5027
f 2177//5028 2176//5028 2325//5028
f 2176//5029 2299//5029 2325//5029
f 2206//5030 2326//5030 2241//5030
f 2327//5031 2243//5031 2181//5031
f 2303//5032 2266//5032 2302//5032
f 2181//5033 2267//5033 2327//5033
f 2328//5034 2304//5034 2303//5034
f 2328//5035 2329//5035 2304//5035
f 2330//5036 2305//5036 2304//5036
f 2329//5037 2330//5037 2304//5037
f 2305//5038 2330//5038 2268//5038
f 2268//5039 2331//5039 2182//5039
f 2331//5040 2332//5041 2182//5042
f 2332//5041 2333//5043 2182//5042
f 2182//5044 2333//5044 2209//5044
f 2334//5045 2209//5045 2333//5045
f 2209//4862 2334//5046 2248//4863
f 2269//5047 2120//5047 2306//5047
f 2309//5048 2335//5048 2336//5048
f 2309//5049 2336//5049 2307//5049
f 2335//5050 2309//5050 2308//5050
f 2307//5051 2337//5051 2274//5051
f 2337//5052 2272//5052 2274//5052
f 2310//5053 2338//5053 2308//5053
f 2339//5054 2338//5054 2310//5054
f 2310//5055 2233//5055 2339//5055
f 2251//5056 2340//5056 2275//5056
f 2341//5057 2211//5057 2340//5057
f 2211//5058 2275//5058 2340//5058
f 2254//5059 2341//5059 2276//5059
f 2276//5060 2341//5060 2316//5060
f 2255//5061 2341//5061 2254//5061
f 2255//5062 2211//5062 2341//5062
f 2211//5063 2255//5063 2212//5063
f 2278//5064 2315//5064 2255//5064
f 2315//5065 2212//5065 2255//5065
f 2277//5066 2316//5066 2280//5066
f 2277//5067 2280//5067 2256//5067
f 2342//5068 2215//5068 2317//5068
f 2343//5069 2237//5069 2285//5069
f 2216//5070 2258//5070 2344//5070
f 2259//5071 2237//5071 2345//5071
f 2258//5072 2194//5072 2346//5072
f 2194//5073 2238//5073 2346//5073
f 2346//5074 2238//5074 2318//5074
f 2143//4948 2288//4950 2318//5075
f 2196//5076 2319//5076 2219//5076
f 2320//5077 2261//5077 2289//5077
f 2320//5078 2198//4794 2261//4889
f 2290//5079 2347//5079 2199//5079
f 2200//5080 2322//5080 2348//5080
f 2348//5081 2146//5081 2200//5081
f 2349//5082 2168//5082 2169//5082
f 2348//5083 2239//5083 2146//5083
f 2169//5084 2291//5084 2349//5084
f 2291//5085 2292//5085 2350//5085
f 2223//5086 2351//5087 2292//5088
f 2292//5089 2351//5089 2352//5089
f 2223//5086 2294//5090 2351//5087
f 2202//5091 2295//5091 2324//5091
f 2263//5092 2298//5092 2353//5092
f 2225//5093 2297//5093 2264//5093
f 2241//5094 2326//5094 2299//5094
f 2206//5095 2264//5095 2326//5095
f 2242//5096 2265//5096 2354//5096
f 2355//5097 2179//5097 2242//5097
f 2207//5098 2226//5098 2356//5098
f 2207//5099 2356//5099 2300//5099
f 2300//5100 2357//5100 2208//5100
f 2301//5101 2208//5101 2357//5101
f 2357//5102 2358//5102 2301//5102
f 2302//5103 2301//5103 2358//5103
f 2359//5104 2302//5104 2358//5104
f 2360//5105 2243//5105 2327//5105
f 2361//5106 2303//5106 2302//5106
f 2328//5107 2303//5107 2361//5107
f 2362//5108 2329//5108 2328//5108
f 2363//5109 2362//5109 2328//5109
f 2330//5110 2329//5110 2364//5110
f 2365//5111 2364//5111 2329//5111
f 2362//5112 2365//5112 2329//5112
f 2364//5113 2268//5113 2330//5113
f 2364//5114 2331//5114 2268//5114
f 2248//5115 2366//5115 2228//5115
f 2228//5116 2366//5116 2249//5116
f 2367//5117 2249//5117 2366//5117
f 2249//5118 2367//5118 2230//5118
f 2336//5119 2368//5119 2307//5119
f 2369//5120 2335//5120 2370//5120
f 2369//5121 2336//5121 2335//5121
f 2271//5122 2272//5122 2371//5122
f 2251//5123 2230//5123 2372//5123
f 2308//5124 2338//5124 2335//5124
f 2335//5125 2338//5125 2373//5125
f 2272//5126 2337//5126 2371//5126
f 2233//5127 2311//5127 2339//5127
f 2316//5128 2374//5128 2280//5128
f 2311//5129 2257//5129 2215//5129
f 2235//5130 2280//5130 2375//5130
f 2281//5131 2235//5131 2375//5131
f 2281//5132 2376//5132 2282//5132
f 2377//5133 2283//5134 2282//5135
f 2237//5136 2343//5136 2345//5136
f 2286//5137 2259//5137 2378//5137
f 2379//5138 2319//5138 2260//5138
f 2288//5139 2380//5139 2318//5139
f 2289//5140 2381//5140 2320//5140
f 2197//5141 2321//5141 2288//5141
f 2199//5016 2347//5142 2322//5014
f 2239//5143 2348//5143 2293//5143
f 2348//5144 2382//5144 2293//5144
f 2350//5145 2383//5145 2291//5145
f 2352//5146 2350//5146 2292//5146
f 2293//5147 2382//5147 2323//5147
f 2323//5148 2384//5148 2296//5148
f 2385//5149 2295//5149 2262//5149
f 2263//5150 2385//5150 2262//5150
f 2298//5151 2386//5151 2353//5151
f 2300//5152 2356//5152 2387//5152
f 2357//5153 2300//5153 2387//5153
f 2243//5154 2388//5154 2265//5154
f 2388//5155 2243//5155 2360//5155
f 2389//5156 2328//5156 2361//5156
f 2363//5157 2328//5158 2389//5157
f 2267//5159 2246//5159 2390//5159
f 2391//5160 2362//5160 2363//5160
f 2391//5161 2365//5161 2362//5161
f 2364//5162 2365//5162 2392//5162
f 2364//5163 2393//5163 2331//5163
f 2392//5164 2393//5164 2364//5164
f 2331//5165 2393//5165 2332//5165
f 2333//5166 2394//5166 2334//5166
f 2247//5167 2269//5167 2395//5167
f 2395//5168 2269//5168 2396//5168
f 2269//5169 2306//5169 2396//5169
f 2334//5170 2366//5171 2248//5172
f 2397//5173 2306//5173 2229//5173
f 2250//5174 2397//5175 2229//5176
f 2230//5177 2367//5177 2372//5177
f 2270//5178 2123//5178 2398//5178
f 2271//5179 2398//5179 2123//5179
f 2336//5180 2399//5180 2400//5180
f 2400//5181 2368//5181 2336//5181
f 2399//5182 2336//5182 2369//5182
f 2307//5183 2368//5183 2337//5183
f 2251//5184 2372//5184 2401//5184
f 2373//5185 2370//5185 2335//5185
f 2337//5186 2402//5186 2371//5186
f 2403//5187 2251//5187 2401//5187
f 2251//5188 2403//5188 2340//5188
f 2340//5189 2403//5189 2341//5189
f 2341//5190 2403//5190 2404//5190
f 2404//5191 2405//5191 2316//5191
f 2341//5192 2404//5192 2316//5192
f 2280//5193 2374//5193 2406//5193
f 2405//5194 2374//5194 2316//5194
f 2282//5195 2376//5195 2377//5195
f 2283//5134 2377//5133 2407//5196
f 2407//5197 2285//5197 2283//5197
f 2317//5198 2284//5199 2408//5200
f 2258//5201 2346//5201 2344//5201
f 2378//5202 2409//5202 2286//5202
f 2287//5203 2286//5203 2409//5203
f 2410//5204 2260//5204 2287//5204
f 2220//5205 2320//5205 2381//5205
f 2289//5206 2411//5206 2381//5206
f 2290//5207 2220//5207 2381//5207
f 2221//5208 2168//5209 2412//5210
f 2412//5211 2168//5211 2349//5211
f 2349//5212 2291//5212 2383//5212
f 2413//5213 2350//5213 2352//5213
f 2323//5214 2382//5214 2384//5214
f 2384//5215 2414//5215 2296//5215
f 2296//5216 2414//5216 2240//5216
f 2385//5217 2263//5217 2353//5217
f 2297//5218 2414//5218 2415//5218
f 2240//5219 2414//5219 2297//5219
f 2325//5220 2416//5220 2298//5220
f 2298//5221 2416//5221 2386//5221
f 2326//5222 2417//5222 2299//5222
f 2418//5223 2326//5223 2264//5223
f 2265//5224 2419//5224 2354//5224
f 2242//5225 2354//5225 2420//5225
f 2357//5226 2387//5226 2421//5226
f 2358//5227 2357//5227 2421//5227
f 2265//5228 2388//5228 2419//5228
f 2422//5229 2302//5229 2359//5229
f 2422//5230 2361//5230 2302//5230
f 2422//5231 2389//5231 2361//5231
f 2267//5232 2423//5232 2327//5232
f 2424//5233 2363//5157 2389//5157
f 2424//5234 2391//5234 2363//5234
f 2390//5235 2246//5235 2425//5235
f 2365//5236 2391//5236 2426//5236
f 2392//5237 2365//5237 2427//5237
f 2426//5238 2427//5238 2365//5238
f 2246//5239 2247//5239 2425//5239
f 2393//5240 2392//5241 2428//5242
f 2428//5242 2392//5241 2429//5243
f 2427//5244 2429//5244 2392//5244
f 2393//5245 2430//5245 2332//5245
f 2333//5246 2332//5246 2430//5246
f 2366//5171 2334//5170 2394//5247
f 2368//5248 2400//5248 2431//5248
f 2368//5249 2431//5249 2432//5249
f 2368//5250 2432//5250 2337//5250
f 2370//5251 2433//5251 2369//5251
f 2337//5252 2432//5252 2402//5252
f 2271//5253 2371//5253 2434//5253
f 2434//5254 2371//5254 2402//5254
f 2338//5255 2435//5255 2436//5255
f 2339//5256 2435//5256 2338//5256
f 2403//5257 2401//5257 2437//5257
f 2404//5258 2438//5258 2405//5258
f 2438//5259 2374//5259 2405//5259
f 2311//5260 2215//5260 2439//5260
f 2439//5261 2215//5261 2342//5261
f 2342//5262 2317//5262 2440//5262
f 2285//5263 2407//5263 2441//5263
f 2343//5264 2285//5264 2441//5264
f 2344//5265 2442//5265 2216//5265
f 2442//5266 2284//5266 2216//5266
f 2345//5267 2343//5267 2443//5267
f 2287//5268 2409//5268 2410//5268
f 2346//5269 2318//5269 2444//5269
f 2318//5270 2380//5270 2444//5270
f 2319//5271 2379//5271 2445//5271
f 2446//5272 2219//5272 2319//5272
f 2446//5273 2319//5273 2445//5273
f 2380//5274 2288//5274 2447//5274
f 2289//5275 2446//5275 2411//5275
f 2446//5276 2289//5276 2219//5276
f 2321//5277 2447//5277 2288//5277
f 2321//5278 2221//5278 2448//5278
f 2448//5279 2221//5208 2412//5210
f 2449//5280 2348//5280 2322//5280
f 2383//5281 2450//5281 2451//5281
f 2450//5282 2383//5282 2350//5282
f 2350//5283 2413//5283 2450//5283
f 2294//5284 2452//5284 2351//5284
f 2294//5285 2453//5285 2452//5285
f 2324//5286 2453//5286 2294//5286
f 2454//5287 2453//5287 2324//5287
f 2324//5288 2295//5288 2454//5288
f 2454//5289 2295//5289 2385//5289
f 2353//5290 2386//5290 2455//5290
f 2415//5291 2456//5291 2297//5291
f 2299//5292 2416//5292 2325//5292
f 2299//5293 2417//5293 2416//5293
f 2456//5294 2418//5294 2264//5294
f 2297//5295 2456//5295 2264//5295
f 2420//5296 2354//5296 2419//5296
f 2359//5297 2358//5297 2421//5297
f 2359//5298 2421//5298 2457//5298
f 2457//5299 2458//5299 2359//5299
f 2458//5300 2422//5300 2359//5300
f 2327//5301 2423//5301 2360//5301
f 2459//5302 2389//5302 2422//5302
f 2460//5303 2389//5303 2459//5303
f 2460//5304 2424//5304 2389//5304
f 2461//5305 2424//5305 2460//5305
f 2390//5306 2423//5306 2267//5306
f 2462//5307 2391//5307 2424//5307
f 2461//5308 2462//5309 2424//5310
f 2462//5311 2463//5311 2391//5311
f 2463//5312 2426//5312 2391//5312
f 2426//5313 2464//5313 2427//5313
f 2463//5314 2464//5315 2426//5316
f 2465//5317 2428//5317 2429//5317
f 2427//5318 2465//5318 2429//5318
f 2466//5319 2465//5319 2427//5319
f 2464//5320 2466//5320 2427//5320
f 2425//5321 2247//5321 2395//5321
f 2467//5322 2468//5322 2469//5322
f 2467//5323 2470//5323 2468//5323
f 2394//5324 2471//5324 2366//5324
f 2472//5325 2397//5175 2250//5174
f 2472//5326 2250//5326 2270//5326
f 2367//5327 2473//5327 2372//5327
f 2398//5328 2271//5328 2474//5328
f 2400//5329 2399//5329 2475//5329
f 2474//5330 2271//5330 2434//5330
f 2369//5331 2476//5331 2399//5331
f 2434//5332 2432//5332 2474//5332
f 2369//5333 2433//5333 2476//5333
f 2402//5334 2432//5334 2434//5334
f 2372//5335 2477//5335 2401//5335
f 2373//5336 2478//5336 2370//5336
f 2338//5337 2479//5337 2373//5337
f 2479//5338 2338//5339 2436//5340
f 2401//5341 2477//5341 2480//5341
f 2435//5342 2339//5342 2439//5342
f 2401//5343 2481//5343 2482//5343
f 2482//5344 2437//5344 2401//5344
f 2483//5345 2403//5345 2437//5345
f 2311//5346 2439//5346 2339//5346
f 2404//5347 2403//5347 2484//5347
f 2485//5348 2406//5348 2374//5348
f 2485//5349 2374//5349 2438//5349
f 2404//5350 2486//5350 2438//5350
f 2487//5351 2280//5351 2406//5351
f 2280//5352 2487//5352 2375//5352
f 2375//5353 2488//5353 2281//5353
f 2440//5354 2317//5198 2408//5200
f 2407//5355 2377//5355 2489//5355
f 2408//5200 2284//5199 2490//5356
f 2345//5357 2491//5358 2259//5359
f 2259//5359 2491//5358 2378//5360
f 2344//5361 2346//5361 2492//5361
f 2346//5362 2444//5362 2493//5362
f 2290//5363 2381//5363 2494//5363
f 2347//5364 2290//5364 2495//5364
f 2347//5365 2495//5365 2322//5365
f 2451//5366 2349//5366 2383//5366
f 2496//5367 2382//5367 2348//5367
f 2352//5368 2497//5368 2413//5368
f 2351//5369 2497//5369 2352//5369
f 2498//5370 2414//5370 2384//5370
f 2385//5371 2353//5371 2455//5371
f 2499//5372 2455//5373 2386//5374
f 2499//5375 2386//5376 2500//5377
f 2416//5378 2500//5377 2386//5376
f 2418//5379 2417//5379 2326//5379
f 2387//5380 2356//5380 2501//5380
f 2421//5381 2387//5382 2501//5381
f 2242//5383 2420//5383 2355//5383
f 2226//5384 2179//5384 2502//5384
f 2226//5385 2502//5385 2356//5385
f 2503//5386 2458//5386 2457//5386
f 2458//5387 2504//5387 2422//5387
f 2504//5388 2459//5388 2422//5388
f 2460//5389 2505//5389 2461//5389
f 2461//5390 2505//5390 2506//5390
f 2390//5391 2507//5391 2423//5391
f 2508//5392 2462//5309 2461//5308
f 2506//5393 2508//5393 2461//5393
f 2390//5394 2425//5394 2507//5394
f 2508//5395 2463//5395 2462//5395
f 2509//5396 2463//5396 2508//5396
f 2510//5397 2469//5398 2511//5399
f 2393//5400 2512//5400 2430//5400
f 2512//5401 2393//5401 2428//5401
f 2512//5402 2513//5402 2430//5402
f 2514//5403 2512//5403 2428//5403
f 2463//5314 2515//5404 2464//5315
f 2515//5405 2463//5405 2509//5405
f 2510//5397 2467//5406 2469//5398
f 2516//5407 2467//5407 2510//5407
f 2517//5408 2467//5408 2516//5408
f 2515//5409 2466//5409 2464//5409
f 2518//5410 2467//5410 2517//5410
f 2430//5411 2394//5411 2333//5411
f 2469//5412 2519//5412 2520//5412
f 2521//5413 2522//5413 2519//5413
f 2469//5414 2468//5414 2519//5414
f 2468//5415 2521//5415 2519//5415
f 2518//5416 2523//5416 2467//5416
f 2523//5417 2470//5417 2467//5417
f 2470//5418 2524//5418 2468//5418
f 2521//5419 2468//5419 2524//5419
f 2525//5420 2524//5420 2470//5420
f 2306//5421 2397//5421 2396//5421
f 2367//5422 2366//5422 2471//5422
f 2473//5423 2367//5423 2471//5423
f 2526//5424 2270//5424 2398//5424
f 2400//5425 2475//5425 2431//5425
f 2475//5426 2399//5426 2527//5426
f 2399//5427 2476//5427 2527//5427
f 2431//5428 2528//5428 2432//5428
f 2528//5429 2474//5429 2432//5429
f 2478//5430 2373//5430 2479//5430
f 2480//5431 2481//5431 2401//5431
f 2483//5432 2484//5432 2403//5432
f 2485//5433 2438//5433 2529//5433
f 2484//5434 2530//5434 2404//5434
f 2530//5435 2486//5435 2404//5435
f 2439//5436 2342//5436 2531//5436
f 2376//5437 2281//5437 2488//5437
f 2532//5438 2377//5438 2376//5438
f 2342//5439 2440//5439 2531//5439
f 2441//5440 2533//5440 2343//5440
f 2491//5358 2345//5357 2443//5441
f 2346//5442 2493//5442 2492//5442
f 2260//5443 2410//5443 2379//5443
f 2381//5444 2411//5444 2534//5444
f 2411//5445 2446//5445 2534//5445
f 2495//5446 2290//5446 2494//5446
f 2447//5447 2321//5447 2448//5447
f 2348//5448 2449//5448 2496//5448
f 2412//5449 2349//5449 2535//5449
f 2349//5450 2451//5450 2535//5450
f 2382//5451 2536//5451 2384//5451
f 2351//5452 2452//5452 2497//5452
f 2454//5453 2385//5453 2537//5453
f 2414//5454 2538//5454 2415//5454
f 2455//5373 2499//5372 2539//5455
f 2500//5456 2416//5456 2540//5456
f 2416//5457 2417//5457 2540//5457
f 2540//5458 2417//5458 2541//5458
f 2418//5459 2541//5459 2417//5459
f 2502//5460 2542//5460 2356//5460
f 2356//5461 2542//5461 2501//5461
f 2179//5462 2355//5462 2502//5462
f 2503//5463 2504//5463 2458//5463
f 2419//5464 2388//5464 2543//5464
f 2360//5465 2543//5465 2388//5465
f 2459//5466 2544//5466 2460//5466
f 2505//5467 2460//5467 2544//5467
f 2506//5468 2505//5469 2545//5470
f 2545//5471 2508//5471 2506//5471
f 2546//5472 2508//5472 2545//5472
f 2547//5473 2511//5473 2548//5473
f 2549//5474 2511//5474 2547//5474
f 2550//5475 2516//5475 2549//5475
f 2507//5476 2425//5476 2551//5476
f 2546//5477 2509//5477 2508//5477
f 2511//5478 2552//5478 2548//5478
f 2511//5479 2549//5479 2510//5479
f 2516//5480 2510//5480 2549//5480
f 2546//5481 2553//5481 2509//5481
f 2511//5482 2469//5482 2552//5482
f 2520//5483 2554//5483 2552//5483
f 2469//5484 2520//5484 2552//5484
f 2517//5485 2516//5485 2555//5485
f 2518//5486 2517//5486 2555//5486
f 2513//5487 2512//5487 2556//5487
f 2515//5488 2509//5489 2557//5490
f 2557//5490 2509//5489 2553//5491
f 2558//5492 2430//5492 2513//5492
f 2430//5493 2558//5494 2394//5495
f 2465//5496 2514//5496 2428//5496
f 2465//5497 2559//5497 2514//5497
f 2465//5498 2466//5498 2560//5498
f 2559//5499 2465//5499 2560//5499
f 2466//5500 2515//5500 2560//5500
f 2561//5501 2560//5502 2515//5503
f 2557//5504 2561//5504 2515//5504
f 2519//5505 2562//5505 2520//5505
f 2425//5506 2395//5506 2563//5506
f 2558//5494 2564//5507 2394//5495
f 2519//5508 2522//5508 2562//5508
f 2518//5509 2565//5509 2523//5509
f 2523//5510 2525//5510 2470//5510
f 2565//5511 2525//5511 2523//5511
f 2522//5512 2521//5512 2566//5512
f 2524//5513 2566//5513 2521//5513
f 2565//5514 2567//5514 2525//5514
f 2568//5515 2524//5516 2525//5517
f 2568//5518 2525//5518 2567//5518
f 2397//5519 2569//5519 2396//5519
f 2568//5515 2570//5520 2524//5516
f 2472//5521 2270//5521 2526//5521
f 2370//5522 2478//5522 2433//5522
f 2483//5523 2571//5523 2484//5523
f 2480//5524 2572//5524 2481//5524
f 2437//5525 2482//5525 2573//5525
f 2573//5526 2483//5526 2437//5526
f 2485//5527 2529//5527 2406//5527
f 2438//5528 2486//5528 2574//5528
f 2438//5529 2574//5529 2529//5529
f 2530//5530 2575//5530 2574//5530
f 2530//5531 2574//5531 2486//5531
f 2576//5532 2439//5532 2531//5532
f 2377//5533 2532//5533 2489//5533
f 2440//5354 2408//5200 2490//5356
f 2407//5534 2489//5534 2577//5534
f 2441//5535 2407//5535 2577//5535
f 2490//5536 2284//5536 2442//5536
f 2443//5537 2343//5537 2533//5537
f 2442//5538 2344//5539 2578//5540
f 2344//5541 2492//5541 2578//5541
f 2378//5542 2491//5542 2409//5542
f 2379//5543 2410//5543 2579//5543
f 2379//5544 2579//5544 2445//5544
f 2444//5545 2380//5545 2447//5545
f 2446//5546 2580//5546 2534//5546
f 2381//5547 2581//5547 2494//5547
f 2581//5548 2381//5548 2534//5548
f 2322//5549 2495//5549 2449//5549
f 2536//5550 2382//5550 2496//5550
f 2582//5551 2451//5551 2450//5551
f 2452//5552 2583//5552 2584//5552
f 2536//5553 2585//5553 2384//5553
f 2585//5554 2498//5554 2384//5554
f 2453//5555 2454//5555 2586//5555
f 2537//5556 2385//5556 2587//5556
f 2385//5557 2539//5557 2587//5557
f 2498//5558 2538//5558 2414//5558
f 2539//5559 2385//5559 2455//5559
f 2588//5560 2499//5560 2500//5560
f 2541//5561 2418//5561 2589//5561
f 2589//5562 2418//5562 2456//5562
f 2538//5563 2589//5563 2456//5563
f 2415//5564 2538//5564 2456//5564
f 2590//5381 2421//5381 2501//5381
f 2421//5565 2590//5565 2457//5565
f 2457//5566 2590//5566 2591//5566
f 2355//5567 2420//5567 2592//5567
f 2591//5568 2503//5568 2457//5568
f 2593//5569 2420//5569 2419//5569
f 2503//5570 2594//5570 2504//5570
f 2504//5571 2594//5571 2459//5571
f 2459//5572 2594//5572 2595//5572
f 2595//5573 2544//5573 2459//5573
f 2360//5574 2423//5574 2596//5574
f 2543//5575 2360//5575 2596//5575
f 2597//5576 2505//5576 2544//5576
f 2547//5577 2598//5577 2599//5577
f 2549//5578 2600//5578 2550//5578
f 2423//5579 2507//5579 2596//5579
f 2545//5470 2505//5469 2601//5580
f 2598//5581 2548//5581 2601//5581
f 2548//5582 2545//5582 2601//5582
f 2547//5583 2548//5583 2598//5583
f 2548//5584 2546//5584 2545//5584
f 2548//5585 2552//5585 2546//5585
f 2516//5586 2550//5586 2555//5586
f 2552//5587 2553//5587 2546//5587
f 2602//5588 2553//5588 2552//5588
f 2603//5589 2602//5589 2552//5589
f 2554//5590 2603//5590 2552//5590
f 2518//5591 2555//5591 2604//5591
f 2557//5592 2553//5592 2561//5592
f 2605//5593 2561//5593 2553//5593
f 2558//5594 2513//5594 2556//5594
f 2512//5595 2606//5595 2556//5595
f 2514//5596 2606//5596 2512//5596
f 2554//5597 2520//5597 2562//5597
f 2518//5598 2604//5598 2607//5598
f 2514//5599 2608//5599 2606//5599
f 2609//5600 2608//5600 2514//5600
f 2559//5601 2609//5601 2514//5601
f 2610//5602 2560//5502 2561//5501
f 2560//5603 2611//5603 2559//5603
f 2610//5604 2611//5604 2560//5604
f 2565//5605 2518//5605 2607//5605
f 2396//5606 2563//5606 2395//5606
f 2564//5607 2612//5607 2394//5607
f 2522//5608 2566//5608 2613//5608
f 2569//5609 2563//5609 2396//5609
f 2566//5610 2614//5610 2613//5610
f 2394//5611 2612//5611 2471//5611
f 2615//5612 2570//5612 2568//5612
f 2397//5613 2616//5613 2569//5613
f 2472//5614 2616//5614 2397//5614
f 2372//5615 2473//5615 2477//5615
f 2431//5616 2475//5616 2617//5616
f 2618//5617 2475//5617 2527//5617
f 2528//5618 2431//5618 2619//5618
f 2431//5619 2617//5619 2619//5619
f 2619//5620 2474//5620 2528//5620
f 2476//5621 2620//5621 2527//5621
f 2480//5622 2477//5622 2621//5622
f 2476//5623 2433//5623 2620//5623
f 2622//5624 2484//5624 2571//5624
f 2572//5625 2623//5625 2481//5625
f 2623//5626 2482//5626 2481//5626
f 2529//5627 2574//5627 2624//5627
f 2484//5628 2575//5628 2530//5628
f 2625//5629 2487//5629 2406//5629
f 2625//5630 2626//5630 2487//5630
f 2487//5631 2626//5632 2627//5633
f 2627//5634 2375//5634 2487//5634
f 2488//5635 2375//5635 2627//5635
f 2628//5636 2376//5636 2488//5636
f 2376//5637 2628//5637 2532//5637
f 2441//5638 2577//5638 2629//5638
f 2442//5639 2630//5639 2490//5639
f 2533//5640 2441//5640 2629//5640
f 2443//5641 2533//5641 2631//5641
f 2578//5540 2630//5642 2442//5538
f 2632//5643 2410//5643 2633//5643
f 2633//5644 2410//5644 2409//5644
f 2493//5645 2444//5645 2634//5645
f 2635//5646 2634//5646 2444//5646
f 2444//5647 2447//5647 2635//5647
f 2635//5648 2447//5648 2636//5648
f 2448//5649 2636//5649 2447//5649
f 2448//5650 2412//5650 2637//5650
f 2637//5651 2412//5651 2638//5651
f 2496//5652 2449//5652 2639//5652
f 2496//5653 2639//5653 2640//5653
f 2496//5654 2640//5654 2536//5654
f 2535//5655 2451//5655 2582//5655
f 2641//5656 2450//5656 2413//5656
f 2413//5657 2497//5657 2641//5657
f 2585//5658 2536//5658 2642//5658
f 2452//5659 2584//5659 2497//5659
f 2453//5660 2583//5660 2452//5660
f 2453//5661 2586//5661 2643//5661
f 2586//5662 2454//5662 2537//5662
f 2538//5663 2498//5663 2644//5663
f 2645//5664 2588//5664 2500//5664
f 2646//5665 2500//5665 2540//5665
f 2541//5666 2646//5666 2540//5666
f 2589//5667 2646//5667 2541//5667
f 2502//5668 2355//5668 2647//5668
f 2355//5669 2592//5669 2647//5669
f 2503//5670 2591//5670 2648//5670
f 2503//5671 2648//5671 2594//5671
f 2419//5672 2543//5672 2593//5672
f 2597//5673 2544//5673 2649//5673
f 2601//5674 2505//5674 2597//5674
f 2650//5675 2601//5675 2597//5675
f 2598//5676 2601//5676 2650//5676
f 2599//5677 2598//5677 2650//5677
f 2547//5678 2599//5678 2600//5678
f 2549//5679 2547//5679 2600//5679
f 2553//5680 2602//5680 2605//5680
f 2563//5681 2551//5681 2425//5681
f 2558//5682 2556//5682 2651//5682
f 2652//5683 2605//5683 2602//5683
f 2605//5684 2653//5684 2561//5684
f 2554//5685 2562//5685 2603//5685
f 2610//5686 2561//5686 2653//5686
f 2654//5687 2603//5687 2562//5687
f 2609//5688 2559//5688 2611//5688
f 2562//5689 2522//5689 2654//5689
f 2654//5690 2522//5690 2613//5690
f 2565//5691 2607//5691 2655//5691
f 2565//5692 2655//5692 2567//5692
f 2567//5693 2655//5693 2656//5693
f 2614//5694 2566//5694 2657//5694
f 2524//5695 2657//5695 2566//5695
f 2656//5696 2568//5696 2567//5696
f 2570//5697 2657//5697 2524//5697
f 2570//5698 2615//5698 2658//5698
f 2656//5699 2615//5699 2568//5699
f 2659//5700 2658//5700 2615//5700
f 2656//5701 2659//5701 2615//5701
f 2616//5702 2472//5703 2526//5704
f 2398//5705 2660//5705 2526//5705
f 2661//5706 2477//5706 2473//5706
f 2661//5707 2621//5707 2477//5707
f 2662//5708 2663//5708 2664//5708
f 2665//5709 2664//5709 2663//5709
f 2664//5710 2618//5710 2666//5710
f 2618//5711 2664//5711 2475//5711
f 2665//5712 2475//5712 2664//5712
f 2617//5713 2475//5713 2667//5713
f 2398//5714 2474//5714 2668//5714
f 2527//5715 2669//5715 2667//5715
f 2527//5716 2667//5716 2618//5716
f 2667//5717 2669//5717 2617//5717
f 2619//5718 2617//5718 2670//5718
f 2668//5719 2474//5719 2619//5719
f 2671//5720 2527//5720 2620//5720
f 2669//5721 2527//5721 2671//5721
f 2672//5722 2668//5722 2619//5722
f 2620//5723 2433//5723 2673//5723
f 2433//5724 2674//5724 2673//5724
f 2478//5725 2674//5725 2433//5725
f 2478//5726 2479//5726 2674//5726
f 2572//5727 2480//5727 2675//5727
f 2483//5728 2573//5728 2676//5728
f 2676//5729 2571//5730 2483//5731
f 2677//5732 2435//5732 2678//5732
f 2482//5733 2679//5733 2573//5733
f 2529//5734 2624//5734 2625//5734
f 2622//5735 2680//5735 2484//5735
f 2680//5736 2681//5736 2484//5736
f 2678//5737 2435//5737 2439//5737
f 2572//5738 2675//5738 2682//5738
f 2623//5739 2572//5739 2682//5739
f 2529//5740 2625//5740 2406//5740
f 2574//5741 2683//5741 2624//5741
f 2484//5742 2681//5742 2575//5742
f 2681//5743 2683//5743 2575//5743
f 2574//5744 2575//5744 2683//5744
f 2531//5745 2684//5745 2576//5745
f 2627//5746 2685//5747 2488//5747
f 2685//5747 2686//5748 2488//5747
f 2628//5749 2488//5749 2686//5749
f 2531//5750 2440//5750 2684//5750
f 2687//5751 2443//5751 2631//5751
f 2443//5752 2687//5752 2491//5752
f 2491//5753 2633//5753 2409//5753
f 2579//5754 2410//5755 2632//5756
f 2688//5757 2445//5757 2579//5757
f 2689//5758 2446//5758 2445//5758
f 2580//5759 2446//5759 2689//5759
f 2412//5760 2535//5760 2690//5760
f 2640//5761 2642//5761 2536//5761
f 2453//5762 2643//5762 2583//5762
f 2498//5763 2585//5764 2644//5765
f 2537//5766 2587//5766 2586//5766
f 2644//5767 2589//5767 2538//5767
f 2691//5768 2587//5768 2539//5768
f 2691//5769 2539//5769 2692//5769
f 2646//5770 2589//5770 2693//5770
f 2692//5771 2539//5771 2499//5771
f 2588//5772 2692//5772 2499//5772
f 2645//5773 2692//5774 2588//5775
f 2500//5776 2694//5776 2645//5776
f 2646//5777 2694//5777 2500//5777
f 2501//5778 2542//5778 2695//5778
f 2590//5779 2501//5779 2695//5779
f 2591//5780 2590//5780 2696//5780
f 2591//5781 2696//5781 2697//5781
f 2592//5782 2420//5782 2698//5782
f 2648//5783 2699//5783 2594//5783
f 2593//5784 2543//5784 2700//5784
f 2594//5785 2701//5785 2595//5785
f 2701//5786 2544//5786 2595//5786
f 2701//5787 2649//5787 2544//5787
f 2649//5788 2702//5789 2597//5790
f 2650//5791 2703//5791 2599//5791
f 2704//5792 2600//5792 2703//5792
f 2600//5793 2599//5793 2703//5793
f 2704//5794 2705//5794 2600//5794
f 2543//5795 2596//5795 2706//5795
f 2702//5789 2650//5796 2597//5790
f 2550//5797 2600//5797 2705//5797
f 2550//5798 2705//5798 2707//5798
f 2550//5799 2707//5799 2555//5799
f 2555//5800 2707//5801 2708//5801
f 2596//5802 2507//5802 2709//5802
f 2507//5803 2551//5803 2709//5803
f 2555//5800 2708//5801 2604//5804
f 2606//5805 2710//5805 2556//5805
f 2602//5806 2603//5806 2652//5806
f 2551//5807 2563//5807 2711//5807
f 2712//5808 2606//5809 2608//5810
f 2653//5811 2605//5811 2713//5811
f 2652//5812 2713//5812 2605//5812
f 2651//5813 2564//5813 2558//5813
f 2603//5814 2654//5814 2652//5814
f 2609//5815 2714//5815 2608//5815
f 2610//5816 2653//5816 2715//5816
f 2611//5817 2714//5817 2609//5817
f 2714//5818 2611//5818 2716//5818
f 2611//5819 2610//5819 2717//5819
f 2715//5820 2717//5820 2610//5820
f 2613//5821 2718//5822 2654//5823
f 2613//5824 2719//5825 2718//5826
f 2719//5825 2613//5824 2614//5827
f 2656//5828 2655//5828 2720//5828
f 2471//5829 2612//5829 2721//5829
f 2722//5830 2471//5830 2721//5830
f 2723//5831 2659//5831 2656//5831
f 2724//5832 2657//5832 2570//5832
f 2658//5833 2724//5833 2570//5833
f 2658//5834 2725//5834 2724//5834
f 2725//5835 2658//5835 2659//5835
f 2616//5702 2526//5704 2726//5836
f 2471//5837 2722//5837 2473//5837
f 2526//5838 2660//5838 2726//5838
f 2663//5839 2662//5839 2727//5839
f 2728//5840 2662//5840 2664//5840
f 2729//5841 2728//5841 2664//5841
f 2665//5842 2663//5842 2727//5842
f 2660//5843 2398//5844 2730//5845
f 2475//5846 2665//5846 2667//5846
f 2731//5847 2667//5847 2665//5847
f 2730//5845 2398//5844 2668//5848
f 2618//5849 2667//5849 2666//5849
f 2671//5850 2732//5850 2669//5850
f 2669//5851 2732//5851 2617//5851
f 2670//5852 2617//5852 2732//5852
f 2619//5853 2670//5853 2672//5853
f 2730//5854 2668//5854 2672//5854
f 2730//5855 2672//5855 2733//5855
f 2480//5856 2621//5856 2734//5856
f 2620//5857 2673//5857 2671//5857
f 2677//5858 2436//5858 2435//5858
f 2676//5729 2735//5859 2571//5730
f 2571//5860 2735//5860 2622//5860
f 2480//5861 2734//5861 2675//5861
f 2573//5862 2679//5862 2676//5862
f 2482//5863 2623//5863 2679//5863
f 2624//5864 2683//5864 2736//5864
f 2680//5865 2737//5865 2681//5865
f 2675//5866 2738//5866 2682//5866
f 2682//5867 2738//5867 2739//5867
f 2681//5868 2740//5868 2683//5868
f 2737//5869 2740//5869 2681//5869
f 2678//5870 2439//5870 2576//5870
f 2741//5871 2626//5871 2625//5871
f 2626//5872 2742//5872 2743//5872
f 2742//5873 2626//5873 2741//5873
f 2743//5874 2627//5633 2626//5632
f 2685//5875 2744//5875 2686//5875
f 2489//5876 2532//5876 2577//5876
f 2440//5877 2490//5877 2745//5877
f 2490//5878 2630//5878 2745//5878
f 2629//5879 2631//5879 2533//5879
f 2578//5880 2746//5880 2630//5880
f 2492//5881 2747//5881 2578//5881
f 2633//5882 2491//5882 2687//5882
f 2492//5883 2493//5883 2748//5883
f 2633//5884 2749//5884 2632//5884
f 2493//5885 2634//5885 2748//5885
f 2579//5754 2632//5756 2688//5886
f 2688//5887 2689//5887 2445//5887
f 2580//5888 2750//5888 2534//5888
f 2636//5889 2448//5889 2637//5889
f 2638//5890 2412//5890 2690//5890
f 2751//5891 2582//5891 2450//5891
f 2751//5892 2450//5892 2641//5892
f 2497//5893 2752//5893 2641//5893
f 2642//5894 2753//5894 2585//5894
f 2497//5895 2584//5895 2752//5895
f 2583//5896 2754//5896 2584//5896
f 2753//5897 2644//5765 2585//5764
f 2644//5898 2693//5898 2589//5898
f 2692//5899 2755//5899 2756//5899
f 2755//5900 2692//5901 2757//5902
f 2692//5774 2645//5773 2757//5903
f 2757//5904 2645//5904 2694//5904
f 2694//5905 2646//5906 2693//5907
f 2756//5908 2691//5908 2692//5908
f 2696//5909 2590//5909 2695//5909
f 2502//5910 2647//5911 2542//5912
f 2648//5913 2591//5914 2758//5915
f 2591//5916 2697//5916 2758//5916
f 2420//5917 2593//5917 2698//5917
f 2648//5913 2758//5915 2699//5918
f 2594//5919 2699//5920 2759//5921
f 2760//5922 2593//5922 2700//5922
f 2594//5919 2759//5921 2701//5923
f 2706//5924 2700//5924 2543//5924
f 2703//5925 2650//5925 2702//5925
f 2604//5926 2708//5926 2607//5926
f 2651//5927 2556//5927 2710//5927
f 2606//5928 2761//5928 2710//5929
f 2606//5928 2712//5930 2761//5928
f 2653//5931 2713//5931 2762//5931
f 2652//5932 2654//5932 2713//5932
f 2714//5933 2763//5933 2608//5933
f 2715//5934 2653//5934 2762//5934
f 2654//5823 2718//5822 2713//5935
f 2711//5936 2563//5936 2764//5936
f 2611//5937 2717//5937 2716//5937
f 2765//5938 2720//5938 2655//5938
f 2563//5939 2569//5939 2764//5939
f 2720//5940 2766//5940 2656//5940
f 2719//5941 2614//5941 2767//5941
f 2614//5942 2657//5942 2767//5942
f 2768//5943 2656//5943 2766//5943
f 2723//5944 2656//5944 2768//5944
f 2724//5945 2725//5945 2769//5945
f 2770//5946 2725//5946 2659//5946
f 2722//5947 2661//5947 2473//5947
f 2727//5948 2662//5948 2771//5948
f 2772//5949 2662//5949 2728//5949
f 2772//5950 2773//5950 2662//5950
f 2773//5951 2771//5951 2662//5951
f 2728//5952 2771//5952 2772//5952
f 2774//5953 2772//5953 2771//5953
f 2772//5954 2774//5954 2729//5954
f 2727//5955 2729//5955 2774//5955
f 2729//5956 2727//5956 2728//5956
f 2771//5957 2728//5957 2727//5957
f 2729//5958 2773//5958 2772//5958
f 2729//5959 2664//5959 2773//5959
f 2664//5960 2666//5960 2773//5960
f 2665//5961 2727//5961 2731//5961
f 2667//5962 2775//5962 2666//5962
f 2731//5963 2775//5963 2667//5963
f 2775//5964 2732//5964 2776//5964
f 2775//5965 2731//5965 2732//5965
f 2731//5966 2670//5966 2732//5966
f 2670//5967 2777//5967 2672//5967
f 2776//5968 2732//5968 2671//5968
f 2672//5969 2777//5969 2778//5969
f 2733//5970 2672//5970 2778//5970
f 2730//5971 2733//5971 2778//5971
f 2436//5340 2677//5972 2479//5338
f 2479//5973 2677//5973 2674//5973
f 2622//5974 2735//5974 2680//5974
f 2679//5975 2779//5975 2676//5975
f 2675//5976 2780//5976 2781//5976
f 2734//5977 2780//5977 2675//5977
f 2679//5978 2782//5978 2783//5978
f 2623//5979 2782//5979 2679//5979
f 2624//5980 2784//5980 2625//5980
f 2625//5981 2784//5981 2785//5981
f 2786//5982 2736//5982 2683//5982
f 2675//5983 2781//5983 2738//5983
f 2739//5984 2787//5985 2682//5986
f 2623//5987 2682//5987 2782//5987
f 2682//5988 2787//5988 2782//5988
f 2625//5989 2785//5989 2788//5989
f 2683//5990 2740//5990 2786//5990
f 2738//5991 2781//5991 2739//5991
f 2625//5992 2788//5992 2741//5992
f 2627//5993 2789//5994 2685//5995
f 2743//5996 2789//5996 2627//5996
f 2576//5997 2684//5997 2790//5997
f 2684//5998 2791//5998 2790//5998
f 2684//5999 2792//6000 2791//6001
f 2684//5999 2440//6002 2792//6000
f 2628//6003 2793//6003 2532//6003
f 2792//6004 2440//6004 2745//6004
f 2577//6005 2794//6005 2629//6005
f 2630//6006 2746//6006 2745//6006
f 2629//6007 2794//6007 2631//6007
f 2578//6008 2747//6008 2746//6008
f 2687//6009 2795//6009 2633//6009
f 2492//6010 2748//6010 2747//6010
f 2795//6011 2749//6011 2633//6011
f 2580//6012 2689//6012 2750//6012
f 2534//6013 2750//6013 2581//6013
f 2581//6014 2750//6014 2796//6014
f 2796//6015 2494//6015 2581//6015
f 2449//6016 2495//6016 2797//6016
f 2639//6017 2449//6017 2797//6017
f 2690//6018 2535//6018 2582//6018
f 2642//6019 2640//6019 2798//6019
f 2641//6020 2799//6020 2751//6020
f 2641//6021 2752//6021 2799//6021
f 2583//6022 2800//6022 2754//6022
f 2643//6023 2800//6023 2583//6023
f 2584//6024 2801//6024 2752//6024
f 2586//6025 2802//6025 2643//6025
f 2803//6026 2586//6026 2587//6026
f 2803//6027 2587//6027 2691//6027
f 2756//6028 2804//6028 2691//6028
f 2756//6029 2755//6029 2804//6029
f 2805//6030 2757//6030 2806//6030
f 2694//6031 2806//6031 2757//6031
f 2693//5907 2806//6032 2694//5905
f 2695//6033 2542//6033 2807//6033
f 2696//6034 2695//6034 2808//6034
f 2696//6035 2808//6035 2809//6035
f 2696//6036 2809//6036 2697//6036
f 2810//6037 2647//6037 2592//6037
f 2810//6038 2592//6038 2698//6038
f 2698//6039 2593//6039 2760//6039
f 2701//6040 2759//6040 2811//6040
f 2812//6041 2813//6041 2703//6041
f 2703//6042 2813//6042 2704//6042
f 2704//6043 2814//6043 2705//6043
f 2701//6044 2811//6044 2815//6044
f 2649//6045 2701//6045 2815//6045
f 2649//6046 2815//6046 2702//6046
f 2703//6047 2702//6047 2812//6047
f 2596//6048 2816//6048 2706//6048
f 2709//6049 2816//6049 2596//6049
f 2707//6050 2817//6050 2708//6050
f 2551//6051 2818//6051 2709//6051
f 2708//6052 2819//6052 2607//6052
f 2607//6053 2819//6053 2655//6053
f 2711//6054 2818//6054 2551//6054
f 2710//6055 2820//6055 2651//6055
f 2820//6056 2564//6056 2651//6056
f 2819//6057 2765//6057 2655//6057
f 2608//5810 2763//6058 2712//5808
f 2714//6059 2821//6059 2763//6059
f 2716//6060 2821//6061 2714//6062
f 2822//6063 2821//6061 2716//6060
f 2765//6064 2823//6065 2720//6066
f 2564//6067 2721//6067 2612//6067
f 2823//6065 2766//6068 2720//6066
f 2764//6069 2569//6069 2824//6069
f 2824//6070 2569//6071 2616//6072
f 2657//6073 2825//6073 2767//6073
f 2768//6074 2826//6074 2723//6074
f 2616//6075 2726//6076 2827//6077
f 2657//6078 2828//6078 2825//6078
f 2724//6079 2828//6079 2657//6079
f 2659//6080 2723//6080 2829//6080
f 2829//6081 2723//6081 2826//6081
f 2828//6082 2724//6082 2769//6082
f 2770//6083 2659//6083 2829//6083
f 2830//6084 2725//6084 2770//6084
f 2660//6085 2730//6085 2831//6085
f 2771//6086 2773//6086 2832//6086
f 2771//6087 2832//6087 2774//6087
f 2727//6088 2774//6088 2833//6088
f 2774//6089 2832//6089 2833//6089
f 2666//6090 2834//6090 2773//6090
f 2731//6091 2727//6091 2835//6091
f 2727//6092 2833//6092 2835//6092
f 2730//6093 2836//6093 2831//6093
f 2666//6094 2775//6094 2834//6094
f 2670//6095 2731//6095 2835//6095
f 2837//6096 2777//6096 2835//6096
f 2835//6097 2777//6097 2670//6097
f 2836//6098 2730//6098 2838//6098
f 2671//6099 2673//6099 2839//6099
f 2776//6100 2671//6100 2839//6100
f 2777//6101 2837//6101 2840//6101
f 2777//6102 2840//6102 2778//6102
f 2778//6103 2840//6103 2841//6103
f 2778//6104 2841//6104 2838//6104
f 2778//6105 2838//6105 2730//6105
f 2673//6106 2674//6106 2839//6106
f 2674//6107 2842//6107 2839//6107
f 2674//6108 2677//6108 2842//6108
f 2843//6109 2842//6109 2677//6109
f 2676//6110 2844//6110 2735//6110
f 2680//6111 2735//6111 2845//6111
f 2783//6112 2779//6112 2679//6112
f 2784//6113 2624//6113 2846//6113
f 2847//6114 2846//6114 2624//6114
f 2677//6115 2678//6115 2843//6115
f 2624//6116 2736//6116 2847//6116
f 2680//6117 2848//6117 2737//6117
f 2781//6118 2780//6118 2849//6118
f 2740//6119 2737//6119 2786//6119
f 2781//6120 2849//6120 2850//6120
f 2781//6121 2850//6121 2739//6121
f 2787//5985 2739//5984 2850//6122
f 2788//6123 2851//6123 2741//6123
f 2678//6124 2576//6124 2852//6124
f 2576//6125 2790//6125 2852//6125
f 2850//6126 2849//6126 2853//6126
f 2854//6127 2742//6127 2741//6127
f 2851//6128 2854//6128 2741//6128
f 2742//6129 2789//6129 2743//6129
f 2686//6130 2855//6130 2628//6130
f 2628//6131 2855//6131 2793//6131
f 2793//6132 2856//6132 2532//6132
f 2577//6133 2532//6133 2856//6133
f 2745//6134 2857//6134 2792//6134
f 2577//6135 2858//6135 2794//6135
f 2857//6136 2745//6136 2746//6136
f 2631//6137 2794//6137 2859//6137
f 2687//6138 2631//6138 2859//6138
f 2859//6139 2795//6140 2687//6141
f 2688//6142 2632//6142 2749//6142
f 2634//6143 2635//6143 2860//6143
f 2860//6144 2635//6144 2636//6144
f 2494//6145 2796//6145 2861//6145
f 2636//6146 2637//6147 2862//6148
f 2638//6149 2862//6148 2637//6147
f 2639//6150 2863//6151 2640//6152
f 2798//6153 2640//6153 2863//6153
f 2864//6154 2690//6154 2582//6154
f 2864//6155 2582//6155 2751//6155
f 2798//6156 2753//6156 2642//6156
f 2865//6157 2799//6157 2752//6157
f 2643//6158 2802//6158 2800//6158
f 2801//6159 2865//6159 2752//6159
f 2584//6160 2866//6160 2801//6160
f 2754//6161 2866//6161 2584//6161
f 2867//6162 2644//6162 2753//6162
f 2803//6163 2802//6163 2586//6163
f 2803//6164 2691//6164 2868//6164
f 2644//6165 2867//6165 2693//6165
f 2804//6166 2868//6166 2691//6166
f 2804//6167 2755//6167 2869//6167
f 2869//6168 2755//6168 2805//6168
f 2693//6169 2867//6169 2806//6169
f 2805//6170 2755//5900 2757//5902
f 2697//6171 2809//6171 2870//6171
f 2758//6172 2697//6172 2870//6172
f 2810//6173 2698//6173 2871//6173
f 2699//6174 2758//6174 2872//6174
f 2698//6175 2760//6176 2873//6177
f 2759//6178 2699//6178 2872//6178
f 2700//6179 2874//6179 2760//6179
f 2814//6180 2875//6180 2705//6180
f 2705//6181 2875//6181 2707//6181
f 2706//6182 2816//6182 2700//6182
f 2876//6183 2816//6184 2709//6185
f 2818//6186 2876//6186 2709//6186
f 2710//6187 2877//6187 2820//6187
f 2710//6188 2761//6188 2877//6188
f 2712//6189 2878//6189 2761//6189
f 2879//6190 2765//6190 2819//6190
f 2763//6191 2880//6192 2712//6193
f 2762//6194 2713//6194 2881//6194
f 2881//6195 2713//6195 2882//6195
f 2764//6196 2883//6196 2711//6196
f 2820//6197 2884//6197 2564//6197
f 2881//6198 2885//6198 2762//6198
f 2885//6199 2715//6199 2762//6199
f 2713//6200 2886//6200 2882//6200
f 2824//6201 2883//6201 2764//6201
f 2721//6202 2564//6202 2884//6202
f 2822//6063 2887//6203 2821//6061
f 2716//6204 2717//6204 2822//6204
f 2822//6205 2717//6205 2888//6205
f 2715//6206 2888//6206 2717//6206
f 2886//6207 2713//6207 2718//6207
f 2886//6208 2718//6208 2719//6208
f 2719//6209 2767//6209 2886//6209
f 2766//6210 2889//6210 2768//6210
f 2824//6070 2616//6072 2827//6211
f 2770//6212 2829//6212 2890//6212
f 2769//6213 2725//6213 2830//6213
f 2830//6214 2770//6214 2890//6214
f 2891//6215 2621//6215 2661//6215
f 2773//6216 2834//6216 2832//6216
f 2834//6217 2833//6217 2832//6217
f 2833//6218 2834//6218 2892//6218
f 2835//6219 2833//6219 2892//6219
f 2831//6220 2836//6220 2893//6220
f 2734//6221 2621//6221 2891//6221
f 2834//6222 2894//6222 2892//6222
f 2834//6223 2775//6223 2894//6223
f 2894//6224 2775//6224 2776//6224
f 2835//6225 2892//6225 2895//6225
f 2837//6226 2835//6226 2895//6226
f 2841//6227 2896//6227 2838//6227
f 2894//6228 2776//6228 2839//6228
f 2839//6229 2897//6229 2895//6229
f 2894//6230 2839//6230 2895//6230
f 2895//6231 2897//6231 2837//6231
f 2837//6232 2897//6232 2840//6232
f 2897//6233 2898//6233 2840//6233
f 2841//6234 2840//6234 2898//6234
f 2897//6235 2839//6235 2842//6235
f 2898//6236 2897//6236 2842//6236
f 2898//6237 2842//6237 2899//6237
f 2899//6238 2842//6238 2843//6238
f 2735//6239 2844//6239 2900//6239
f 2844//6240 2676//6240 2779//6240
f 2848//6241 2845//6242 2901//6243
f 2848//6244 2680//6244 2845//6244
f 2843//6245 2678//6245 2852//6245
f 2784//6246 2902//6246 2785//6246
f 2786//6247 2901//6247 2736//6247
f 2736//6248 2901//6248 2847//6248
f 2786//6249 2848//6241 2901//6243
f 2848//6250 2786//6250 2737//6250
f 2780//6251 2903//6251 2849//6251
f 2850//6252 2904//6252 2787//6252
f 2782//6253 2787//6253 2904//6253
f 2849//6254 2905//6254 2853//6254
f 2850//6255 2853//6255 2906//6255
f 2789//5994 2907//6256 2908//6257
f 2907//6258 2789//6258 2909//6258
f 2909//6259 2789//6259 2742//6259
f 2909//6260 2742//6260 2910//6260
f 2853//6261 2905//6261 2911//6261
f 2853//6262 2911//6262 2906//6262
f 2854//6263 2912//6263 2742//6263
f 2912//6264 2910//6264 2742//6264
f 2789//5994 2908//6257 2685//5995
f 2791//6265 2913//6265 2790//6265
f 2685//6266 2914//6266 2744//6266
f 2914//6267 2855//6267 2686//6268
f 2744//6269 2914//6267 2686//6268
f 2792//6270 2915//6270 2791//6270
f 2916//6271 2915//6271 2792//6271
f 2792//6272 2857//6272 2916//6272
f 2856//6273 2858//6273 2577//6273
f 2917//6274 2857//6274 2746//6274
f 2746//6275 2747//6275 2918//6275
f 2795//6140 2859//6139 2919//6276
f 2748//6277 2634//6277 2920//6277
f 2634//6278 2860//6278 2920//6278
f 2688//6279 2921//6279 2689//6279
f 2689//6280 2921//6280 2750//6280
f 2861//6281 2495//6281 2494//6281
f 2797//6282 2495//6282 2861//6282
f 2863//6151 2639//6150 2797//6283
f 2690//6284 2922//6284 2638//6284
f 2923//6285 2864//6285 2751//6285
f 2799//6286 2923//6286 2751//6286
f 2924//6287 2753//6287 2925//6287
f 2798//6288 2925//6288 2753//6288
f 2800//6289 2926//6290 2754//6291
f 2800//6292 2802//6292 2927//6292
f 2928//6293 2799//6293 2865//6293
f 2929//6294 2928//6294 2865//6294
f 2865//6295 2801//6295 2930//6295
f 2930//6296 2801//6296 2866//6296
f 2924//6297 2867//6297 2753//6297
f 2930//6298 2931//6298 2865//6298
f 2931//6299 2929//6300 2865//6301
f 2931//6302 2930//6302 2932//6302
f 2924//6303 2806//6303 2867//6303
f 2869//6304 2868//6304 2804//6304
f 2806//6305 2869//6305 2805//6305
f 2695//6306 2807//6306 2808//6306
f 2542//5912 2647//5911 2807//6307
f 2758//6308 2870//6308 2933//6308
f 2872//6309 2758//6309 2933//6309
f 2871//6310 2698//6175 2873//6177
f 2759//6311 2872//6311 2934//6311
f 2704//6312 2813//6312 2935//6312
f 2704//6313 2935//6314 2936//6315
f 2704//6313 2936//6315 2814//6316
f 2811//6317 2759//6317 2934//6317
f 2815//6318 2811//6318 2937//6318
f 2811//6319 2934//6319 2937//6319
f 2815//6320 2937//6320 2938//6320
f 2702//6321 2815//6321 2938//6321
f 2812//6322 2702//6323 2938//6324
f 2707//6325 2875//6325 2817//6325
f 2817//6326 2819//6326 2708//6326
f 2939//6327 2820//6328 2877//6329
f 2761//6330 2878//6330 2877//6330
f 2939//6331 2940//6331 2820//6331
f 2941//6332 2765//6332 2879//6332
f 2883//6333 2818//6333 2711//6333
f 2880//6334 2878//6334 2712//6334
f 2884//6335 2820//6336 2940//6337
f 2823//6338 2765//6338 2941//6338
f 2942//6339 2823//6339 2941//6339
f 2821//6340 2943//6341 2763//6342
f 2715//6343 2944//6343 2888//6343
f 2885//6344 2944//6344 2715//6344
f 2822//6345 2888//6345 2887//6345
f 2945//6346 2886//6346 2767//6346
f 2889//6347 2766//6068 2823//6065
f 2721//6348 2946//6348 2722//6348
f 2946//6349 2947//6349 2722//6349
f 2948//6350 2826//6350 2768//6350
f 2726//6076 2660//6351 2827//6077
f 2827//6352 2660//6352 2949//6352
f 2828//6353 2950//6353 2825//6353
f 2722//6354 2947//6354 2661//6354
f 2950//6355 2828//6356 2769//6355
f 2890//6357 2829//6357 2951//6357
f 2660//6358 2952//6358 2949//6358
f 2953//6359 2950//6355 2769//6355
f 2661//6360 2947//6360 2891//6360
f 2660//6361 2831//6361 2952//6361
f 2892//6362 2894//6362 2895//6362
f 2896//6363 2841//6363 2954//6363
f 2841//6364 2955//6364 2954//6364
f 2955//6365 2841//6365 2898//6365
f 2955//6366 2898//6366 2899//6366
f 2734//6367 2956//6367 2957//6367
f 2734//6368 2957//6368 2780//6368
f 2958//6369 2899//6370 2843//6371
f 2735//6372 2900//6372 2845//6372
f 2843//6371 2852//6373 2958//6369
f 2957//6374 2903//6374 2780//6374
f 2783//6375 2959//6375 2779//6375
f 2844//6376 2779//6376 2902//6376
f 2902//6377 2784//6377 2844//6377
f 2844//6378 2784//6378 2960//6378
f 2784//6379 2846//6379 2960//6379
f 2847//6380 2961//6380 2846//6380
f 2845//6381 2847//6381 2901//6381
f 2961//6382 2847//6382 2845//6382
f 2962//6383 2782//6383 2904//6383
f 2959//6384 2782//6384 2962//6384
f 2783//6385 2782//6385 2959//6385
f 2779//6386 2959//6386 2963//6386
f 2902//6387 2779//6387 2785//6387
f 2964//6388 2788//6388 2963//6388
f 2788//6389 2785//6389 2963//6389
f 2965//6390 2966//6390 2963//6390
f 2965//6391 2963//6391 2785//6391
f 2967//6392 2968//6392 2969//6392
f 2849//6393 2903//6393 2905//6393
f 2850//6394 2906//6394 2970//6394
f 2907//6395 2909//6395 2971//6395
f 2909//6396 2964//6397 2971//6398
f 2972//6399 2973//6399 2788//6399
f 2972//6400 2788//6400 2964//6400
f 2973//6401 2851//6401 2788//6401
f 2851//6402 2973//6402 2965//6402
f 2966//6403 2965//6403 2973//6403
f 2909//6404 2910//6405 2964//6406
f 2910//6405 2972//6407 2964//6406
f 2965//6408 2974//6408 2854//6408
f 2851//6409 2965//6409 2854//6409
f 2905//6410 2975//6410 2976//6410
f 2977//6411 2905//6411 2976//6411
f 2905//6412 2977//6412 2911//6412
f 2974//6413 2912//6413 2854//6413
f 2978//6414 2685//6414 2908//6414
f 2914//6415 2685//6415 2978//6415
f 2979//6416 2913//6416 2791//6416
f 2980//6417 2979//6417 2791//6417
f 2980//6418 2791//6418 2915//6418
f 2855//6419 2981//6419 2793//6419
f 2856//6420 2793//6420 2981//6420
f 2982//6421 2915//6421 2916//6421
f 2982//6422 2980//6422 2915//6422
f 2917//6423 2916//6423 2857//6423
f 2858//6424 2983//6424 2794//6424
f 2794//6425 2983//6425 2859//6425
f 2795//6426 2919//6427 2749//6428
f 2749//6428 2919//6427 2984//6429
f 2747//6430 2748//6431 2985//6432
f 2985//6432 2918//6433 2747//6430
f 2748//6434 2920//6434 2985//6434
f 2749//6435 2986//6435 2688//6435
f 2688//6436 2986//6436 2921//6436
f 2860//6437 2636//6437 2987//6437
f 2636//6438 2862//6438 2987//6438
f 2862//6439 2638//6439 2988//6439
f 2988//6440 2638//6440 2922//6440
f 2922//6441 2690//6441 2864//6441
f 2863//6442 2989//6443 2798//6444
f 2798//6445 2989//6445 2925//6445
f 2923//6446 2799//6446 2990//6446
f 2926//6447 2800//6447 2927//6447
f 2927//6448 2802//6448 2991//6448
f 2928//6449 2990//6449 2799//6449
f 2803//6450 2991//6450 2802//6450
f 2925//6451 2992//6452 2924//6453
f 2990//6454 2928//6454 2993//6454
f 2866//6455 2994//6455 2995//6455
f 2924//6456 2992//6456 2996//6456
f 2993//6457 2928//6457 2929//6457
f 2866//6458 2995//6458 2930//6458
f 2997//6459 2868//6459 2869//6459
f 2996//6460 2997//6460 2869//6460
f 2806//6461 2996//6461 2869//6461
f 2924//6462 2996//6462 2806//6462
f 2931//6299 2998//6463 2929//6300
f 2931//6464 2932//6464 2999//6464
f 2999//6465 2998//6465 2931//6465
f 2807//6466 2647//6466 3000//6466
f 2647//6467 2810//6467 3000//6467
f 3000//6468 2810//6468 2871//6468
f 2872//6469 2933//6469 3001//6469
f 2813//6470 3002//6470 2935//6470
f 2812//6322 2938//6324 3003//6471
f 2813//6472 2812//6472 3002//6472
f 2938//6473 2937//6473 3004//6473
f 3005//6474 2875//6474 2814//6474
f 2874//6475 3006//6475 2760//6475
f 2875//6476 3007//6476 2817//6476
f 2874//6477 2700//6477 2816//6477
f 2818//6478 3008//6479 2876//6480
f 3009//6481 2879//6481 2819//6481
f 3010//6482 3008//6479 2818//6478
f 2939//6327 2877//6329 3011//6483
f 3012//6484 2941//6484 2879//6484
f 2883//6485 3010//6485 2818//6485
f 2940//6337 3013//6486 2884//6335
f 2763//6191 3014//6487 2880//6192
f 2885//6488 2881//6488 3015//6488
f 2763//6489 2943//6489 3014//6489
f 2821//6340 3016//6490 2943//6341
f 2887//6490 3016//6490 2821//6340
f 2886//6491 3017//6491 2882//6491
f 2888//6492 3018//6492 2887//6492
f 2944//6493 3018//6493 2888//6493
f 2886//6494 2945//6494 3017//6494
f 2824//6495 2827//6495 2883//6495
f 2889//6496 2948//6496 2768//6496
f 2767//6497 3019//6497 2945//6497
f 2825//6498 3019//6498 2767//6498
f 2948//6499 3020//6500 2826//6501
f 2826//6502 3020//6502 2829//6502
f 2829//6503 3020//6503 2951//6503
f 2769//6504 2830//6504 2953//6504
f 2830//6505 2890//6505 3021//6505
f 2951//6506 3021//6506 2890//6506
f 2831//6507 3022//6507 2952//6507
f 3023//6508 3022//6508 2893//6508
f 2831//6509 2893//6509 3022//6509
f 2893//6510 2836//6510 3023//6510
f 2896//6511 2954//6511 3024//6511
f 2896//6512 3024//6512 3023//6512
f 2838//6513 2896//6513 3023//6513
f 2838//6514 3023//6514 2836//6514
f 2956//6515 2734//6515 2891//6515
f 2844//6516 2960//6516 2900//6516
f 2960//6517 2961//6517 2900//6517
f 2900//6518 2961//6518 2845//6518
f 3025//6519 2959//6519 2962//6519
f 3025//6520 3026//6520 2959//6520
f 2961//6521 2960//6521 2846//6521
f 3027//6522 3028//6522 2968//6522
f 2968//6523 3028//6523 3029//6523
f 2963//6524 2959//6524 3026//6524
f 3030//6525 2779//6525 2963//6525
f 3030//6526 2785//6526 2779//6526
f 2969//6527 3029//6527 3031//6527
f 2969//6528 2968//6528 3029//6528
f 2970//6529 2904//6529 2850//6529
f 3032//6530 2964//6530 3033//6530
f 3026//6531 3033//6531 2963//6531
f 3033//6532 2964//6532 2963//6532
f 2963//6533 2966//6533 3030//6533
f 2785//6534 3030//6534 2965//6534
f 3030//6535 3034//6535 2965//6535
f 2852//6536 2790//6536 3035//6536
f 3031//6537 2967//6537 2969//6537
f 3031//6538 2968//6538 2967//6538
f 3036//6539 2968//6539 3031//6539
f 3037//6540 2968//6540 3036//6540
f 3038//6541 2975//6541 2905//6541
f 2903//6542 3038//6542 2905//6542
f 2971//6543 3039//6543 2907//6543
f 3032//6544 2971//6398 2964//6397
f 2911//6545 2977//6545 2906//6545
f 2972//6546 2910//6546 3040//6546
f 2972//6547 3040//6547 2973//6547
f 2965//6548 3034//6548 2974//6548
f 2910//6549 2912//6549 3040//6549
f 2976//6550 2975//6550 3041//6550
f 2975//6551 3042//6551 3041//6551
f 2977//6552 2976//6552 3041//6552
f 2914//6553 3043//6553 2855//6553
f 3044//6554 2979//6554 2980//6554
f 2855//6555 3043//6555 2981//6555
f 3044//6556 2980//6556 3045//6556
f 2982//6557 3045//6557 2980//6557
f 2981//6558 3046//6558 2856//6558
f 2856//6559 3047//6559 2858//6559
f 2916//6560 2917//6560 3048//6560
f 2858//6561 3047//6561 2983//6561
f 2917//6562 2746//6562 3049//6562
f 2859//6563 2983//6563 3050//6563
f 2746//6564 2918//6564 3049//6564
f 2919//6565 2859//6565 3050//6565
f 2985//6566 3051//6566 2918//6566
f 2749//6567 2984//6567 2986//6567
f 2860//6568 3052//6568 2920//6568
f 3053//6569 3054//6569 2750//6569
f 3053//6570 2750//6570 2921//6570
f 3054//6571 2796//6571 2750//6571
f 2861//6572 2796//6572 3054//6572
f 2861//6573 3055//6573 2797//6573
f 2988//6574 2987//6575 2862//6576
f 2797//6577 3056//6577 2863//6577
f 3056//6443 2989//6443 2863//6442
f 2989//6578 3057//6579 2925//6580
f 2864//6581 2923//6581 3058//6581
f 2925//6451 3057//6582 2992//6452
f 3059//6583 2926//6583 2927//6583
f 3059//6584 2927//6584 2991//6584
f 3058//6585 2923//6585 2990//6585
f 2991//6586 2868//6587 3060//6588
f 2993//6589 3058//6589 2990//6589
f 2754//6291 2926//6290 3061//6590
f 2868//6591 2991//6591 2803//6591
f 2997//6592 3060//6588 2868//6587
f 2866//6593 2754//6593 2994//6593
f 3062//6594 2993//6594 2929//6594
f 2995//6595 3063//6595 2930//6595
f 3063//6596 2932//6596 2930//6596
f 2998//6597 3064//6597 2929//6597
f 3064//6598 3062//6598 2929//6598
f 3063//6599 3065//6599 2999//6599
f 2932//6600 3063//6600 2999//6600
f 2998//6601 3066//6601 3064//6601
f 3066//6602 2998//6602 2999//6602
f 2808//6603 2807//6603 3067//6603
f 2808//6604 3067//6604 3068//6604
f 2809//6605 2808//6605 3068//6605
f 2809//6606 3068//6606 2870//6606
f 2872//6607 3001//6608 3069//6609
f 2872//6607 3069//6609 2934//6610
f 3003//6611 2938//6611 3004//6611
f 3002//6612 2812//6612 3003//6612
f 2814//6613 2936//6613 3005//6613
f 2934//6614 3070//6615 2937//6616
f 2873//6617 2760//6617 3006//6617
f 2816//6618 3071//6618 2874//6618
f 3072//6619 3071//6619 2816//6619
f 2817//6620 3073//6620 2819//6620
f 2816//6184 2876//6183 3072//6621
f 2819//6622 3073//6622 3009//6622
f 3008//6623 3072//6623 2876//6623
f 3074//6624 2939//6624 3075//6624
f 3075//6625 2939//6626 3011//6627
f 2877//6628 3076//6628 3011//6628
f 2878//6629 3076//6629 2877//6629
f 2940//6630 2939//6630 3074//6630
f 2878//6631 3077//6631 3076//6631
f 2878//6632 3078//6632 3077//6632
f 3010//6633 2883//6633 3079//6633
f 3015//6634 2944//6634 2885//6634
f 3017//6635 3080//6635 2882//6635
f 2884//6636 2946//6636 2721//6636
f 2889//6637 2823//6637 2942//6637
f 3079//6638 2883//6638 3081//6638
f 2883//6495 2827//6495 3081//6639
f 2949//6640 3081//6640 2827//6640
f 3019//6641 2825//6641 2950//6641
f 3082//6642 2891//6642 2947//6642
f 2830//6643 3083//6643 2953//6643
f 3083//6644 2830//6644 3021//6644
f 2952//6645 3022//6645 3084//6645
f 3085//6646 3084//6646 3023//6646
f 3023//6647 3084//6647 3022//6647
f 3024//6648 3086//6648 3085//6648
f 3087//6649 3086//6649 3024//6649
f 3023//6650 3024//6650 3085//6650
f 3024//6651 2954//6651 3087//6651
f 2955//6652 2899//6652 3088//6652
f 2956//6653 2903//6653 2957//6653
f 2899//6654 2958//6654 3088//6654
f 3089//6655 3090//6655 3091//6655
f 3091//6656 3090//6656 3092//6656
f 3092//6657 3028//6657 3091//6657
f 3088//6658 2958//6658 3035//6658
f 3028//6659 3092//6659 3093//6659
f 3027//6660 3091//6660 3028//6660
f 3035//6661 2958//6661 2852//6661
f 3028//6662 3093//6662 3029//6662
f 3029//6663 3093//6663 3094//6663
f 2970//6664 2962//6664 2904//6664
f 3095//6665 3026//6665 3025//6665
f 3096//6666 2971//6666 3097//6666
f 3097//6667 2971//6667 3032//6667
f 3029//6668 3094//6669 3031//6670
f 3027//6671 2968//6671 3098//6671
f 2971//6672 3096//6672 3039//6672
f 3099//6673 3033//6673 3026//6673
f 3030//6674 2966//6674 3100//6674
f 3030//6675 3100//6675 3034//6675
f 3031//6670 3094//6669 3036//6676
f 3037//6677 3101//6677 2968//6677
f 3038//6678 3102//6678 2975//6678
f 3103//6679 2907//6679 3039//6679
f 2966//6680 2973//6680 3100//6680
f 3036//6681 3104//6681 3037//6681
f 3105//6682 3037//6682 3104//6682
f 3101//6683 3037//6683 3105//6683
f 3106//6684 2975//6684 3102//6684
f 3107//6685 2906//6685 2977//6685
f 2970//6686 2906//6686 3107//6686
f 2907//6687 3103//6687 2908//6687
f 2973//6688 3040//6688 3100//6688
f 3034//6689 3108//6689 2974//6689
f 3109//6690 3110//6690 2790//6690
f 3111//6691 3042//6691 3106//6691
f 2975//6692 3106//6692 3042//6692
f 3112//6693 2908//6693 3103//6693
f 3108//6694 2912//6694 2974//6694
f 2913//6695 3109//6695 2790//6695
f 3041//6696 3042//6697 3111//6698
f 3112//6699 2978//6699 2908//6699
f 3109//6700 2913//6700 2979//6700
f 3043//6701 2914//6702 2978//6703
f 3043//6704 3113//6704 2981//6704
f 2981//6705 3113//6705 3114//6705
f 2981//6706 3114//6706 3115//6706
f 3116//6707 3044//6707 3045//6707
f 3114//6708 3116//6708 3117//6708
f 3117//6709 3116//6709 3045//6709
f 3115//6710 3114//6710 3117//6710
f 3115//6711 3046//6711 2981//6711
f 3045//6712 2982//6712 3118//6712
f 2916//6713 3119//6714 2982//6713
f 3119//6714 3118//6714 2982//6713
f 3046//6715 3047//6715 2856//6715
f 3120//6716 3048//6717 2917//6718
f 3121//6719 3050//6719 2983//6719
f 3049//6720 3120//6716 2917//6718
f 2919//6721 3050//6721 3122//6721
f 3049//6722 2918//6722 3123//6722
f 2919//6723 3122//6723 2984//6723
f 3051//6724 3123//6724 2918//6724
f 2986//6725 2984//6725 3124//6725
f 3124//6726 3125//6726 2921//6726
f 2986//6727 3124//6727 2921//6727
f 2985//6728 2920//6728 3052//6728
f 3125//6729 3053//6729 2921//6729
f 2860//6730 2987//6730 3052//6730
f 2861//6731 3054//6731 3126//6731
f 3055//6732 2861//6732 3126//6732
f 2987//6575 2988//6574 3127//6733
f 2797//6734 3055//6734 3056//6734
f 3127//6735 2988//6735 3128//6735
f 3128//6736 2988//6736 2922//6736
f 3129//6737 2989//6737 3056//6737
f 2864//6738 3130//6738 2922//6738
f 3129//6739 3131//6739 3057//6739
f 2989//6578 3129//6740 3057//6579
f 3130//6741 2864//6741 3132//6741
f 2992//6742 3131//6743 3133//6744
f 3057//6745 3131//6745 2992//6745
f 3132//6746 2864//6746 3058//6746
f 3134//6747 3059//6747 2991//6747
f 3133//6748 3060//6748 2997//6748
f 2996//6749 3133//6749 2997//6749
f 2992//6742 3133//6744 2996//6750
f 2993//6751 3135//6752 3058//6753
f 2993//6754 3136//6754 3135//6754
f 2754//6291 3061//6590 2994//6590
f 3136//6755 2993//6755 3062//6755
f 2999//6756 3065//6756 3137//6756
f 3066//6757 2999//6757 3137//6757
f 2807//6758 3000//6758 3138//6758
f 3067//6759 2807//6759 3138//6759
f 2870//6760 3068//6760 3139//6760
f 2933//6761 2870//6761 3139//6761
f 2933//6762 3139//6762 3001//6762
f 3140//6763 3002//6763 3003//6763
f 2935//6764 3002//6764 3141//6764
f 2871//6765 2873//6766 3142//6767
f 3003//6768 3004//6768 3140//6768
f 2934//6769 3069//6769 3070//6769
f 2937//6616 3070//6615 3143//6770
f 2875//6771 3005//6771 3007//6771
f 3142//6772 2873//6772 3006//6772
f 3006//6773 3144//6774 3145//6775
f 2874//6776 3144//6776 3006//6776
f 3144//6777 2874//6777 3071//6777
f 3009//6778 3146//6778 2879//6778
f 3146//6779 3012//6779 2879//6779
f 3075//6780 3147//6780 3148//6780
f 3010//6781 3149//6781 3008//6781
f 3150//6782 3008//6782 3149//6782
f 3075//6783 3148//6783 3074//6783
f 2940//6784 3074//6784 3151//6784
f 3012//6785 3152//6785 2941//6785
f 2940//6786 3151//6786 3013//6786
f 2880//6787 3078//6787 2878//6787
f 3014//6788 3078//6788 2880//6788
f 3014//6789 3153//6789 3078//6789
f 3152//6790 3154//6790 2941//6790
f 2943//6791 3153//6791 3014//6791
f 2882//6792 3080//6792 2881//6792
f 2942//6793 2941//6793 3154//6793
f 3079//6794 3149//6794 3010//6794
f 2944//6795 3015//6795 3155//6795
f 2887//6796 3156//6796 3016//6796
f 2887//6797 3018//6797 3156//6797
f 3157//6798 3018//6798 2944//6798
f 3158//6799 2889//6799 2942//6799
f 3017//6800 2945//6800 3159//6800
f 2945//6801 3160//6801 3159//6801
f 2889//6802 3161//6802 2948//6802
f 3161//6803 3162//6803 2948//6803
f 2949//6804 3163//6804 3081//6804
f 3019//6805 3160//6805 2945//6805
f 2948//6499 3162//6806 3020//6500
f 2947//6807 2946//6807 3082//6807
f 2949//6808 2952//6808 3164//6808
f 3165//6809 3019//6809 2950//6809
f 2950//6810 3166//6810 3165//6810
f 3167//6811 3168//6812 3020//6813
f 3020//6813 3168//6812 2951//6814
f 3164//6815 2952//6815 3084//6815
f 3169//6816 3021//6816 2951//6816
f 2891//6817 3170//6817 2956//6817
f 3171//6818 2953//6818 3083//6818
f 3083//6819 3021//6819 3171//6819
f 3172//6820 3173//6820 3174//6820
f 2954//6821 2955//6821 3175//6821
f 3172//6822 3174//6822 3176//6822
f 3176//6823 3089//6823 3172//6823
f 2955//6824 3088//6824 3177//6824
f 3089//6825 3176//6825 3090//6825
f 2956//6826 3178//6826 2903//6826
f 3176//6827 3092//6827 3090//6827
f 3091//6828 3098//6828 3089//6828
f 3092//6829 3176//6829 3093//6829
f 3177//6830 3088//6830 3035//6830
f 3027//6831 3098//6831 3091//6831
f 3179//6832 3038//6833 2903//6834
f 3038//6835 3179//6835 3180//6835
f 3181//6836 3182//6836 2962//6836
f 3183//6837 2962//6837 3182//6837
f 3183//6838 3025//6838 2962//6838
f 3183//6839 3184//6839 3025//6839
f 3181//6840 2962//6841 2970//6842
f 3095//6843 3185//6843 3184//6843
f 3186//6844 3184//6844 3185//6844
f 3184//6845 3186//6845 3025//6845
f 3097//6846 3025//6846 3186//6846
f 3025//6847 3097//6847 3095//6847
f 3185//6848 3095//6848 3097//6848
f 3184//6849 3187//6849 3095//6849
f 3180//6850 3102//6850 3038//6850
f 3096//6851 3186//6851 3188//6851
f 3186//6852 3096//6852 3097//6852
f 3097//6853 3032//6853 3189//6853
f 3097//6854 3189//6854 3185//6854
f 3095//6855 3187//6855 3026//6855
f 3026//6856 3187//6856 3099//6856
f 2968//6857 3101//6857 3098//6857
f 3103//6858 3039//6858 3188//6858
f 3188//6859 3039//6859 3096//6859
f 3099//6860 3032//6860 3033//6860
f 3190//6861 3034//6861 3100//6861
f 2790//6862 3191//6862 3035//6862
f 2790//6863 3110//6863 3191//6863
f 3036//6864 3192//6865 3104//6866
f 3036//6867 3094//6867 3192//6867
f 3193//6868 3100//6869 3194//6870
f 3034//6871 3190//6871 3108//6871
f 3105//6872 3195//6872 3101//6872
f 3106//6873 3196//6873 3197//6873
f 3196//6874 3106//6874 3102//6874
f 3198//6875 3107//6875 2977//6875
f 3194//6876 3100//6876 3040//6876
f 3111//6877 3106//6877 3197//6877
f 3111//6878 3197//6878 3198//6878
f 3041//6696 3111//6698 3198//6879
f 2977//6880 3041//6880 3198//6880
f 3040//6881 2912//6881 3194//6881
f 3108//6882 3194//6882 2912//6882
f 3199//6883 2978//6883 3112//6883
f 3200//6884 3043//6884 3199//6884
f 2978//6703 3199//6885 3043//6701
f 2979//6886 3201//6886 3109//6886
f 3043//6887 3200//6887 3202//6887
f 3201//6888 2979//6888 3203//6888
f 3043//6889 3202//6889 3113//6889
f 3044//6890 3203//6890 2979//6890
f 3203//6891 3044//6891 3116//6891
f 3204//6892 3203//6892 3116//6892
f 3114//6893 3204//6893 3116//6893
f 3113//6894 3204//6894 3114//6894
f 3118//6895 3205//6895 3045//6895
f 3048//6896 3119//6896 2916//6896
f 3047//6897 3121//6897 2983//6897
f 3049//6898 3123//6898 3120//6898
f 2984//6899 3122//6899 3206//6899
f 3124//6900 2984//6900 3206//6900
f 3207//6901 3051//6901 2985//6901
f 3052//6902 3207//6902 2985//6902
f 3125//6903 3208//6903 3053//6903
f 3053//6904 3208//6904 3054//6904
f 3054//6905 3208//6905 3126//6905
f 3055//6906 3209//6906 3056//6906
f 3056//6907 3209//6907 3129//6907
f 3129//6908 3209//6908 3210//6908
f 3210//6909 3211//6909 3131//6909
f 3129//6910 3210//6910 3131//6910
f 3212//6911 3128//6912 2922//6913
f 3212//6911 2922//6913 3130//6914
f 3213//6915 3060//6915 3133//6915
f 3131//6916 3211//6917 3133//6918
f 3213//6919 3134//6919 2991//6919
f 3060//6920 3213//6920 2991//6920
f 3214//6921 3061//6921 2926//6921
f 3059//6922 3214//6922 2926//6922
f 3215//6923 3135//6923 3136//6923
f 3216//6924 3215//6924 3217//6924
f 3218//6925 3215//6925 3136//6925
f 3217//6926 3215//6926 3218//6926
f 3217//6927 2995//6927 2994//6927
f 3136//6928 3062//6928 3218//6928
f 3219//6929 3217//6929 3218//6929
f 3219//6930 2995//6930 3217//6930
f 3219//6931 3063//6931 2995//6931
f 3218//6932 3062//6932 3220//6932
f 3063//6933 3219//6933 3221//6933
f 3220//6934 3062//6934 3064//6934
f 3063//6935 3221//6935 3065//6935
f 3064//6936 3066//6936 3220//6936
f 3066//6937 3137//6937 3220//6937
f 3137//6938 3065//6938 3221//6938
f 3067//6939 3138//6939 3068//6939
f 3222//6940 3000//6940 2871//6940
f 3138//6941 3000//6941 3222//6941
f 3001//6942 3139//6942 3223//6942
f 2935//6943 3141//6943 3224//6943
f 2936//6944 2935//6944 3224//6944
f 3005//6945 2936//6945 3224//6945
f 3225//6946 2871//6765 3142//6767
f 3222//6947 2871//6947 3225//6947
f 3001//6948 3223//6948 3069//6948
f 3070//6949 3226//6949 3143//6949
f 3004//6950 2937//6950 3143//6950
f 3007//6951 3073//6951 2817//6951
f 3227//6952 3071//6952 3072//6952
f 3008//6953 3227//6953 3072//6953
f 3227//6954 3008//6954 3228//6954
f 3229//6955 3148//6955 3147//6955
f 3075//6625 3011//6627 3147//6956
f 3228//6957 3008//6957 3150//6957
f 3149//6958 3230//6958 3150//6958
f 2881//6959 3080//6959 3015//6959
f 3015//6960 3080//6960 3231//6960
f 3154//6961 3232//6961 2942//6961
f 3016//6962 3156//6962 2943//6962
f 3231//6963 3155//6963 3015//6963
f 3159//6964 3080//6964 3017//6964
f 3018//6965 3233//6965 3156//6965
f 3157//6966 2944//6966 3155//6966
f 3149//6967 3079//6967 3234//6967
f 3234//6968 3230//6968 3149//6968
f 3234//6969 3079//6970 3081//6971
f 3161//6972 2889//6972 3158//6972
f 2949//6973 3164//6973 3163//6973
f 3165//6974 3160//6974 3019//6974
f 3162//6975 3235//6975 3020//6975
f 3235//6976 3167//6976 3020//6976
f 3236//6977 3163//6977 3164//6977
f 3082//6978 3170//6978 2891//6978
f 3236//6979 3237//6979 3238//6979
f 3236//6980 3164//6980 3237//6980
f 2953//6981 3166//6981 2950//6981
f 3168//6982 3169//6982 2951//6982
f 3237//6983 3084//6984 3085//6985
f 3237//6986 3164//6986 3084//6986
f 2953//6987 3239//6987 3166//6987
f 3173//6988 3240//6988 3241//6988
f 3170//6989 3242//6989 2956//6989
f 3021//6990 3243//6990 3171//6990
f 3169//6991 3243//6991 3021//6991
f 3173//6992 3241//6992 3174//6992
f 3087//6993 2954//6993 3175//6993
f 3172//6994 3089//6995 3173//6995
f 3244//6996 3173//6995 3089//6995
f 3178//6997 3179//6832 2903//6834
f 2955//6998 3177//6998 3175//6998
f 3089//6999 3098//6999 3244//6999
f 3177//7000 3035//7001 3245//7002
f 3180//7003 3179//7003 3246//7003
f 3093//7004 3247//7004 3094//7004
f 3248//7005 3182//7005 3181//7005
f 3183//7006 3249//7006 3184//7006
f 3186//7007 3250//7007 3188//7007
f 3185//7008 3249//7008 3250//7008
f 3185//7009 3250//7009 3186//7009
f 3184//7010 3249//7010 3187//7010
f 3035//7011 3191//7011 3245//7011
f 3185//7012 3189//7012 3249//7012
f 3187//7013 3249//7013 3189//7013
f 3251//7014 3099//7014 3187//7014
f 3252//7015 3107//7015 3253//7015
f 3252//7016 2970//7016 3107//7016
f 3181//6840 2970//6842 3252//7017
f 3099//7018 3193//7018 3032//7018
f 3032//7019 3193//7019 3189//7019
f 3100//6869 3193//6868 3099//7020
f 3251//7021 3100//7021 3099//7021
f 3251//7022 3190//7022 3100//7022
f 3254//7023 3255//7023 3102//7023
f 3255//7024 3196//7024 3102//7024
f 3253//7025 3107//7025 3256//7025
f 3188//7026 3257//7026 3103//7026
f 3108//7027 3190//7027 3194//7027
f 3195//7028 3258//7028 3101//7028
f 3255//7029 3197//7029 3196//7029
f 3255//7030 3198//7030 3197//7030
f 3107//7031 3198//7031 3259//7031
f 3198//7032 3260//7032 3259//7032
f 3256//7033 3107//7033 3259//7033
f 3109//7034 3261//7034 3262//7034
f 3110//7035 3109//7035 3262//7035
f 3195//7036 3263//7036 3104//7036
f 3262//7037 3104//7037 3263//7037
f 3104//7038 3262//7038 3105//7038
f 3261//7039 3105//7039 3262//7039
f 3105//7040 3261//7040 3195//7040
f 3263//7041 3195//7041 3261//7041
f 3104//7042 3264//7042 3195//7042
f 3258//7043 3195//7043 3264//7043
f 3103//7044 3257//7044 3112//7044
f 3112//7045 3257//7045 3265//7045
f 3263//7046 3261//7046 3109//7046
f 3263//7047 3109//7047 3201//7047
f 3112//7048 3266//7048 3199//7048
f 3265//7049 3266//7049 3112//7049
f 3267//7050 3201//7050 3203//7050
f 3203//7051 3204//7051 3267//7051
f 3113//7052 3268//7053 3204//7054
f 3202//7055 3268//7055 3113//7055
f 3115//7056 3117//7056 3269//7056
f 3205//7057 3117//7057 3045//7057
f 3270//7058 3115//7058 3269//7058
f 3046//7059 3115//7059 3270//7059
f 3046//7060 3270//7060 3047//7060
f 3271//7061 3047//7061 3270//7061
f 3047//7062 3271//7062 3121//7062
f 3120//7063 3119//7063 3048//7063
f 3272//7064 3120//7064 3123//7064
f 3122//7065 3050//7065 3273//7065
f 3206//7066 3122//7066 3273//7066
f 3123//7067 3051//7067 3272//7067
f 3206//7068 3274//7068 3124//7068
f 3275//7069 3272//7069 3051//7069
f 3124//7070 3274//7070 3125//7070
f 3125//7071 3274//7071 3208//7071
f 3275//7072 3051//7072 3207//7072
f 3208//7073 3276//7073 3126//7073
f 3052//7074 2987//7074 3207//7074
f 3276//7075 3209//7075 3126//7075
f 3207//7076 2987//7076 3277//7076
f 3126//7077 3209//7077 3055//7077
f 3127//7078 3277//7078 2987//7078
f 3210//7079 3278//7079 3211//7079
f 3128//7080 3279//7080 3127//7080
f 3278//7081 3280//7082 3133//6918
f 3211//6917 3278//7081 3133//6918
f 3281//7083 3134//7083 3213//7083
f 3280//7084 3213//7084 3133//7084
f 3214//7085 3059//7085 3281//7085
f 3134//7086 3281//7086 3059//7086
f 3135//6752 3132//7087 3058//6753
f 3216//7088 3135//7088 3215//7088
f 2994//7089 3216//7089 3217//7089
f 3061//7090 3282//7090 2994//7090
f 3219//7091 3218//7091 3220//7091
f 3221//7092 3219//7092 3220//7092
f 3221//7093 3220//7093 3137//7093
f 3139//7094 3068//7094 3283//7094
f 3284//7095 3139//7095 3283//7095
f 3223//7096 3139//7096 3284//7096
f 3002//7097 3140//7097 3285//7097
f 3002//7098 3285//7098 3141//7098
f 3070//7099 3069//7099 3226//7099
f 3005//7100 3286//7100 3007//7100
f 3006//7101 3287//7101 3142//7101
f 3225//7102 3142//7102 3287//7102
f 3006//7103 3288//7103 3287//7103
f 3146//7104 3289//7104 3012//7104
f 3290//7105 3229//7105 3291//7105
f 3147//7106 3291//7106 3229//7106
f 3291//7107 3147//7107 3292//7107
f 3229//7108 3290//7108 3148//7108
f 3011//7109 3292//7109 3147//7109
f 3011//7110 3076//7110 3292//7110
f 3228//7111 3150//7111 3293//7111
f 3074//7112 3148//7112 3151//7112
f 3012//7113 3289//7113 3152//7113
f 3289//7114 3154//7114 3152//7114
f 3230//7115 3293//7115 3150//7115
f 2943//7116 3156//7116 3153//7116
f 3156//7117 3233//7117 3294//7117
f 2942//7118 3232//7118 3295//7118
f 3295//7119 3158//7119 2942//7119
f 3160//7120 3296//7120 3159//7120
f 3158//7121 3295//7121 3161//7121
f 3234//6969 3081//6971 3297//7122
f 3297//7123 3081//7123 3163//7123
f 3082//7124 2946//7124 3298//7124
f 3160//7125 3165//7125 3296//7125
f 3298//7126 3170//7126 3082//7126
f 3163//7127 3236//7127 3299//7127
f 3300//7128 3085//7128 3301//7128
f 3300//7129 3237//6983 3085//6985
f 3236//7130 3238//7130 3240//7130
f 3299//7131 3236//7131 3240//7131
f 3301//7132 3085//7132 3086//7132
f 3238//7133 3237//7133 3302//7133
f 3302//7134 3240//7134 3238//7134
f 3299//7135 3240//7135 3173//7135
f 3173//7136 3303//7136 3299//7136
f 3301//7137 3086//7137 3087//7137
f 3240//7138 3302//7138 3241//7138
f 3303//7139 3173//7139 3244//7139
f 2953//7140 3171//7140 3239//7140
f 3171//7141 3243//7141 3304//7141
f 3242//7142 3178//7142 2956//7142
f 3241//7143 3302//7143 3174//7143
f 3174//7144 3302//7144 3305//7144
f 3174//7145 3305//7145 3176//7145
f 3178//7146 3306//7146 3179//7146
f 3306//7147 3246//7147 3179//7147
f 3176//7148 3305//7148 3093//7148
f 3303//7149 3244//7149 3307//7149
f 3247//7150 3093//7150 3305//7150
f 3307//7151 3244//7151 3098//7151
f 3183//7152 3182//7152 3308//7152
f 3309//7153 3307//7153 3098//7153
f 3182//7154 3248//7154 3310//7154
f 3308//7155 3311//7155 3183//7155
f 3183//7156 3311//7156 3250//7156
f 3183//7157 3250//7157 3249//7157
f 3309//7158 3098//7158 3101//7158
f 3250//7159 3312//7159 3188//7159
f 3250//7160 3311//7160 3312//7160
f 3313//7161 3102//7161 3180//7161
f 3248//7162 3181//7162 3314//7162
f 3314//7163 3181//7163 3252//7163
f 3188//7164 3312//7164 3315//7164
f 3316//7165 3187//7165 3189//7165
f 3316//7166 3251//7166 3187//7166
f 3313//7167 3254//7167 3102//7167
f 3314//7168 3252//7168 3253//7168
f 3253//7169 3317//7169 3318//7169
f 3314//7170 3253//7170 3318//7170
f 3189//7171 3193//7171 3316//7171
f 3251//7172 3316//7172 3193//7172
f 3191//7173 3110//7173 3319//7173
f 3192//6865 3320//7174 3104//6866
f 3309//7175 3101//7175 3258//7175
f 3321//7176 3309//7176 3258//7176
f 3255//7177 3254//7177 3322//7177
f 3323//7178 3259//7178 3324//7178
f 3317//7179 3253//7179 3256//7179
f 3188//7180 3325//7180 3257//7180
f 3315//7181 3325//7181 3188//7181
f 3193//7182 3194//7182 3251//7182
f 3190//7183 3251//7183 3194//7183
f 3326//7184 3321//7184 3258//7184
f 3255//7185 3322//7185 3198//7185
f 3198//7186 3322//7186 3260//7186
f 3259//7187 3323//7187 3256//7187
f 3262//7188 3263//7188 3110//7188
f 3320//7189 3264//7189 3104//7189
f 3258//7190 3264//7190 3327//7190
f 3326//7191 3258//7191 3327//7191
f 3266//7192 3265//7192 3328//7192
f 3265//7193 3257//7193 3329//7193
f 3325//7194 3329//7194 3257//7194
f 3263//7195 3201//7195 3330//7195
f 3199//7196 3331//7197 3200//7198
f 3199//7199 3266//7199 3331//7199
f 3332//7200 3328//7200 3265//7200
f 3201//7201 3267//7201 3330//7201
f 3268//7202 3202//7202 3333//7202
f 3268//7053 3267//7203 3204//7054
f 3334//7204 3117//7204 3205//7204
f 3269//7205 3117//7205 3334//7205
f 3119//7206 3120//7206 3335//7206
f 3271//7207 3336//7207 3121//7207
f 3121//7208 3336//7209 3273//7210
f 3121//7208 3273//7210 3050//7211
f 3120//7212 3272//7212 3335//7212
f 3206//7213 3273//7213 3274//7213
f 3272//7214 3275//7214 3337//7214
f 3274//7215 3338//7215 3208//7215
f 3339//7216 3275//7216 3207//7216
f 3208//7217 3338//7217 3276//7217
f 3277//7218 3339//7218 3207//7218
f 3276//7219 3340//7220 3210//7221
f 3276//7222 3210//7222 3209//7222
f 3127//7223 3279//7223 3277//7223
f 3210//7224 3340//7224 3278//7224
f 3128//7225 3341//7225 3279//7225
f 3212//7226 3341//7226 3128//7226
f 3280//7227 3281//7227 3213//7227
f 3341//7228 3212//7228 3342//7228
f 3342//7229 3212//7229 3130//7229
f 3342//7230 3130//7230 3132//7230
f 3132//7231 3343//7231 3342//7231
f 3132//7087 3135//6752 3343//7232
f 3343//7233 3135//7233 3216//7233
f 3214//7234 3282//7234 3061//7234
f 3344//7235 3216//7235 2994//7235
f 3282//7236 3344//7236 2994//7236
f 3068//7237 3138//7237 3345//7237
f 3283//7238 3068//7238 3345//7238
f 3283//7239 3346//7240 3284//7241
f 3141//7242 3285//7242 3347//7242
f 3222//7243 3225//7243 3287//7243
f 3005//7244 3224//7244 3286//7244
f 3348//7245 3223//7245 3284//7245
f 3069//7246 3223//7247 3348//7248
f 3348//7248 3226//7249 3069//7246
f 3004//7250 3143//7250 3349//7250
f 3073//7251 3007//7251 3350//7251
f 3145//7252 3351//7252 3288//7252
f 3145//7253 3288//7253 3006//7253
f 3146//7254 3009//7254 3352//7254
f 3144//7255 3071//7255 3353//7255
f 3227//7256 3354//7256 3071//7256
f 3354//7257 3353//7257 3071//7257
f 3352//7258 3289//7258 3146//7258
f 3228//7259 3355//7259 3227//7259
f 3291//7260 3356//7260 3290//7260
f 3148//7261 3290//7261 3151//7261
f 3076//7262 3357//7262 3292//7262
f 3077//7263 3357//7263 3076//7263
f 3357//7264 3077//7264 3358//7264
f 3078//7265 3358//7265 3077//7265
f 3289//7266 3359//7266 3154//7266
f 2884//7267 3013//7267 3151//7267
f 3153//7268 3358//7269 3078//7270
f 3080//7271 3360//7271 3231//7271
f 3080//7272 3361//7272 3360//7272
f 3359//7273 3232//7273 3154//7273
f 3293//7274 3230//7274 3362//7274
f 3156//7275 3363//7275 3153//7275
f 3156//7276 3294//7276 3363//7276
f 3080//7277 3159//7277 3361//7277
f 3155//7278 3364//7278 3157//7278
f 3295//7279 3232//7279 3365//7279
f 3157//7280 3233//7280 3018//7280
f 3234//7281 3362//7281 3230//7281
f 3298//7282 2946//7282 2884//7282
f 3365//7283 3366//7283 3295//7283
f 3159//7284 3296//7284 3367//7284
f 3161//7285 3295//7285 3366//7285
f 3366//7286 3162//7286 3161//7286
f 3297//7287 3163//7287 3299//7287
f 3165//7288 3368//7288 3296//7288
f 3369//7289 3235//7290 3162//7291
f 3170//7292 3298//7292 3242//7292
f 3235//7290 3369//7289 3370//7293
f 3166//7294 3368//7294 3165//7294
f 3235//7290 3370//7293 3167//7295
f 3371//7296 3372//7296 3300//7296
f 3299//7297 3303//7297 3373//7297
f 3166//7298 3374//7298 3368//7298
f 3168//7299 3167//7299 3375//7299
f 3371//7300 3300//7300 3376//7300
f 3301//7301 3376//7301 3300//7301
f 3300//7302 3372//7302 3237//7302
f 3372//7303 3377//7303 3237//7303
f 3239//7304 3374//7304 3166//7304
f 3375//7305 3169//7305 3168//7305
f 3302//7306 3237//7306 3377//7306
f 3376//7307 3301//7307 3087//7307
f 3171//7308 3304//7308 3239//7308
f 3376//7309 3087//7309 3175//7309
f 3378//7310 3302//7310 3377//7310
f 3242//7311 3379//7311 3178//7311
f 3379//7312 3380//7312 3178//7312
f 3302//7313 3378//7313 3305//7313
f 3178//7314 3380//7314 3306//7314
f 3175//7315 3177//7315 3381//7315
f 3378//7316 3382//7317 3305//7318
f 3246//7319 3306//7319 3383//7319
f 3305//7318 3382//7317 3247//7320
f 3383//7321 3384//7321 3246//7321
f 3177//7000 3245//7002 3381//7322
f 3245//7002 3385//7323 3381//7322
f 3245//7324 3386//7324 3385//7324
f 3382//7325 3387//7325 3247//7325
f 3388//7326 3182//7326 3310//7326
f 3308//7327 3182//7327 3388//7327
f 3389//7328 3307//7328 3309//7328
f 3248//7329 3390//7329 3310//7329
f 3388//7330 3310//7330 3311//7330
f 3311//7331 3310//7331 3390//7331
f 3308//7332 3388//7332 3311//7332
f 3245//7333 3191//7333 3386//7333
f 3386//7334 3191//7334 3391//7334
f 3247//7335 3387//7335 3094//7335
f 3246//7336 3384//7336 3180//7336
f 3384//7337 3313//7337 3180//7337
f 3248//7338 3392//7338 3390//7338
f 3393//7339 3390//7339 3392//7339
f 3393//7340 3312//7340 3390//7340
f 3312//7341 3311//7341 3390//7341
f 3394//7342 3391//7342 3191//7342
f 3094//7343 3387//7343 3395//7343
f 3192//7344 3094//7344 3396//7344
f 3094//7345 3395//7345 3396//7345
f 3397//7346 3398//7346 3324//7346
f 3324//7347 3398//7347 3399//7347
f 3314//7348 3392//7348 3248//7348
f 3314//7349 3318//7349 3392//7349
f 3400//7350 3392//7350 3318//7350
f 3392//7351 3400//7351 3393//7351
f 3393//7352 3400//7352 3401//7352
f 3393//7353 3401//7353 3312//7353
f 3401//7354 3402//7354 3312//7354
f 3402//7355 3315//7355 3312//7355
f 3191//7356 3319//7356 3394//7356
f 3309//7357 3321//7357 3389//7357
f 3254//7358 3313//7358 3403//7358
f 3397//7359 3259//7359 3260//7359
f 3324//7360 3259//7360 3397//7360
f 3317//7361 3404//7361 3318//7361
f 3400//7362 3318//7362 3404//7362
f 3110//7363 3405//7363 3319//7363
f 3403//7364 3322//7364 3254//7364
f 3323//7365 3399//7365 3406//7365
f 3399//7366 3323//7366 3324//7366
f 3407//7367 3404//7367 3317//7367
f 3315//7368 3408//7368 3325//7368
f 3315//7369 3402//7369 3408//7369
f 3321//7370 3327//7370 3409//7370
f 3321//7371 3326//7371 3327//7371
f 3323//7372 3410//7372 3411//7372
f 3323//7373 3406//7373 3410//7373
f 3411//7374 3256//7374 3323//7374
f 3317//7375 3256//7375 3407//7375
f 3256//7376 3411//7376 3407//7376
f 3110//7377 3263//7377 3405//7377
f 3320//7378 3327//7378 3264//7378
f 3331//7379 3266//7379 3412//7379
f 3266//7380 3328//7380 3412//7380
f 3263//7381 3330//7381 3413//7381
f 3333//7382 3202//7382 3414//7382
f 3414//7383 3202//7383 3200//7383
f 3265//7384 3329//7384 3332//7384
f 3267//7385 3415//7385 3330//7385
f 3267//7386 3416//7386 3415//7386
f 3268//7387 3416//7387 3267//7387
f 3268//7388 3333//7388 3416//7388
f 3417//7389 3205//7389 3118//7389
f 3334//7390 3205//7390 3417//7390
f 3270//7391 3269//7391 3334//7391
f 3418//7392 3270//7392 3334//7392
f 3118//7393 3119//7393 3419//7393
f 3417//7394 3118//7394 3419//7394
f 3270//7395 3418//7395 3420//7395
f 3420//7396 3271//7396 3270//7396
f 3271//7397 3420//7397 3336//7397
f 3335//7398 3419//7398 3119//7398
f 3420//7399 3421//7399 3336//7399
f 3336//7400 3421//7400 3273//7400
f 3273//7401 3421//7401 3422//7401
f 3423//7402 3335//7402 3272//7402
f 3423//7403 3272//7403 3337//7403
f 3273//7404 3422//7404 3424//7404
f 3273//7405 3424//7405 3274//7405
f 3338//7406 3424//7406 3425//7406
f 3274//7407 3424//7407 3338//7407
f 3337//7408 3275//7408 3426//7408
f 3338//7409 3425//7409 3276//7409
f 3427//7410 3426//7410 3275//7410
f 3339//7411 3427//7411 3275//7411
f 3428//7412 3427//7412 3339//7412
f 3425//7413 3429//7414 3340//7415
f 3276//7219 3425//7416 3340//7220
f 3339//7417 3277//7417 3430//7417
f 3428//7418 3339//7418 3430//7418
f 3431//7419 3277//7419 3279//7419
f 3431//7420 3430//7420 3277//7420
f 3340//7421 3429//7421 3278//7421
f 3429//7422 3432//7422 3280//7422
f 3278//7423 3429//7423 3280//7423
f 3433//7424 3434//7425 3280//7426
f 3432//7427 3433//7427 3280//7427
f 3431//7428 3279//7428 3341//7428
f 3280//7426 3434//7425 3281//7429
f 3435//7430 3214//7430 3281//7430
f 3436//7431 3343//7431 3216//7431
f 3436//7432 3216//7432 3344//7432
f 3214//7433 3435//7433 3282//7433
f 3138//7434 3437//7434 3345//7434
f 3138//7435 3222//7435 3437//7435
f 3438//7436 3283//7239 3345//7437
f 3283//7239 3438//7436 3346//7240
f 3285//7438 3140//7438 3349//7438
f 3284//7439 3439//7439 3348//7439
f 3140//7440 3004//7440 3349//7440
f 3286//7441 3440//7441 3007//7441
f 3226//7442 3348//7442 3441//7442
f 3226//7443 3441//7443 3442//7443
f 3443//7444 3143//7444 3226//7444
f 3351//7445 3145//7445 3444//7445
f 3445//7446 3351//7446 3444//7446
f 3144//6774 3446//7447 3145//6775
f 3144//7448 3353//7448 3446//7448
f 3355//7449 3354//7450 3227//7451
f 3447//7452 3356//7452 3448//7452
f 3352//7453 3449//7453 3289//7453
f 3290//7454 3447//7454 3450//7454
f 3447//7455 3290//7455 3356//7455
f 3448//7456 3356//7456 3291//7456
f 3448//7457 3291//7457 3451//7457
f 3451//7458 3291//7458 3292//7458
f 3292//7459 3357//7459 3451//7459
f 3452//7460 3355//7460 3228//7460
f 3151//7461 3290//7461 3453//7461
f 3449//7462 3359//7462 3289//7462
f 3293//7463 3452//7463 3228//7463
f 3151//7464 3454//7464 2884//7464
f 3358//7269 3153//7268 3363//7465
f 3362//7466 3452//7466 3293//7466
f 3155//7467 3231//7467 3364//7467
f 3232//7468 3359//7468 3365//7468
f 3233//7469 3455//7469 3294//7469
f 3157//7470 3364//7470 3233//7470
f 3367//7471 3361//7471 3159//7471
f 3298//7472 2884//7472 3454//7472
f 3362//7473 3234//7473 3297//7473
f 3366//7474 3456//7474 3162//7474
f 3456//7475 3369//7475 3162//7475
f 3297//7476 3299//7476 3457//7476
f 3457//7477 3299//7477 3373//7477
f 3371//7478 3458//7478 3372//7478
f 3370//7479 3375//7479 3167//7479
f 3376//7480 3458//7480 3371//7480
f 3459//7481 3372//7481 3458//7481
f 3459//7482 3377//7482 3372//7482
f 3460//7483 3169//7483 3375//7483
f 3459//7484 3458//7484 3376//7484
f 3169//7485 3460//7485 3243//7485
f 3243//7486 3460//7486 3461//7486
f 3377//7487 3459//7487 3462//7487
f 3243//7488 3461//7488 3304//7488
f 3376//7489 3175//7489 3459//7489
f 3462//7490 3459//7490 3175//7490
f 3377//7491 3462//7491 3378//7491
f 3373//7492 3303//7492 3463//7492
f 3378//7493 3462//7493 3464//7493
f 3464//7494 3462//7494 3175//7494
f 3380//7495 3465//7495 3306//7495
f 3465//7496 3383//7496 3306//7496
f 3381//7497 3464//7497 3175//7497
f 3307//7498 3463//7498 3303//7498
f 3378//7499 3464//7499 3382//7499
f 3466//7500 3463//7500 3307//7500
f 3464//7501 3381//7501 3382//7501
f 3385//7502 3382//7502 3381//7502
f 3389//7503 3466//7503 3307//7503
f 3467//7504 3382//7504 3385//7504
f 3467//7505 3385//7505 3386//7505
f 3467//7506 3387//7506 3382//7506
f 3386//7507 3391//7507 3468//7507
f 3469//7508 3313//7509 3384//7510
f 3470//7511 3468//7511 3391//7511
f 3391//7512 3471//7512 3470//7512
f 3472//7513 3470//7513 3471//7513
f 3470//7514 3472//7514 3394//7514
f 3387//7515 3394//7515 3472//7515
f 3394//7516 3387//7516 3391//7516
f 3471//7517 3391//7517 3387//7517
f 3387//7518 3472//7518 3395//7518
f 3389//7519 3321//7519 3473//7519
f 3469//7520 3474//7520 3313//7520
f 3475//7521 3476//7521 3397//7521
f 3398//7522 3397//7522 3477//7522
f 3397//7523 3476//7523 3477//7523
f 3398//7524 3477//7524 3399//7524
f 3394//7525 3319//7525 3470//7525
f 3319//7526 3478//7526 3470//7526
f 3479//7527 3478//7527 3319//7527
f 3473//7528 3321//7528 3480//7528
f 3474//7529 3481//7529 3313//7529
f 3403//7530 3313//7530 3481//7530
f 3397//7531 3260//7531 3475//7531
f 3399//7532 3477//7532 3406//7532
f 3400//7533 3404//7533 3401//7533
f 3404//7534 3402//7534 3401//7534
f 3320//7535 3192//7535 3482//7535
f 3480//7536 3321//7536 3483//7536
f 3481//7537 3322//7537 3403//7537
f 3260//7538 3322//7538 3481//7538
f 3475//7539 3260//7539 3481//7539
f 3404//7540 3484//7540 3408//7540
f 3402//7541 3404//7541 3408//7541
f 3327//7542 3485//7542 3409//7542
f 3483//7543 3321//7543 3409//7543
f 3410//7544 3406//7545 3486//7546
f 3411//7547 3487//7547 3407//7547
f 3484//7548 3325//7548 3408//7548
f 3200//7198 3331//7197 3414//7549
f 3328//7550 3488//7550 3412//7550
f 3411//7551 3410//7551 3487//7551
f 3489//7552 3325//7552 3484//7552
f 3413//7553 3330//7553 3415//7553
f 3328//7554 3490//7554 3488//7554
f 3328//7555 3332//7555 3490//7555
f 3329//7556 3489//7556 3332//7556
f 3489//7557 3329//7557 3325//7557
f 3334//7558 3417//7558 3491//7558
f 3418//7559 3334//7559 3491//7559
f 3492//7560 3418//7560 3491//7560
f 3418//7561 3492//7561 3420//7561
f 3417//7562 3419//7562 3493//7562
f 3491//7563 3417//7563 3493//7563
f 3420//7564 3492//7564 3421//7564
f 3335//7565 3493//7566 3419//7567
f 3493//7566 3335//7565 3423//7568
f 3494//7569 3421//7569 3492//7569
f 3422//7570 3421//7570 3494//7570
f 3422//7571 3494//7572 3424//7573
f 3423//7574 3337//7574 3495//7574
f 3495//7575 3337//7575 3426//7575
f 3424//7573 3494//7572 3425//7576
f 3425//7577 3494//7577 3496//7577
f 3495//7578 3426//7578 3427//7578
f 3497//7579 3495//7579 3427//7579
f 3429//7580 3496//7581 3498//7582
f 3425//7413 3496//7583 3429//7414
f 3498//7584 3497//7584 3433//7584
f 3429//7580 3498//7582 3432//7585
f 3499//7586 3427//7586 3428//7586
f 3497//7587 3427//7587 3499//7587
f 3433//7588 3497//7588 3499//7588
f 3498//7582 3433//7589 3432//7585
f 3428//7590 3430//7590 3500//7590
f 3500//7591 3501//7591 3428//7591
f 3428//7592 3501//7592 3499//7592
f 3433//7593 3499//7593 3434//7593
f 3502//7594 3430//7594 3431//7594
f 3434//7595 3499//7595 3501//7595
f 3341//7596 3502//7596 3431//7596
f 3434//7597 3501//7597 3281//7597
f 3281//7598 3501//7598 3503//7598
f 3502//7599 3341//7599 3436//7599
f 3435//7600 3281//7600 3503//7600
f 3342//7601 3436//7601 3341//7601
f 3344//7602 3435//7602 3503//7602
f 3342//7603 3343//7603 3436//7603
f 3282//7604 3435//7604 3344//7604
f 3345//7605 3437//7605 3438//7605
f 3141//7606 3504//7606 3224//7606
f 3437//7607 3222//7607 3505//7607
f 3222//7608 3287//7608 3505//7608
f 3284//7241 3346//7240 3439//7609
f 3506//7610 3348//7610 3439//7610
f 3507//7611 3348//7612 3506//7613
f 3226//7614 3442//7614 3443//7614
f 3349//7615 3143//7615 3443//7615
f 3288//7616 3505//7616 3287//7616
f 3441//7617 3348//7612 3507//7611
f 3442//7618 3441//7618 3507//7618
f 3007//7619 3440//7619 3350//7619
f 3505//7620 3288//7620 3508//7620
f 3508//7621 3288//7621 3351//7621
f 3350//7622 3009//7622 3073//7622
f 3509//7623 3351//7623 3445//7623
f 3509//7624 3508//7624 3351//7624
f 3145//7625 3446//7625 3444//7625
f 3510//7626 3445//7627 3511//7628
f 3509//7629 3445//7629 3510//7629
f 3512//7630 3510//7631 3513//7632
f 3512//7633 3514//7633 3515//7633
f 3516//7634 3515//7634 3514//7634
f 3447//7635 3516//7635 3514//7635
f 3448//7636 3516//7636 3447//7636
f 3514//7637 3450//7637 3447//7637
f 3290//7638 3450//7638 3453//7638
f 3517//7639 3451//7639 3357//7639
f 3357//7640 3518//7640 3517//7640
f 3518//7641 3357//7641 3519//7641
f 3519//7642 3357//7642 3358//7642
f 3520//7643 3151//7643 3453//7643
f 3519//7644 3358//7644 3521//7644
f 3521//7645 3358//7645 3363//7645
f 3454//7646 3151//7646 3520//7646
f 3363//7647 3522//7647 3521//7647
f 3522//7648 3363//7648 3294//7648
f 3294//7649 3523//7649 3522//7649
f 3365//7650 3359//7650 3524//7650
f 3365//7651 3524//7651 3525//7651
f 3294//7652 3455//7652 3523//7652
f 3365//7653 3525//7653 3366//7653
f 3366//7654 3525//7654 3456//7654
f 3452//7655 3362//7655 3526//7655
f 3526//7656 3362//7656 3527//7656
f 3527//7657 3362//7657 3297//7657
f 3298//7658 3528//7658 3242//7658
f 3527//7659 3297//7660 3457//7661
f 3529//7662 3369//7662 3530//7662
f 3530//7663 3369//7663 3456//7663
f 3368//7664 3531//7664 3296//7664
f 3370//7665 3369//7665 3529//7665
f 3529//7666 3532//7666 3370//7666
f 3533//7667 3457//7667 3373//7667
f 3368//7668 3374//7668 3531//7668
f 3531//7669 3374//7669 3534//7669
f 3370//7670 3532//7670 3375//7670
f 3463//7671 3533//7671 3373//7671
f 3374//7672 3239//7672 3534//7672
f 3379//7673 3535//7673 3380//7673
f 3534//7674 3239//7674 3536//7674
f 3380//7675 3535//7676 3537//7677
f 3536//7678 3239//7678 3304//7678
f 3461//7679 3536//7679 3304//7679
f 3380//7675 3537//7677 3465//7680
f 3465//7681 3537//7681 3538//7681
f 3465//7682 3538//7682 3383//7682
f 3383//7683 3538//7683 3384//7683
f 3466//7684 3389//7684 3539//7684
f 3467//7685 3386//7685 3468//7685
f 3540//7686 3387//7686 3467//7686
f 3389//7687 3473//7687 3539//7687
f 3387//7688 3540//7688 3471//7688
f 3540//7689 3472//7689 3471//7689
f 3395//7690 3472//7690 3541//7690
f 3542//7691 3477//7691 3476//7691
f 3543//7692 3470//7692 3478//7692
f 3478//7693 3541//7693 3543//7693
f 3544//7694 3543//7694 3541//7694
f 3543//7695 3544//7695 3479//7695
f 3395//7696 3479//7696 3544//7696
f 3479//7697 3395//7697 3478//7697
f 3541//7698 3478//7698 3395//7698
f 3396//7699 3395//7699 3544//7699
f 3474//7700 3545//7700 3546//7700
f 3481//7701 3474//7701 3475//7701
f 3474//7702 3546//7702 3475//7702
f 3477//7703 3542//7703 3406//7703
f 3479//7704 3319//7704 3543//7704
f 3405//7705 3543//7706 3319//7707
f 3482//7708 3192//7708 3396//7708
f 3542//7709 3547//7709 3406//7709
f 3407//7710 3484//7710 3404//7710
f 3327//7711 3320//7711 3548//7711
f 3327//7712 3548//7712 3485//7712
f 3406//7713 3547//7713 3486//7713
f 3486//7714 3547//7714 3549//7714
f 3487//7715 3550//7715 3407//7715
f 3550//7716 3484//7716 3407//7716
f 3263//7717 3551//7717 3405//7717
f 3413//7718 3551//7718 3263//7718
f 3551//7719 3413//7719 3552//7719
f 3333//7720 3414//7720 3553//7720
f 3412//7721 3488//7721 3554//7721
f 3555//7722 3486//7722 3549//7722
f 3486//7546 3555//7723 3410//7544
f 3487//7724 3410//7724 3556//7724
f 3410//7725 3555//7725 3556//7725
f 3487//7726 3556//7726 3489//7726
f 3487//7727 3489//7727 3550//7727
f 3484//7728 3550//7728 3489//7728
f 3415//7729 3552//7730 3413//7731
f 3415//7729 3557//7732 3552//7730
f 3332//7733 3556//7733 3490//7733
f 3556//7734 3332//7734 3489//7734
f 3491//7735 3493//7735 3558//7735
f 3494//7736 3491//7736 3559//7736
f 3492//7737 3491//7737 3494//7737
f 3423//7738 3558//7738 3493//7738
f 3559//7739 3491//7739 3558//7739
f 3558//7740 3423//7740 3495//7740
f 3559//7741 3496//7741 3494//7741
f 3559//7742 3558//7743 3496//7744
f 3558//7743 3495//7745 3496//7744
f 3495//7746 3497//7746 3498//7746
f 3496//7747 3495//7747 3498//7747
f 3500//7748 3430//7748 3502//7748
f 3501//7749 3500//7749 3560//7749
f 3500//7750 3502//7750 3560//7750
f 3501//7751 3560//7751 3503//7751
f 3560//7752 3502//7752 3436//7752
f 3503//7753 3560//7753 3436//7753
f 3503//7754 3436//7754 3344//7754
f 3141//7755 3347//7755 3561//7755
f 3561//7756 3347//7756 3562//7756
f 3286//7757 3224//7757 3504//7757
f 3438//7758 3437//7758 3563//7758
f 3564//7759 3346//7759 3438//7759
f 3565//7760 3285//7760 3349//7760
f 3563//7761 3437//7761 3505//7761
f 3564//7762 3439//7762 3346//7762
f 3565//7763 3349//7763 3566//7763
f 3564//7764 3506//7765 3439//7766
f 3349//7767 3443//7767 3566//7767
f 3507//7768 3567//7768 3442//7768
f 3511//7628 3445//7627 3444//7769
f 3568//7770 3509//7770 3510//7770
f 3511//7771 3513//7771 3510//7771
f 3568//7772 3510//7773 3512//7774
f 3516//7775 3568//7772 3512//7774
f 3569//7776 3513//7776 3511//7776
f 3516//7777 3512//7777 3515//7777
f 3512//7630 3513//7632 3514//7778
f 3570//7779 3516//7779 3448//7779
f 3571//7780 3353//7780 3354//7780
f 3355//7449 3571//7781 3354//7450
f 3450//7782 3514//7782 3572//7782
f 3570//7783 3448//7783 3451//7783
f 3570//7784 3451//7784 3517//7784
f 3450//7785 3572//7785 3453//7785
f 3449//7786 3573//7786 3359//7786
f 3573//7787 3524//7787 3359//7787
f 3452//7788 3574//7789 3355//7790
f 3231//7791 3575//7791 3576//7791
f 3575//7792 3231//7792 3360//7792
f 3231//7793 3576//7793 3364//7793
f 3364//7794 3455//7794 3233//7794
f 3298//7795 3454//7795 3577//7795
f 3577//7796 3528//7796 3298//7796
f 3367//7797 3578//7797 3579//7797
f 3296//7798 3578//7798 3367//7798
f 3580//7799 3578//7799 3296//7799
f 3581//7800 3527//7659 3457//7661
f 3528//7801 3582//7801 3242//7801
f 3580//7802 3296//7802 3531//7802
f 3533//7803 3581//7803 3457//7803
f 3242//7804 3582//7805 3379//7806
f 3531//7807 3583//7807 3580//7807
f 3583//7808 3531//7808 3534//7808
f 3584//7809 3533//7809 3463//7809
f 3537//7810 3535//7810 3585//7810
f 3534//7811 3536//7811 3586//7811
f 3460//7812 3587//7812 3461//7812
f 3466//7813 3588//7813 3463//7813
f 3588//7814 3584//7814 3463//7814
f 3588//7815 3466//7815 3539//7815
f 3538//7816 3589//7816 3384//7816
f 3589//7817 3590//7818 3384//7819
f 3384//7510 3590//7820 3469//7508
f 3467//7821 3468//7821 3591//7821
f 3591//7822 3540//7822 3467//7822
f 3540//7823 3541//7823 3472//7823
f 3545//7824 3474//7824 3592//7824
f 3592//7825 3474//7825 3469//7825
f 3475//7826 3542//7826 3476//7826
f 3541//7827 3540//7827 3544//7827
f 3473//7828 3480//7828 3593//7828
f 3545//7829 3594//7829 3546//7829
f 3546//7830 3595//7830 3475//7830
f 3595//7831 3542//7831 3475//7831
f 3543//7832 3596//7832 3470//7832
f 3597//7833 3480//7833 3483//7833
f 3547//7834 3595//7834 3598//7834
f 3547//7835 3542//7835 3595//7835
f 3405//7705 3599//7836 3543//7706
f 3320//7837 3482//7837 3548//7837
f 3485//7838 3548//7838 3600//7838
f 3485//7839 3600//7839 3409//7839
f 3600//7840 3597//7840 3483//7840
f 3600//7841 3483//7841 3409//7841
f 3549//7842 3598//7842 3601//7842
f 3549//7843 3547//7843 3598//7843
f 3602//7844 3551//7844 3552//7844
f 3416//7845 3333//7845 3603//7845
f 3331//7846 3553//7846 3414//7846
f 3331//7847 3554//7847 3553//7847
f 3412//7848 3554//7848 3331//7848
f 3601//7849 3488//7849 3549//7849
f 3601//7850 3554//7850 3488//7850
f 3555//7851 3549//7851 3488//7851
f 3488//7852 3490//7852 3555//7852
f 3556//7853 3555//7853 3490//7853
f 3285//7854 3604//7854 3347//7854
f 3347//7855 3604//7855 3562//7855
f 3141//7856 3561//7856 3504//7856
f 3604//7857 3285//7857 3565//7857
f 3286//7858 3504//7858 3605//7858
f 3563//7859 3564//7859 3438//7859
f 3286//7860 3605//7860 3440//7860
f 3563//7861 3505//7861 3606//7861
f 3606//7862 3505//7862 3508//7862
f 3567//7863 3443//7863 3442//7863
f 3440//7864 3607//7864 3350//7864
f 3606//7865 3508//7865 3608//7865
f 3609//7866 3506//7765 3564//7764
f 3507//7867 3506//7868 3609//7869
f 3608//7870 3508//7870 3509//7870
f 3350//7871 3610//7871 3009//7871
f 3608//7872 3509//7872 3568//7872
f 3009//7873 3610//7873 3352//7873
f 3446//7874 3611//7874 3444//7874
f 3612//7875 3568//7876 3516//7877
f 3612//7878 3516//7878 3570//7878
f 3449//7879 3352//7879 3613//7879
f 3353//7880 3571//7880 3446//7880
f 3614//7881 3612//7881 3570//7881
f 3572//7882 3514//7882 3513//7882
f 3615//7883 3614//7883 3570//7883
f 3517//7884 3615//7884 3570//7884
f 3616//7885 3615//7885 3517//7885
f 3518//7886 3616//7886 3517//7886
f 3519//7887 3616//7887 3518//7887
f 3519//7888 3617//7888 3616//7888
f 3574//7789 3452//7788 3618//7889
f 3617//7890 3519//7890 3521//7890
f 3619//7891 3454//7891 3520//7891
f 3360//7892 3361//7892 3575//7892
f 3364//7893 3576//7893 3620//7893
f 3455//7894 3364//7894 3621//7894
f 3364//7895 3620//7895 3621//7895
f 3361//7896 3367//7896 3622//7896
f 3526//7897 3623//7897 3452//7897
f 3367//7898 3579//7898 3622//7898
f 3525//7899 3624//7899 3456//7899
f 3624//7900 3530//7900 3456//7900
f 3625//7901 3526//7901 3527//7901
f 3581//7902 3625//7902 3527//7902
f 3530//7903 3626//7903 3529//7903
f 3533//7904 3625//7904 3581//7904
f 3627//7905 3625//7906 3533//7907
f 3582//7805 3628//7908 3379//7806
f 3626//7909 3629//7909 3529//7909
f 3529//7910 3629//7910 3532//7910
f 3630//7911 3535//7912 3628//7913
f 3379//7914 3628//7914 3535//7914
f 3631//7915 3532//7915 3629//7915
f 3627//7916 3533//7916 3584//7916
f 3375//7917 3532//7917 3631//7917
f 3632//7918 3627//7918 3584//7918
f 3585//7919 3535//7919 3630//7919
f 3534//7920 3586//7920 3583//7920
f 3631//7921 3460//7921 3375//7921
f 3461//7922 3633//7922 3536//7922
f 3587//7923 3633//7923 3461//7923
f 3632//7924 3584//7924 3634//7924
f 3584//7925 3588//7925 3634//7925
f 3588//7926 3539//7926 3634//7926
f 3635//7927 3589//7927 3538//7927
f 3636//7928 3539//7928 3637//7928
f 3473//7929 3637//7929 3539//7929
f 3473//7930 3638//7930 3637//7930
f 3468//7931 3470//7931 3591//7931
f 3638//7932 3473//7932 3593//7932
f 3639//7933 3545//7933 3592//7933
f 3593//7934 3480//7934 3597//7934
f 3545//7935 3639//7935 3594//7935
f 3596//7936 3591//7937 3470//7938
f 3396//7939 3544//7939 3548//7939
f 3482//7940 3396//7940 3548//7940
f 3546//7941 3594//7941 3598//7941
f 3595//7942 3546//7942 3598//7942
f 3543//7943 3599//7943 3596//7943
f 3551//7944 3599//7944 3405//7944
f 3557//7945 3416//7945 3640//7945
f 3416//7946 3603//7946 3640//7946
f 3641//7947 3603//7947 3333//7947
f 3553//7948 3641//7948 3333//7948
f 3553//7949 3642//7949 3641//7949
f 3554//7950 3642//7950 3553//7950
f 3554//7951 3601//7951 3642//7951
f 3602//7952 3552//7952 3643//7952
f 3557//7953 3644//7953 3552//7953
f 3416//7954 3557//7954 3415//7954
f 3440//7955 3605//7955 3645//7955
f 3563//7956 3606//7956 3646//7956
f 3647//7957 3563//7957 3646//7957
f 3647//7958 3564//7958 3563//7958
f 3443//7959 3648//7959 3566//7959
f 3649//7960 3566//7960 3650//7960
f 3646//7961 3606//7961 3608//7961
f 3443//7962 3567//7962 3651//7962
f 3646//7963 3608//7963 3652//7963
f 3653//7964 3564//7964 3647//7964
f 3609//7965 3564//7965 3653//7965
f 3654//7966 3609//7966 3653//7966
f 3609//7869 3654//7967 3507//7867
f 3654//7968 3651//7968 3507//7968
f 3567//7969 3507//7969 3651//7969
f 3653//7970 3647//7970 3655//7970
f 3652//7971 3608//7972 3568//7973
f 3656//7974 3652//7971 3568//7973
f 3612//7875 3656//7975 3568//7876
f 3610//7976 3657//7976 3352//7976
f 3658//7977 3444//7977 3611//7977
f 3511//7978 3444//7978 3658//7978
f 3614//7979 3656//7979 3612//7979
f 3352//7980 3657//7980 3613//7980
f 3659//7981 3614//7981 3615//7981
f 3660//7982 3615//7982 3616//7982
f 3449//7983 3613//7983 3573//7983
f 3574//7984 3571//7984 3355//7984
f 3661//7985 3660//7985 3616//7985
f 3661//7986 3616//7986 3617//7986
f 3572//7987 3520//7987 3453//7987
f 3573//7988 3662//7988 3524//7988
f 3617//7989 3521//7989 3663//7989
f 3662//7990 3664//7990 3524//7990
f 3663//7991 3521//7992 3522//7993
f 3452//7994 3623//7994 3618//7994
f 3522//7993 3665//7995 3663//7991
f 3575//7996 3361//7996 3622//7996
f 3664//7997 3525//7998 3524//7999
f 3665//8000 3522//8000 3523//8000
f 3454//8001 3619//8001 3577//8001
f 3523//8002 3455//8002 3666//8002
f 3455//8003 3621//8003 3666//8003
f 3623//8004 3526//8004 3625//8004
f 3528//8005 3577//8005 3667//8005
f 3667//8006 3582//8006 3528//8006
f 3580//8007 3668//8007 3578//8007
f 3669//8008 3625//7906 3627//7905
f 3628//7913 3670//8009 3630//7911
f 3583//8010 3668//8010 3580//8010
f 3630//8011 3670//8011 3671//8011
f 3672//8012 3669//8012 3627//8012
f 3627//8013 3632//8013 3672//8013
f 3630//8014 3671//8014 3585//8014
f 3583//8015 3586//8015 3673//8015
f 3586//8016 3674//8016 3673//8016
f 3587//8017 3460//8017 3675//8017
f 3675//8018 3460//8018 3631//8018
f 3585//8019 3676//8019 3537//8019
f 3538//8020 3537//8020 3676//8020
f 3676//8021 3635//8021 3538//8021
f 3634//8022 3539//8022 3677//8022
f 3677//8023 3539//8023 3636//8023
f 3469//8024 3678//8024 3592//8024
f 3678//8025 3469//8025 3590//8025
f 3544//8026 3540//8026 3679//8026
f 3680//8027 3681//8027 3597//8027
f 3682//8028 3597//8028 3681//8028
f 3597//8029 3682//8029 3593//8029
f 3638//8030 3593//8030 3682//8030
f 3597//8031 3683//8031 3680//8031
f 3684//8032 3594//8032 3639//8032
f 3591//7937 3596//7936 3685//8033
f 3544//8034 3679//8034 3686//8034
f 3548//8035 3544//8035 3686//8035
f 3687//8036 3688//8036 3600//8036
f 3638//8037 3600//8038 3688//8039
f 3682//8040 3600//8040 3638//8040
f 3682//8041 3681//8041 3689//8041
f 3682//8042 3689//8042 3600//8042
f 3600//8043 3689//8043 3597//8043
f 3683//8044 3597//8044 3689//8044
f 3690//8045 3684//8045 3691//8045
f 3594//8046 3684//8046 3690//8046
f 3692//8047 3594//8047 3690//8047
f 3692//8048 3598//8048 3594//8048
f 3548//8049 3686//8049 3687//8049
f 3600//8050 3548//8050 3687//8050
f 3641//8051 3690//8052 3603//8053
f 3641//8054 3642//8054 3692//8054
f 3690//8052 3641//8051 3692//8055
f 3598//8056 3692//8056 3601//8056
f 3601//8057 3692//8057 3642//8057
f 3602//8058 3643//8058 3551//8058
f 3552//8059 3693//8059 3643//8059
f 3552//8060 3644//8060 3693//8060
f 3557//8061 3694//8061 3644//8061
f 3561//8062 3562//8062 3695//8062
f 3504//8063 3561//8063 3696//8063
f 3604//8064 3565//8064 3697//8064
f 3565//8065 3566//8065 3649//8065
f 3440//8066 3645//8066 3607//8066
f 3651//8067 3648//8067 3443//8067
f 3650//8068 3566//8068 3648//8068
f 3350//8069 3607//8069 3610//8069
f 3647//8070 3646//8070 3655//8070
f 3654//8071 3698//8071 3651//8071
f 3699//8072 3652//8072 3656//8072
f 3646//8073 3652//8073 3699//8073
f 3655//8074 3646//8075 3699//8076
f 3653//8077 3655//8077 3700//8077
f 3654//8078 3653//8078 3701//8078
f 3698//8079 3654//8079 3701//8079
f 3655//8074 3699//8076 3702//8080
f 3700//8081 3655//8081 3702//8081
f 3701//8082 3653//8082 3700//8082
f 3699//8083 3656//8084 3614//8085
f 3659//8086 3699//8083 3614//8085
f 3702//8087 3699//8087 3659//8087
f 3700//8088 3702//8088 3659//8088
f 3446//8089 3571//8089 3611//8089
f 3658//8090 3569//8091 3511//8092
f 3700//8093 3659//8093 3703//8093
f 3657//8094 3704//8095 3613//8096
f 3569//8097 3572//8097 3513//8097
f 3660//8098 3659//8098 3615//8098
f 3703//8099 3659//8099 3660//8099
f 3705//8100 3571//8100 3574//8100
f 3661//8101 3703//8101 3660//8101
f 3706//8102 3703//8102 3661//8102
f 3573//8103 3613//8103 3704//8103
f 3662//8104 3573//8104 3704//8104
f 3572//8105 3707//8105 3520//8105
f 3708//8106 3661//8107 3617//8108
f 3706//8109 3661//8109 3708//8109
f 3520//8110 3707//8110 3709//8110
f 3663//8111 3708//8106 3617//8108
f 3709//8112 3619//8112 3520//8112
f 3710//8113 3576//8113 3575//8113
f 3576//8114 3710//8114 3620//8114
f 3666//8115 3665//8115 3523//8115
f 3711//8116 3525//7998 3664//7997
f 3577//8117 3619//8117 3667//8117
f 3622//8118 3579//8119 3712//8120
f 3711//8121 3624//8121 3525//8121
f 3579//8122 3578//8122 3713//8122
f 3625//8123 3714//8123 3623//8123
f 3578//8124 3668//8124 3715//8124
f 3716//8125 3530//8126 3624//8127
f 3667//8128 3717//8128 3582//8128
f 3530//8126 3716//8125 3626//8129
f 3582//8130 3717//8130 3628//8130
f 3625//8131 3669//8131 3714//8131
f 3718//8132 3714//8132 3669//8132
f 3717//8133 3719//8134 3628//7913
f 3720//8135 3721//8135 3670//8135
f 3720//8136 3670//8136 3719//8136
f 3628//7913 3719//8134 3670//8009
f 3626//8137 3722//8137 3629//8137
f 3723//8138 3718//8138 3669//8138
f 3722//8139 3724//8139 3629//8139
f 3723//8140 3669//8140 3725//8140
f 3671//8141 3670//8141 3721//8141
f 3583//8142 3673//8142 3668//8142
f 3724//8143 3631//8143 3629//8143
f 3669//8144 3672//8144 3725//8144
f 3724//8145 3675//8145 3631//8145
f 3633//8146 3587//8146 3726//8146
f 3672//8147 3632//8147 3727//8147
f 3536//8148 3674//8148 3586//8148
f 3536//8149 3633//8149 3674//8149
f 3632//8150 3634//8150 3727//8150
f 3636//8151 3637//8151 3728//8151
f 3637//8152 3638//8153 3729//8154
f 3638//8155 3680//8155 3729//8155
f 3730//8156 3639//8156 3592//8156
f 3540//8157 3591//8157 3679//8157
f 3731//8158 3688//8158 3732//8158
f 3731//8159 3638//8037 3688//8039
f 3731//8160 3681//8160 3638//8160
f 3681//8161 3680//8161 3638//8161
f 3683//8162 3733//8162 3680//8162
f 3683//8163 3691//8163 3733//8163
f 3684//8164 3733//8164 3691//8164
f 3639//8165 3733//8165 3684//8165
f 3591//8166 3685//8166 3679//8166
f 3686//8167 3679//8167 3734//8167
f 3683//8168 3689//8168 3735//8168
f 3603//8169 3683//8169 3735//8169
f 3691//8170 3683//8170 3690//8170
f 3690//8171 3683//8171 3603//8171
f 3599//8172 3736//8172 3596//8172
f 3596//8173 3736//8173 3685//8173
f 3686//8174 3734//8174 3737//8174
f 3603//8175 3735//8175 3640//8175
f 3551//8176 3738//8176 3599//8176
f 3643//8177 3738//8177 3551//8177
f 3557//8178 3640//8178 3694//8178
f 3643//8179 3693//8179 3738//8179
f 3694//8180 3693//8180 3644//8180
f 3695//8181 3562//8181 3739//8181
f 3561//8182 3695//8182 3696//8182
f 3504//8183 3696//8183 3740//8183
f 3740//8184 3605//8184 3504//8184
f 3697//8185 3741//8185 3604//8185
f 3742//8186 3562//8186 3604//8186
f 3697//8187 3565//8187 3649//8187
f 3648//8188 3651//8188 3698//8188
f 3698//8189 3701//8189 3743//8189
f 3744//8190 3698//8190 3743//8190
f 3743//8191 3701//8192 3700//8193
f 3745//8194 3743//8191 3700//8193
f 3746//8195 3700//8195 3703//8195
f 3745//8196 3700//8196 3746//8196
f 3747//8197 3611//8197 3571//8197
f 3658//8090 3572//8198 3569//8091
f 3747//8199 3571//8199 3705//8199
f 3707//8200 3572//8200 3658//8200
f 3706//8201 3746//8201 3703//8201
f 3705//8202 3574//8202 3618//8202
f 3748//8203 3708//8203 3663//8203
f 3665//8204 3748//8204 3663//8204
f 3620//8205 3710//8205 3749//8205
f 3749//8206 3710//8206 3750//8206
f 3619//8207 3709//8207 3751//8207
f 3665//8208 3666//8208 3748//8208
f 3748//8209 3666//8209 3749//8209
f 3749//8210 3666//8210 3621//8210
f 3620//8211 3749//8211 3621//8211
f 3623//8212 3752//8212 3618//8212
f 3664//8213 3753//8213 3711//8213
f 3619//8214 3751//8214 3667//8214
f 3752//8215 3623//8215 3714//8215
f 3713//8216 3754//8216 3579//8216
f 3711//8217 3716//8217 3624//8217
f 3713//8218 3578//8218 3715//8218
f 3755//8219 3714//8219 3718//8219
f 3756//8220 3755//8220 3757//8220
f 3758//8221 3756//8221 3757//8221
f 3755//8222 3718//8222 3723//8222
f 3723//8223 3759//8223 3755//8223
f 3759//8224 3757//8224 3755//8224
f 3760//8225 3719//8225 3758//8225
f 3719//8226 3760//8226 3720//8226
f 3721//8227 3720//8227 3761//8227
f 3720//8228 3760//8228 3761//8228
f 3723//8229 3725//8229 3759//8229
f 3668//8230 3673//8230 3762//8230
f 3726//8231 3587//8231 3675//8231
f 3585//8232 3671//8232 3763//8232
f 3674//8233 3633//8233 3726//8233
f 3676//8234 3764//8234 3635//8234
f 3729//8154 3728//8235 3637//8152
f 3732//8236 3765//8236 3731//8236
f 3765//8237 3766//8237 3731//8237
f 3729//8238 3680//8238 3767//8238
f 3733//8239 3639//8239 3768//8239
f 3687//8240 3769//8241 3688//8242
f 3732//8243 3688//8242 3769//8241
f 3770//8244 3681//8244 3766//8244
f 3681//8245 3731//8245 3766//8245
f 3767//8246 3680//8246 3733//8246
f 3679//8247 3685//8247 3771//8247
f 3679//8248 3771//8248 3734//8248
f 3687//8249 3772//8249 3773//8249
f 3681//8250 3770//8250 3689//8250
f 3689//8251 3770//8251 3774//8251
f 3735//8252 3689//8252 3774//8252
f 3735//8253 3774//8253 3775//8253
f 3771//8254 3685//8254 3736//8254
f 3686//8255 3737//8255 3772//8255
f 3772//8256 3687//8256 3686//8256
f 3735//8257 3775//8257 3640//8257
f 3599//8258 3738//8258 3736//8258
f 3776//8259 3777//8259 3778//8259
f 3694//8260 3640//8260 3779//8260
f 3693//8261 3778//8261 3738//8261
f 3776//8262 3778//8262 3693//8262
f 3694//8263 3776//8263 3693//8263
f 3739//8264 3562//8264 3742//8264
f 3605//8265 3740//8265 3780//8265
f 3742//8266 3604//8266 3741//8266
f 3650//8267 3781//8267 3649//8267
f 3697//8268 3649//8268 3781//8268
f 3648//8269 3782//8269 3650//8269
f 3698//8270 3782//8270 3648//8270
f 3607//8271 3783//8271 3610//8271
f 3783//8272 3784//8272 3610//8272
f 3782//8273 3698//8273 3744//8273
f 3744//8274 3743//8274 3785//8274
f 3610//8275 3784//8275 3657//8275
f 3785//8276 3743//8276 3745//8276
f 3786//8277 3704//8095 3657//8094
f 3746//8278 3785//8278 3745//8278
f 3747//8279 3658//8279 3611//8279
f 3787//8280 3658//8280 3747//8280
f 3788//8281 3658//8281 3787//8281
f 3788//8282 3707//8282 3658//8282
f 3789//8283 3746//8283 3706//8283
f 3704//8284 3786//8284 3662//8284
f 3747//8285 3705//8285 3790//8285
f 3790//8286 3705//8286 3618//8286
f 3707//8287 3788//8287 3709//8287
f 3789//8288 3706//8288 3708//8288
f 3748//8289 3789//8289 3708//8289
f 3786//8290 3664//8290 3662//8290
f 3575//8291 3791//8291 3710//8291
f 3575//8292 3622//8292 3791//8292
f 3792//8293 3790//8293 3618//8293
f 3709//8294 3788//8294 3793//8294
f 3793//8295 3751//8295 3709//8295
f 3792//8296 3618//8296 3752//8296
f 3753//8297 3794//8298 3711//8299
f 3792//8300 3752//8300 3714//8300
f 3795//8301 3792//8301 3714//8301
f 3667//8302 3751//8302 3796//8302
f 3797//8303 3716//8303 3711//8303
f 3797//8304 3798//8304 3716//8304
f 3795//8305 3714//8305 3755//8305
f 3756//8306 3795//8306 3755//8306
f 3796//8307 3799//8308 3717//8309
f 3667//8310 3796//8307 3717//8309
f 3799//8311 3795//8311 3756//8311
f 3716//8312 3798//8312 3626//8312
f 3799//8313 3756//8313 3758//8313
f 3719//8314 3799//8314 3758//8314
f 3717//8315 3799//8315 3719//8315
f 3715//8316 3668//8316 3800//8316
f 3757//8317 3801//8317 3802//8317
f 3802//8318 3803//8318 3757//8318
f 3758//8319 3757//8319 3803//8319
f 3800//8320 3668//8320 3762//8320
f 3626//8321 3798//8321 3722//8321
f 3804//8322 3801//8323 3759//8324
f 3757//8325 3759//8324 3801//8323
f 3758//8326 3803//8326 3760//8326
f 3803//8327 3761//8327 3760//8327
f 3763//8328 3721//8328 3761//8328
f 3671//8329 3721//8329 3763//8329
f 3673//8330 3805//8330 3762//8330
f 3806//8331 3675//8331 3724//8331
f 3672//8332 3727//8333 3807//8334
f 3807//8335 3725//8335 3672//8335
f 3674//8336 3805//8336 3673//8336
f 3808//8337 3805//8337 3726//8337
f 3726//8338 3805//8338 3674//8338
f 3809//8339 3808//8339 3726//8339
f 3675//8340 3810//8340 3726//8340
f 3726//8341 3810//8341 3809//8341
f 3763//8342 3676//8342 3585//8342
f 3727//8343 3634//8343 3811//8343
f 3634//8344 3677//8344 3811//8344
f 3812//8345 3636//8345 3728//8345
f 3590//7818 3589//7817 3813//8346
f 3590//8347 3813//8348 3678//8349
f 3729//8350 3767//8350 3814//8350
f 3687//8351 3773//8351 3769//8351
f 3765//8352 3815//8352 3766//8352
f 3733//8353 3816//8353 3767//8353
f 3768//8354 3639//8354 3730//8354
f 3766//8355 3815//8355 3770//8355
f 3770//8356 3815//8356 3774//8356
f 3773//8357 3772//8357 3817//8357
f 3817//8358 3772//8358 3818//8358
f 3736//8359 3819//8359 3771//8359
f 3819//8360 3734//8360 3771//8360
f 3737//8361 3734//8361 3819//8361
f 3737//8362 3818//8362 3772//8362
f 3736//8363 3738//8363 3819//8363
f 3738//8364 3737//8364 3819//8364
f 3818//8365 3737//8365 3778//8365
f 3778//8366 3737//8366 3738//8366
f 3818//8367 3778//8367 3777//8367
f 3694//8368 3779//8368 3776//8368
f 3820//8369 3739//8369 3742//8369
f 3645//8370 3605//8370 3780//8370
f 3781//8371 3741//8371 3697//8371
f 3782//8372 3821//8372 3650//8372
f 3781//8373 3650//8373 3821//8373
f 3821//8374 3782//8374 3822//8374
f 3823//8375 3782//8375 3744//8375
f 3822//8376 3782//8376 3823//8376
f 3823//8377 3744//8377 3785//8377
f 3823//8378 3785//8379 3824//8380
f 3657//8381 3784//8381 3786//8381
f 3784//8382 3825//8382 3786//8382
f 3824//8380 3785//8379 3746//8383
f 3824//8384 3746//8384 3789//8384
f 3826//8385 3824//8385 3789//8385
f 3790//8386 3787//8386 3747//8386
f 3826//8387 3789//8387 3748//8387
f 3749//8388 3826//8388 3748//8388
f 3750//8389 3826//8389 3749//8389
f 3786//8390 3827//8390 3664//8390
f 3788//8391 3787//8391 3828//8391
f 3622//8392 3712//8392 3791//8392
f 3787//8393 3790//8393 3828//8393
f 3788//8394 3828//8394 3793//8394
f 3827//8395 3753//8395 3664//8395
f 3828//8396 3790//8396 3792//8396
f 3753//8397 3827//8397 3794//8397
f 3793//8398 3828//8398 3796//8398
f 3751//8399 3793//8399 3796//8399
f 3579//8119 3829//8400 3712//8120
f 3754//8401 3829//8401 3579//8401
f 3828//8402 3792//8402 3830//8402
f 3794//8298 3831//8403 3711//8299
f 3830//8404 3792//8404 3795//8404
f 3828//8405 3830//8405 3796//8405
f 3754//8406 3713//8406 3832//8406
f 3713//8407 3715//8407 3833//8407
f 3831//8403 3797//8408 3711//8299
f 3796//8409 3830//8409 3799//8409
f 3799//8410 3830//8410 3795//8410
f 3800//8411 3833//8411 3715//8411
f 3762//8412 3834//8412 3800//8412
f 3722//8413 3835//8414 3806//8415
f 3807//8416 3804//8416 3759//8416
f 3762//8417 3836//8417 3834//8417
f 3724//8418 3722//8418 3806//8418
f 3807//8419 3759//8419 3725//8419
f 3805//8420 3836//8420 3762//8420
f 3837//8421 3836//8422 3805//8423
f 3808//8424 3837//8424 3805//8424
f 3809//8425 3838//8425 3808//8425
f 3838//8426 3809//8426 3810//8426
f 3810//8427 3675//8427 3806//8427
f 3635//8428 3764//8428 3589//8428
f 3677//8429 3636//8429 3812//8429
f 3729//8430 3814//8430 3728//8430
f 3730//8431 3592//8431 3839//8431
f 3839//8432 3592//8432 3678//8432
f 3769//8433 3840//8433 3841//8433
f 3842//8434 3769//8434 3841//8434
f 3732//8435 3769//8435 3842//8435
f 3842//8436 3843//8436 3732//8436
f 3732//8437 3843//8437 3765//8437
f 3769//8438 3817//8438 3840//8438
f 3769//8439 3773//8439 3817//8439
f 3815//8440 3765//8440 3843//8440
f 3733//8441 3768//8441 3816//8441
f 3844//8442 3817//8442 3818//8442
f 3844//8443 3818//8443 3777//8443
f 3779//8444 3640//8444 3775//8444
f 3742//8445 3741//8445 3845//8445
f 3820//8446 3742//8446 3845//8446
f 3645//8447 3780//8447 3846//8447
f 3607//8448 3645//8448 3846//8448
f 3821//8449 3847//8449 3781//8449
f 3741//8450 3781//8450 3847//8450
f 3845//8451 3741//8451 3847//8451
f 3821//8452 3822//8452 3848//8452
f 3847//8453 3821//8453 3849//8453
f 3823//8454 3848//8454 3822//8454
f 3821//8455 3848//8455 3849//8455
f 3848//8456 3823//8378 3824//8380
f 3848//8457 3824//8457 3850//8457
f 3850//8458 3824//8458 3826//8458
f 3710//8459 3850//8459 3750//8459
f 3851//8460 3850//8460 3710//8460
f 3791//8461 3851//8461 3710//8461
f 3791//8462 3852//8462 3851//8462
f 3826//8463 3750//8463 3850//8463
f 3825//8464 3827//8464 3786//8464
f 3791//8465 3712//8465 3852//8465
f 3852//8466 3712//8466 3853//8466
f 3853//8467 3712//8467 3829//8467
f 3827//8468 3854//8469 3794//8470
f 3794//8470 3854//8469 3831//8471
f 3713//8472 3833//8472 3832//8472
f 3855//8473 3797//8473 3831//8473
f 3800//8474 3834//8474 3833//8474
f 3801//8475 3856//8475 3802//8475
f 3798//8476 3835//8476 3722//8476
f 3803//8477 3857//8477 3761//8477
f 3837//8421 3858//8478 3836//8422
f 3806//8415 3835//8414 3859//8479
f 3837//8480 3808//8480 3860//8480
f 3808//8481 3838//8481 3860//8481
f 3861//8482 3810//8482 3806//8482
f 3764//8346 3813//8346 3589//7817
f 3862//8483 3678//8349 3813//8348
f 3678//8484 3862//8484 3839//8484
f 3843//8485 3842//8485 3863//8485
f 3863//8486 3842//8486 3864//8486
f 3816//8487 3768//8487 3865//8487
f 3817//8488 3844//8488 3840//8488
f 3866//8489 3815//8489 3863//8489
f 3843//8490 3863//8490 3815//8490
f 3815//8491 3866//8491 3774//8491
f 3867//8492 3844//8492 3777//8492
f 3867//8493 3777//8493 3868//8493
f 3775//8494 3774//8494 3869//8494
f 3776//8495 3868//8495 3777//8495
f 3779//8496 3870//8497 3776//8498
f 3776//8498 3870//8497 3868//8499
f 3870//8500 3779//8500 3869//8500
f 3869//8501 3779//8501 3775//8501
f 3696//8502 3695//8502 3871//8502
f 3780//8503 3740//8503 3872//8503
f 3846//8504 3783//8505 3607//8506
f 3873//8507 3783//8505 3846//8504
f 3847//8508 3849//8508 3874//8508
f 3874//8509 3845//8509 3847//8509
f 3873//8510 3784//8511 3783//8512
f 3849//8513 3848//8513 3851//8513
f 3784//8514 3875//8514 3825//8514
f 3851//8515 3848//8515 3850//8515
f 3825//8516 3875//8516 3876//8516
f 3825//8517 3876//8517 3827//8517
f 3827//8518 3876//8518 3854//8518
f 3854//8519 3877//8519 3831//8519
f 3832//8520 3833//8521 3878//8521
f 3833//8521 3879//8522 3878//8521
f 3879//8523 3880//8523 3878//8523
f 3831//8524 3877//8524 3855//8524
f 3880//8525 3879//8525 3881//8525
f 3881//8526 3879//8527 3833//8528
f 3834//8529 3881//8526 3833//8528
f 3797//8530 3855//8530 3798//8530
f 3882//8531 3803//8531 3802//8531
f 3836//8532 3881//8532 3834//8532
f 3858//8533 3881//8533 3836//8533
f 3883//8534 3804//8534 3807//8534
f 3857//8535 3884//8535 3761//8535
f 3837//8536 3885//8536 3858//8536
f 3859//8537 3861//8537 3806//8537
f 3885//8538 3837//8538 3860//8538
f 3838//8539 3810//8539 3886//8539
f 3807//8334 3727//8333 3887//8540
f 3888//8541 3676//8541 3763//8541
f 3727//8542 3811//8542 3887//8542
f 3889//8543 3728//8543 3814//8543
f 3841//8544 3890//8545 3891//8546
f 3841//8547 3891//8547 3842//8547
f 3842//8548 3891//8548 3864//8548
f 3841//8549 3892//8549 3890//8549
f 3839//8550 3768//8550 3730//8550
f 3892//8551 3841//8551 3893//8551
f 3840//8552 3893//8552 3841//8552
f 3894//8553 3863//8553 3864//8553
f 3840//8554 3844//8554 3893//8554
f 3893//8555 3844//8556 3867//8555
f 3774//8557 3866//8557 3869//8557
f 3696//8558 3871//8558 3740//8558
f 3895//8559 3739//8559 3820//8559
f 3695//8560 3739//8560 3895//8560
f 3820//8561 3845//8561 3896//8561
f 3897//8562 3846//8562 3780//8562
f 3873//8510 3898//8563 3784//8511
f 3849//8564 3899//8564 3874//8564
f 3875//8565 3784//8565 3898//8565
f 3851//8566 3899//8566 3849//8566
f 3900//8567 3899//8567 3851//8567
f 3876//8568 3877//8568 3854//8568
f 3754//8569 3901//8569 3829//8569
f 3880//8570 3902//8570 3878//8570
f 3880//8571 3881//8571 3903//8571
f 3903//8572 3881//8572 3904//8572
f 3855//8573 3905//8573 3798//8573
f 3858//8574 3904//8574 3881//8574
f 3905//8575 3835//8575 3798//8575
f 3804//8576 3906//8576 3801//8576
f 3882//8577 3802//8577 3856//8577
f 3907//8578 3804//8578 3883//8578
f 3858//8579 3885//8579 3904//8579
f 3885//8580 3860//8580 3908//8580
f 3859//8581 3886//8581 3861//8581
f 3761//8582 3884//8582 3763//8582
f 3884//8583 3888//8583 3763//8583
f 3860//8584 3838//8584 3908//8584
f 3908//8585 3838//8585 3886//8585
f 3861//8586 3886//8586 3810//8586
f 3888//8587 3909//8587 3676//8587
f 3676//8588 3909//8588 3764//8588
f 3677//8589 3812//8589 3811//8589
f 3811//8590 3812//8590 3910//8590
f 3764//8591 3911//8591 3813//8591
f 3812//8592 3728//8592 3910//8592
f 3891//8593 3894//8593 3864//8593
f 3891//8594 3912//8594 3894//8594
f 3814//8595 3767//8595 3913//8595
f 3767//8596 3816//8596 3913//8596
f 3913//8597 3816//8597 3914//8597
f 3892//8598 3915//8598 3890//8598
f 3865//8599 3914//8599 3816//8599
f 3914//8600 3865//8600 3916//8600
f 3916//8601 3865//8601 3768//8601
f 3839//8602 3916//8602 3768//8602
f 3892//8603 3893//8603 3915//8603
f 3915//8604 3893//8555 3867//8555
f 3894//8605 3917//8605 3863//8605
f 3863//8606 3917//8606 3918//8606
f 3863//8607 3918//8607 3866//8607
f 3869//8608 3866//8608 3870//8608
f 3870//8609 3866//8609 3918//8609
f 3871//8610 3695//8610 3919//8610
f 3872//8611 3740//8611 3871//8611
f 3895//8612 3820//8612 3896//8612
f 3780//8613 3872//8613 3897//8613
f 3920//8614 3873//8614 3846//8614
f 3845//8615 3874//8616 3921//8617
f 3899//8618 3921//8618 3874//8618
f 3898//8619 3922//8619 3875//8619
f 3852//8620 3900//8620 3851//8620
f 3875//8621 3922//8621 3876//8621
f 3852//8622 3853//8622 3900//8622
f 3853//8623 3923//8623 3900//8623
f 3922//8624 3924//8624 3876//8624
f 3853//8625 3829//8625 3923//8625
f 3829//8626 3925//8626 3923//8626
f 3829//8627 3901//8627 3925//8627
f 3924//8628 3877//8628 3876//8628
f 3901//8629 3754//8629 3926//8629
f 3754//8630 3832//8630 3926//8630
f 3878//8631 3926//8632 3832//8633
f 3902//8634 3880//8634 3927//8634
f 3880//8635 3903//8635 3927//8635
f 3877//8636 3924//8636 3855//8636
f 3924//8637 3905//8637 3855//8637
f 3906//8638 3856//8638 3801//8638
f 3835//8639 3905//8640 3928//8641
f 3906//8642 3804//8642 3907//8642
f 3803//8643 3882//8643 3857//8643
f 3835//8639 3928//8641 3859//8644
f 3885//8645 3929//8645 3904//8645
f 3930//8646 3883//8646 3807//8646
f 3908//8647 3929//8647 3885//8647
f 3807//8648 3887//8648 3930//8648
f 3813//8649 3911//8650 3862//8651
f 3911//8650 3931//8652 3862//8651
f 3932//8653 3728//8653 3889//8653
f 3890//8545 3933//8654 3891//8546
f 3839//8655 3862//8655 3931//8655
f 3889//8656 3814//8656 3913//8656
f 3915//8657 3934//8657 3890//8657
f 3917//8658 3894//8658 3912//8658
f 3915//8659 3867//8659 3935//8659
f 3918//8660 3917//8660 3936//8660
f 3937//8661 3938//8661 3868//8661
f 3938//8662 3867//8662 3868//8662
f 3936//8663 3937//8663 3868//8663
f 3936//8664 3868//8664 3918//8664
f 3918//8665 3868//8665 3870//8665
f 3895//8666 3919//8666 3695//8666
f 3896//8667 3845//8615 3921//8617
f 3873//8668 3920//8668 3939//8668
f 3873//8669 3939//8669 3898//8669
f 3940//8670 3921//8670 3899//8670
f 3939//8671 3941//8671 3898//8671
f 3940//8672 3899//8673 3942//8674
f 3942//8674 3899//8673 3900//8675
f 3898//8676 3941//8676 3922//8676
f 3900//8677 3923//8677 3942//8677
f 3922//8678 3943//8678 3924//8678
f 3943//8679 3944//8679 3924//8679
f 3901//8680 3926//8680 3945//8680
f 3946//8681 3924//8681 3944//8681
f 3903//8682 3947//8682 3927//8682
f 3924//8683 3946//8683 3905//8683
f 3904//8684 3947//8684 3903//8684
f 3906//8685 3948//8685 3856//8685
f 3856//8686 3948//8686 3882//8686
f 3928//8687 3946//8687 3949//8687
f 3928//8688 3905//8688 3946//8688
f 3929//8689 3947//8689 3904//8689
f 3928//8690 3949//8690 3859//8690
f 3883//8691 3930//8691 3907//8691
f 3950//8692 3929//8692 3908//8692
f 3859//8693 3949//8693 3886//8693
f 3909//8694 3951//8694 3764//8694
f 3951//8695 3911//8695 3764//8695
f 3910//8696 3728//8696 3932//8696
f 3932//8697 3889//8697 3913//8697
f 3890//8698 3934//8698 3952//8698
f 3933//8699 3890//8699 3952//8699
f 3933//8700 3953//8700 3891//8700
f 3953//8701 3912//8701 3891//8701
f 3839//8702 3954//8702 3916//8702
f 3915//8703 3935//8703 3934//8703
f 3917//8704 3912//8705 3955//8706
f 3867//8707 3938//8707 3935//8707
f 3917//8708 3955//8708 3936//8708
f 3846//8709 3897//8709 3920//8709
f 3896//8710 3921//8710 3956//8710
f 3941//8711 3943//8711 3922//8711
f 3923//8712 3925//8712 3957//8712
f 3901//8713 3945//8713 3925//8713
f 3878//8631 3958//8714 3926//8632
f 3902//8715 3959//8715 3878//8715
f 3927//8716 3960//8716 3902//8716
f 3947//8717 3960//8717 3927//8717
f 3961//8718 3960//8718 3947//8718
f 3946//8719 3944//8719 3962//8719
f 3948//8720 3963//8720 3882//8720
f 3963//8721 3857//8721 3882//8721
f 3961//8722 3947//8722 3950//8722
f 3946//8723 3964//8723 3949//8723
f 3947//8724 3929//8724 3950//8724
f 3950//8725 3908//8725 3965//8725
f 3965//8726 3886//8726 3949//8726
f 3965//8727 3908//8727 3886//8727
f 3887//8728 3811//8728 3966//8728
f 3967//8729 3909//8729 3888//8729
f 3952//8730 3934//8730 3933//8730
f 3931//8731 3968//8731 3839//8731
f 3953//8732 3955//8706 3912//8705
f 3913//8733 3914//8733 3969//8733
f 3914//8734 3916//8734 3970//8734
f 3970//8735 3916//8736 3954//8737
f 3934//8738 3935//8738 3971//8738
f 3971//8739 3935//8739 3938//8739
f 3895//8740 3972//8740 3919//8740
f 3973//8741 3872//8742 3871//8743
f 3896//8744 3972//8744 3895//8744
f 3872//8745 3973//8745 3897//8745
f 3896//8746 3956//8746 3972//8746
f 3897//8747 3973//8747 3974//8747
f 3974//8748 3920//8748 3897//8748
f 3956//8749 3921//8749 3975//8749
f 3939//8750 3920//8750 3976//8750
f 3921//8751 3940//8751 3975//8751
f 3940//8752 3977//8753 3975//8754
f 3976//8755 3941//8755 3939//8755
f 3977//8756 3940//8756 3942//8756
f 3941//8757 3978//8757 3943//8757
f 3923//8758 3979//8758 3942//8758
f 3923//8759 3957//8759 3979//8759
f 3944//8760 3943//8760 3978//8760
f 3957//8761 3925//8761 3980//8761
f 3981//8762 3980//8762 3925//8762
f 3925//8763 3945//8763 3981//8763
f 3981//8764 3945//8764 3982//8764
f 3978//8765 3962//8765 3944//8765
f 3982//8766 3945//8766 3983//8766
f 3945//8767 3926//8767 3983//8767
f 3983//8768 3926//8768 3958//8768
f 3878//8769 3959//8769 3958//8769
f 3902//8770 3984//8770 3959//8770
f 3960//8771 3984//8772 3902//8773
f 3985//8774 3960//8774 3961//8774
f 3962//8775 3964//8775 3946//8775
f 3950//8776 3985//8776 3961//8776
f 3965//8777 3985//8777 3950//8777
f 3965//8778 3949//8778 3986//8778
f 3964//8779 3986//8779 3949//8779
f 3857//8780 3987//8780 3884//8780
f 3884//8781 3988//8781 3888//8781
f 3930//8782 3887//8783 3966//8784
f 3967//8785 3888//8785 3989//8785
f 3967//8786 3990//8786 3909//8786
f 3909//8787 3990//8787 3951//8787
f 3811//8788 3910//8788 3991//8788
f 3990//8789 3992//8789 3951//8789
f 3993//8790 3933//8790 3934//8790
f 3953//8791 3933//8791 3994//8791
f 3933//8792 3993//8792 3994//8792
f 3968//8793 3954//8793 3839//8793
f 3934//8794 3971//8794 3993//8794
f 3953//8795 3994//8795 3955//8795
f 3994//8796 3971//8796 3955//8796
f 3995//8797 3955//8797 3971//8797
f 3995//8798 3996//8798 3955//8798
f 3938//8799 3996//8799 3971//8799
f 3936//8800 3955//8800 3996//8800
f 3938//8801 3937//8801 3996//8801
f 3936//8802 3996//8802 3937//8802
f 3972//8803 3997//8803 3919//8803
f 3871//8804 3919//8804 3997//8804
f 3998//8805 3920//8805 3974//8805
f 3976//8806 3920//8806 3998//8806
f 3976//8807 3999//8807 3941//8807
f 3999//8808 3978//8808 3941//8808
f 3977//8809 3942//8809 3979//8809
f 3979//8810 4000//8810 3977//8810
f 4001//8811 3978//8811 3999//8811
f 3980//8812 4002//8812 3957//8812
f 3957//8813 4002//8813 3979//8813
f 4001//8814 3962//8814 3978//8814
f 3980//8815 3981//8815 4003//8815
f 3981//8816 3982//8817 4004//8818
f 4003//8819 3981//8816 4004//8818
f 3982//8820 3983//8820 4004//8820
f 4005//8821 3984//8772 3960//8771
f 3985//8822 4005//8822 3960//8822
f 4005//8823 3985//8823 4006//8823
f 3948//8824 3906//8825 4007//8826
f 4008//8827 4006//8827 3986//8827
f 4008//8828 3986//8828 3964//8828
f 4006//8829 3985//8829 3965//8829
f 3986//8830 4006//8830 3965//8830
f 4009//8831 3906//8831 3907//8831
f 3987//8832 3857//8832 3963//8832
f 3987//8833 3988//8833 3884//8833
f 3888//8834 3988//8834 4010//8834
f 3888//8835 4010//8835 3989//8835
f 3930//8782 3966//8784 4011//8836
f 4012//8837 3910//8837 4013//8837
f 3951//8838 3992//8838 3911//8838
f 3932//8839 4013//8839 3910//8839
f 4013//8840 3932//8841 4014//8842
f 3968//8843 3931//8843 3911//8843
f 3932//8844 3913//8844 4014//8844
f 3971//8845 3994//8845 3993//8845
f 3970//8846 3969//8846 3914//8846
f 3971//8847 3996//8847 3995//8847
f 3871//8848 3997//8848 4015//8848
f 3973//8741 3871//8743 4015//8849
f 3956//8850 4016//8850 3972//8850
f 3974//8851 3973//8851 4017//8851
f 3998//8852 3974//8852 4017//8852
f 3956//8853 3975//8853 4018//8853
f 4019//8854 3976//8854 3998//8854
f 3977//8753 4018//8855 3975//8754
f 3976//8856 4019//8856 3999//8856
f 4000//8857 4020//8857 3977//8857
f 3979//8858 4021//8858 4000//8858
f 4002//8859 4022//8859 3979//8859
f 3979//8860 4022//8860 4021//8860
f 4001//8861 4023//8861 3962//8861
f 4024//8862 4023//8862 4001//8862
f 3980//8863 4003//8863 4002//8863
f 4003//8864 4025//8864 4002//8864
f 4004//8865 3983//8865 4026//8865
f 4027//8866 4026//8866 3983//8866
f 3958//8867 4027//8867 3983//8867
f 4028//8868 4027//8868 3958//8868
f 3958//8869 3959//8869 4028//8869
f 4003//8870 4004//8870 4025//8870
f 3984//8871 4005//8871 4029//8871
f 4029//8872 4006//8872 4030//8872
f 4030//8873 4006//8873 4008//8873
f 4023//8874 3964//8874 3962//8874
f 3963//8875 3948//8875 4031//8875
f 4006//8876 4029//8876 4005//8876
f 3964//8877 4023//8877 4008//8877
f 4032//8878 3987//8878 3963//8878
f 4010//8879 3967//8879 3989//8879
f 3966//8880 3811//8881 3991//8882
f 3991//8883 3910//8883 4012//8883
f 3992//8884 3968//8884 3911//8884
f 4014//8885 3913//8885 4033//8885
f 4033//8886 3913//8886 3969//8886
f 3970//8735 3954//8737 4034//8887
f 3972//8888 4016//8888 3997//8888
f 3997//8889 4016//8889 4035//8889
f 3973//8890 4015//8890 4036//8890
f 4018//8891 4016//8891 3956//8891
f 3998//8892 4017//8892 4037//8892
f 4037//8893 4019//8893 3998//8893
f 3977//8894 4038//8894 4018//8894
f 4038//8895 3977//8895 4020//8895
f 4019//8896 4039//8896 3999//8896
f 3999//8897 4039//8897 4001//8897
f 4000//8898 4040//8899 4020//8900
f 4039//8901 4024//8901 4001//8901
f 4021//8902 4040//8902 4000//8902
f 4028//8903 4040//8903 4021//8903
f 4041//8904 4021//8904 4022//8904
f 4027//8905 4021//8905 4042//8905
f 4027//8906 4028//8906 4021//8906
f 4021//8907 4041//8907 4042//8907
f 4043//8908 4022//8908 4025//8908
f 4025//8909 4022//8909 4002//8909
f 4042//8910 4026//8910 4027//8910
f 4042//8911 4044//8911 4026//8911
f 4045//8912 4028//8912 3959//8912
f 4023//8913 4030//8913 4008//8913
f 4025//8914 4004//8914 4046//8914
f 4025//8915 4046//8915 4043//8915
f 4046//8916 4004//8916 4047//8916
f 4004//8917 4026//8917 4047//8917
f 4047//8918 4026//8918 4044//8918
f 4045//8919 3959//8919 3984//8919
f 3984//8920 4029//8920 4045//8920
f 4030//8921 4048//8921 4029//8921
f 3906//8922 4009//8922 4049//8922
f 3906//8825 4049//8923 4007//8826
f 3963//8924 4031//8924 4032//8924
f 3907//8925 4050//8925 4051//8925
f 4009//8926 3907//8926 4051//8926
f 3987//8927 4052//8928 3988//8929
f 4050//8930 3907//8930 3930//8930
f 3992//8931 3990//8931 4053//8931
f 3968//8932 3992//8932 4054//8932
f 3968//8933 4055//8933 3954//8933
f 3970//8934 4056//8934 3969//8934
f 3969//8935 4056//8935 4033//8935
f 3970//8936 4034//8936 4056//8936
f 4015//8937 3997//8937 4035//8937
f 4036//8938 4017//8938 3973//8938
f 4039//8939 4019//8939 4037//8939
f 4040//8899 4057//8940 4020//8900
f 4039//8941 4058//8941 4024//8941
f 4059//8942 4040//8942 4028//8942
f 4024//8943 4058//8943 4030//8943
f 4059//8944 4028//8944 4045//8944
f 4024//8945 4030//8945 4023//8945
f 4043//8946 4041//8946 4022//8946
f 4042//8947 4041//8947 4044//8947
f 4045//8948 4029//8948 4048//8948
f 4060//8949 4045//8949 4048//8949
f 4049//8950 4061//8950 4007//8950
f 3948//8951 4007//8951 4061//8951
f 4062//8952 3948//8952 4061//8952
f 4031//8953 3948//8953 4062//8953
f 4041//8954 4063//8954 4044//8954
f 4049//8955 4009//8955 4051//8955
f 4043//8956 4046//8956 4047//8956
f 4043//8957 4047//8957 4064//8957
f 4047//8958 4044//8959 4065//8960
f 4065//8961 4044//8961 4063//8961
f 4066//8962 4064//8962 4047//8962
f 4065//8960 4066//8963 4047//8958
f 4011//8964 4050//8964 3930//8964
f 4010//8965 4067//8965 3967//8965
f 3967//8966 4068//8966 3990//8966
f 3990//8967 4068//8967 4053//8967
f 4055//8968 3968//8968 4054//8968
f 4034//8887 3954//8737 4069//8969
f 4070//8970 4015//8970 4035//8970
f 4036//8971 4015//8971 4070//8971
f 4035//8972 4016//8972 4018//8972
f 4070//8973 4017//8973 4036//8973
f 4070//8974 4071//8974 4017//8974
f 4037//8975 4017//8975 4071//8975
f 4037//8976 4071//8976 4072//8976
f 4072//8977 4039//8977 4037//8977
f 4038//8978 4020//8978 4057//8978
f 4072//8979 4058//8979 4039//8979
f 4058//8980 4073//8980 4030//8980
f 4059//8981 4045//8981 4060//8981
f 4030//8982 4073//8982 4048//8982
f 4074//8983 4041//8983 4064//8983
f 4064//8984 4041//8984 4043//8984
f 4063//8985 4041//8985 4074//8985
f 4075//8986 4063//8986 4074//8986
f 4075//8987 4065//8987 4063//8987
f 4064//8988 4066//8988 4074//8988
f 4075//8989 4066//8989 4065//8989
f 4075//8990 4076//8990 4066//8990
f 4074//8991 4066//8991 4077//8991
f 4066//8992 4076//8992 4077//8992
f 4010//8993 3988//8994 4078//8995
f 4067//8996 4068//8996 3967//8996
f 3991//8997 4012//8997 4079//8997
f 4054//8998 4080//8998 4055//8998
f 4069//8999 3954//8999 4055//8999
f 4018//9000 4081//9000 4035//9000
f 4070//9001 4035//9001 4082//9001
f 4082//9002 4035//9002 4081//9002
f 4071//9003 4070//9003 4082//9003
f 4081//9004 4018//9004 4038//9004
f 4081//9005 4038//9005 4083//9005
f 4071//9006 4084//9006 4072//9006
f 4083//9007 4038//9007 4057//9007
f 4072//9008 4084//9008 4073//9008
f 4040//9009 4059//9009 4057//9009
f 4059//9010 4083//9010 4057//9010
f 4085//9011 4083//9011 4059//9011
f 4072//9012 4073//9012 4058//9012
f 4086//9013 4085//9013 4048//9013
f 4073//9014 4086//9014 4048//9014
f 4085//9015 4059//9015 4060//9015
f 4048//9016 4085//9016 4060//9016
f 4062//9017 4087//9017 4031//9017
f 4088//9018 4075//9018 4074//9018
f 4075//9019 4088//9019 4076//9019
f 4088//9020 4077//9020 4089//9020
f 4074//9021 4077//9021 4088//9021
f 4088//9022 4090//9022 4076//9022
f 4090//9023 4077//9023 4076//9023
f 4052//9024 4078//8995 3988//8994
f 4089//9025 4077//9025 4090//9025
f 4078//9026 4067//9027 4010//9028
f 3966//8880 3991//8882 4091//9029
f 4068//9030 4092//9030 4053//9030
f 4053//9031 4093//9031 3992//9031
f 3992//9032 4093//9032 4080//9032
f 4054//9033 3992//9033 4080//9033
f 4013//9034 4094//9034 4012//9034
f 4013//8840 4014//8842 4094//9035
f 4014//9036 4033//9037 4094//9037
f 4084//9038 4071//9038 4082//9038
f 4082//9039 4081//9040 4095//9041
f 4095//9041 4081//9040 4083//9042
f 4084//9043 4082//9043 4095//9043
f 4095//9044 4083//9044 4085//9044
f 4084//9045 4095//9045 4086//9045
f 4086//9046 4095//9046 4085//9046
f 4084//9047 4086//9047 4073//9047
f 4096//9048 4097//9048 4031//9048
f 4097//9049 4032//9049 4031//9049
f 4088//9050 4089//9050 4090//9050
f 4098//9051 4067//9027 4078//9026
f 4011//9052 3966//9052 4099//9052
f 4067//9053 4100//9053 4068//9053
f 4068//9054 4101//9054 4092//9054
f 4093//9055 4053//9055 4092//9055
f 4055//9056 4102//9056 4069//9056
f 4102//9057 4055//9057 4080//9057
f 4094//9037 4033//9037 4103//9058
f 4033//9059 4104//9059 4103//9059
f 4056//9060 4104//9060 4033//9060
f 4069//9061 4056//9061 4034//9061
f 4031//9062 4087//9062 4096//9062
f 4105//9063 4049//9063 4051//9063
f 4032//9064 4097//9064 3987//9064
f 3987//8927 4097//9065 4052//8928
f 4051//9066 4050//9066 4106//9066
f 4050//9067 4011//9067 4106//9067
f 4098//9068 4100//9069 4067//9070
f 4099//9071 3966//9071 4091//9071
f 4068//9072 4100//9072 4101//9072
f 4056//9073 4069//9073 4107//9073
f 4087//9074 4062//9074 4108//9074
f 4051//9075 4106//9076 4105//9077
f 4091//9078 3991//9078 4109//9078
f 4110//9079 4079//9080 4012//9081
f 4111//9082 4094//9082 4103//9082
f 4103//9083 4104//9083 4112//9083
f 4104//9084 4056//9084 4112//9084
f 4108//9085 4096//9085 4087//9085
f 4049//9086 4113//9086 4061//9086
f 4113//9087 4062//9087 4061//9087
f 4106//9088 4099//9088 4114//9088
f 4011//9089 4099//9089 4106//9089
f 4109//9090 3991//9090 4079//9090
f 4092//9091 4101//9091 4115//9091
f 4092//9092 4115//9092 4116//9092
f 4092//9093 4116//9093 4093//9093
f 4110//9094 4012//9094 4094//9094
f 4116//9095 4080//9095 4093//9095
f 4102//9096 4080//9096 4116//9096
f 4056//9097 4107//9097 4112//9097
f 4117//9098 4107//9098 4069//9098
f 4102//9099 4117//9099 4069//9099
f 4113//9100 4118//9100 4062//9100
f 4118//9101 4108//9101 4062//9101
f 4049//9102 4105//9102 4113//9102
f 4119//9103 4097//9103 4096//9103
f 4097//9104 4120//9104 4052//9104
f 4052//9105 4120//9105 4078//9105
f 4121//9106 4098//9106 4122//9106
f 4098//9068 4121//9107 4100//9069
f 4099//9108 4091//9109 4123//9110
f 4100//9111 4121//9111 4101//9111
f 4091//9112 4109//9112 4123//9112
f 4108//9113 4118//9114 4096//9114
f 4106//9076 4124//9115 4105//9077
f 4120//9116 4125//9116 4078//9116
f 4078//9117 4125//9117 4098//9117
f 4125//9118 4122//9118 4098//9118
f 4109//9119 4079//9080 4110//9079
f 4110//9120 4094//9120 4111//9120
f 4103//9121 4112//9122 4126//9123
f 4113//9124 4127//9124 4118//9124
f 4118//9114 4128//9125 4096//9114
f 4105//9126 4124//9126 4129//9126
f 4129//9127 4113//9127 4105//9127
f 4119//9128 4130//9128 4097//9128
f 4097//9129 4130//9129 4120//9129
f 4114//9130 4099//9130 4131//9130
f 4099//9108 4123//9110 4131//9131
f 4132//9132 4121//9132 4122//9132
f 4121//9133 4133//9133 4101//9133
f 4101//9134 4133//9134 4115//9134
f 4134//9135 4102//9135 4116//9135
f 4111//9136 4103//9136 4126//9136
f 4113//9137 4129//9137 4127//9137
f 4119//9138 4096//9138 4128//9138
f 4120//9139 4130//9139 4135//9139
f 4114//9140 4124//9140 4106//9140
f 4120//9141 4135//9141 4125//9141
f 4132//9142 4136//9142 4121//9142
f 4136//9143 4133//9143 4121//9143
f 4137//9144 4109//9119 4110//9079
f 4110//9145 4111//9145 4138//9145
f 4117//9146 4102//9146 4134//9146
f 4107//9147 4117//9147 4139//9147
f 4140//9148 4128//9148 4118//9148
f 4127//9149 4140//9149 4118//9149
f 4119//9150 4141//9150 4130//9150
f 4123//9151 4142//9151 4131//9151
f 4123//9152 4109//9152 4142//9152
f 4110//9153 4143//9153 4137//9153
f 4134//9154 4116//9154 4115//9154
f 4134//9155 4115//9155 4144//9155
f 4110//9156 4138//9156 4143//9156
f 4126//9157 4145//9157 4111//9157
f 4126//9123 4112//9122 4139//9158
f 4139//9159 4112//9159 4107//9159
f 4141//9160 4146//9160 4130//9160
f 4147//9161 4129//9161 4124//9161
f 4130//9162 4148//9162 4135//9162
f 4124//9163 4114//9163 4149//9163
f 4114//9164 4131//9164 4149//9164
f 4150//9165 4122//9165 4125//9165
f 4122//9166 4150//9166 4132//9166
f 4136//9167 4132//9167 4151//9167
f 4142//9168 4109//9169 4137//9170
f 4133//9171 4144//9171 4115//9171
f 4128//9172 4152//9172 4119//9172
f 4147//9173 4127//9174 4129//9175
f 4153//9176 4147//9176 4124//9176
f 4148//9177 4130//9178 4146//9179
f 4134//9180 4144//9180 4154//9180
f 4134//9181 4154//9181 4155//9181
f 4139//9182 4117//9182 4156//9182
f 4134//9183 4155//9183 4117//9183
f 4157//9184 4145//9184 4126//9184
f 4139//9185 4157//9185 4126//9185
f 4127//9186 4158//9186 4140//9186
f 4128//9187 4140//9188 4159//9189
f 4152//9190 4128//9191 4159//9192
f 4160//9193 4127//9174 4147//9173
f 4152//9194 4141//9194 4119//9194
f 4161//9195 4148//9177 4146//9179
f 4162//9196 4135//9196 4148//9196
f 4135//9197 4162//9197 4125//9197
f 4125//9198 4162//9198 4150//9198
f 4163//9199 4132//9199 4150//9199
f 4164//9200 4131//9200 4142//9200
f 4163//9201 4151//9201 4132//9201
f 4136//9202 4144//9202 4133//9202
f 4156//9203 4117//9204 4155//9205
f 4165//9206 4159//9189 4140//9188
f 4166//9207 4141//9207 4152//9207
f 4166//9208 4167//9208 4141//9208
f 4167//9209 4146//9209 4141//9209
f 4153//9210 4124//9210 4149//9210
f 4162//9211 4148//9211 4161//9211
f 4131//9212 4168//9212 4149//9212
f 4111//9213 4145//9213 4169//9213
f 4157//9214 4139//9214 4156//9214
f 4158//9215 4165//9215 4140//9215
f 4146//9216 4167//9216 4161//9216
f 4168//9217 4131//9217 4164//9217
f 4151//9218 4170//9218 4136//9218
f 4144//9219 4136//9219 4171//9219
f 4171//9220 4136//9220 4170//9220
f 4111//9221 4169//9221 4138//9221
f 4127//9222 4160//9222 4172//9222
f 4160//9223 4173//9224 4172//9225
f 4172//9226 4158//9226 4127//9226
f 4173//9224 4160//9223 4147//9227
f 4153//9228 4173//9228 4147//9228
f 4149//9229 4174//9230 4153//9231
f 4174//9232 4149//9232 4168//9232
f 4162//9233 4161//9233 4175//9233
f 4150//9234 4162//9234 4175//9234
f 4150//9235 4176//9235 4163//9235
f 4176//9236 4177//9236 4163//9236
f 4164//9237 4142//9237 4178//9237
f 4163//9238 4177//9238 4151//9238
f 4178//9239 4142//9168 4137//9170
f 4151//9240 4177//9240 4170//9240
f 4171//9241 4179//9241 4144//9241
f 4143//9242 4138//9242 4169//9242
f 4154//9243 4144//9243 4179//9243
f 4155//9205 4154//9244 4156//9203
f 4180//9245 4145//9246 4157//9247
f 4175//9248 4176//9248 4150//9248
f 4180//9249 4169//9249 4145//9249
f 4180//9245 4157//9247 4181//9250
f 4157//9251 4156//9251 4181//9251
f 4159//9252 4165//9252 4182//9252
f 4152//9190 4159//9192 4182//9253
f 4152//9254 4182//9254 4183//9254
f 4152//9255 4183//9255 4166//9255
f 4183//9256 4167//9256 4166//9256
f 4167//9257 4183//9257 4184//9257
f 4167//9258 4184//9258 4185//9258
f 4173//9259 4153//9260 4186//9261
f 4167//9262 4185//9262 4161//9262
f 4153//9231 4174//9230 4186//9263
f 4185//9264 4187//9264 4161//9264
f 4161//9265 4187//9265 4175//9265
f 4188//9266 4164//9267 4178//9268
f 4176//9269 4175//9269 4189//9269
f 4176//9270 4190//9270 4177//9270
f 4191//9271 4178//9271 4137//9271
f 4190//9272 4170//9272 4177//9272
f 4190//9273 4171//9273 4170//9273
f 4168//9274 4164//9274 4188//9274
f 4187//9275 4189//9275 4175//9275
f 4192//9276 4137//9277 4193//9278
f 4137//9279 4143//9279 4193//9279
f 4143//9280 4169//9280 4193//9280
f 4171//9281 4194//9281 4179//9281
f 4169//9282 4180//9282 4195//9282
f 4156//9283 4154//9283 4196//9283
f 4154//9284 4179//9284 4196//9284
f 4165//9285 4158//9285 4197//9285
f 4183//9286 4198//9286 4184//9286
f 4187//9287 4199//9287 4189//9287
f 4176//9288 4200//9288 4190//9288
f 4191//9289 4137//9289 4192//9289
f 4200//9290 4194//9290 4190//9290
f 4171//9291 4190//9291 4194//9291
f 4181//9292 4156//9292 4196//9292
f 4172//9293 4197//9293 4158//9293
f 4182//9294 4165//9294 4201//9294
f 4173//9295 4202//9295 4172//9295
f 4183//9296 4203//9296 4198//9296
f 4173//9259 4186//9261 4202//9297
f 4184//9298 4198//9298 4204//9298
f 4184//9299 4204//9299 4185//9299
f 4205//9300 4187//9300 4185//9300
f 4174//9301 4168//9301 4188//9301
f 4199//9302 4206//9302 4189//9302
f 4206//9303 4176//9303 4189//9303
f 4176//9304 4206//9304 4200//9304
f 4207//9305 4191//9305 4192//9305
f 4169//9306 4195//9306 4193//9306
f 4179//9307 4194//9307 4208//9307
f 4180//9308 4181//9308 4195//9308
f 4197//9309 4201//9309 4165//9309
f 4182//9310 4203//9310 4183//9310
f 4205//9311 4185//9311 4204//9311
f 4186//9312 4174//9312 4209//9312
f 4174//9313 4188//9314 4209//9315
f 4206//9316 4210//9316 4200//9316
f 4200//9317 4210//9317 4208//9317
f 4200//9318 4208//9318 4194//9318
f 4179//9319 4208//9320 4211//9321
f 4212//9322 4196//9322 4211//9322
f 4179//9323 4211//9323 4196//9323
f 4196//9324 4212//9324 4181//9324
f 4181//9325 4212//9325 4213//9325
f 4197//9326 4172//9326 4214//9326
f 4215//9327 4182//9327 4201//9327
f 4182//9328 4215//9328 4203//9328
f 4205//9329 4199//9329 4187//9329
f 4188//9266 4178//9268 4191//9330
f 4199//9331 4216//9331 4206//9331
f 4193//9278 4207//9332 4192//9276
f 4195//9333 4217//9334 4193//9335
f 4195//9336 4181//9336 4213//9336
f 4172//9337 4202//9338 4218//9339
f 4219//9340 4202//9297 4186//9261
f 4205//9341 4204//9341 4220//9341
f 4186//9342 4209//9342 4221//9342
f 4209//9315 4188//9314 4222//9343
f 4191//9344 4222//9344 4188//9344
f 4211//9321 4208//9320 4223//9345
f 4195//9346 4213//9346 4217//9346
f 4197//9347 4214//9347 4224//9347
f 4197//9348 4224//9348 4201//9348
f 4172//9337 4218//9339 4214//9349
f 4203//9350 4225//9350 4198//9350
f 4219//9351 4218//9351 4202//9351
f 4204//9352 4198//9352 4226//9352
f 4226//9353 4220//9353 4204//9353
f 4205//9354 4227//9354 4199//9354
f 4227//9355 4216//9355 4199//9355
f 4206//9356 4216//9356 4228//9356
f 4206//9357 4228//9357 4210//9357
f 4207//9358 4229//9358 4191//9358
f 4193//9359 4230//9359 4207//9359
f 4193//9335 4217//9334 4231//9360
f 4215//9361 4201//9361 4232//9361
f 4203//9362 4215//9362 4225//9362
f 4198//9363 4225//9363 4226//9363
f 4220//9364 4227//9364 4205//9364
f 4222//9365 4191//9365 4229//9365
f 4228//9366 4233//9366 4210//9366
f 4210//9367 4233//9367 4234//9367
f 4234//9368 4208//9368 4210//9368
f 4234//9369 4223//9369 4208//9369
f 4235//9370 4211//9370 4234//9370
f 4223//9371 4234//9371 4211//9371
f 4211//9372 4235//9372 4212//9372
f 4219//9373 4186//9373 4221//9373
f 4221//9374 4209//9374 4236//9374
f 4209//9375 4222//9375 4236//9375
f 4227//9376 4237//9376 4216//9376
f 4216//9377 4237//9377 4228//9377
f 4229//9378 4207//9379 4230//9380
f 4231//9381 4230//9381 4193//9381
f 4213//9382 4238//9382 4217//9382
f 4213//9383 4235//9383 4238//9383
f 4212//9384 4235//9384 4213//9384
f 4201//9385 4224//9385 4232//9385
f 4215//9386 4232//9386 4239//9386
f 4240//9387 4214//9387 4218//9387
f 4220//9388 4226//9388 4241//9388
f 4242//9389 4233//9389 4228//9389
f 4243//9390 4229//9378 4230//9380
f 4233//9391 4242//9391 4234//9391
f 4244//9392 4234//9392 4245//9392
f 4231//9393 4217//9393 4238//9393
f 4234//9394 4244//9394 4235//9394
f 4215//9395 4239//9395 4246//9395
f 4215//9396 4246//9396 4225//9396
f 4240//9397 4218//9397 4219//9397
f 4241//9398 4247//9398 4220//9398
f 4220//9399 4247//9399 4227//9399
f 4247//9400 4248//9400 4227//9400
f 4227//9401 4248//9401 4237//9401
f 4236//9402 4222//9403 4249//9404
f 4249//9404 4222//9403 4229//9405
f 4228//9406 4237//9406 4250//9406
f 4242//9407 4245//9407 4234//9407
f 4230//9408 4231//9408 4243//9408
f 4251//9409 4235//9409 4244//9409
f 4235//9410 4251//9410 4238//9410
f 4224//9411 4252//9411 4232//9411
f 4214//9412 4240//9413 4252//9414
f 4224//9415 4214//9412 4252//9414
f 4225//9416 4246//9416 4253//9416
f 4225//9417 4254//9417 4226//9417
f 4219//9418 4221//9418 4255//9418
f 4241//9419 4256//9419 4247//9419
f 4236//9420 4249//9420 4257//9420
f 4228//9421 4250//9421 4258//9421
f 4249//9422 4229//9422 4243//9422
f 4242//9423 4259//9423 4245//9423
f 4244//9424 4245//9424 4259//9424
f 4243//9425 4231//9426 4260//9427
f 4231//9428 4238//9428 4260//9428
f 4261//9429 4238//9429 4251//9429
f 4240//9430 4262//9430 4252//9430
f 4232//9431 4252//9431 4239//9431
f 4225//9432 4253//9432 4254//9432
f 4255//9433 4240//9433 4219//9433
f 4226//9434 4254//9434 4241//9434
f 4221//9435 4236//9435 4263//9435
f 4256//9436 4264//9436 4247//9436
f 4247//9437 4264//9437 4248//9437
f 4248//9438 4250//9438 4237//9438
f 4242//9439 4228//9439 4258//9439
f 4265//9440 4243//9425 4260//9427
f 4266//9441 4244//9441 4267//9441
f 4259//9442 4267//9442 4244//9442
f 4238//9443 4261//9443 4260//9443
f 4261//9444 4251//9444 4268//9444
f 4266//9445 4268//9445 4251//9445
f 4244//9446 4266//9446 4251//9446
f 4221//9447 4263//9447 4255//9447
f 4263//9448 4236//9448 4257//9448
f 4269//9449 4249//9449 4243//9449
f 4243//9450 4265//9450 4269//9450
f 4259//9451 4242//9451 4270//9451
f 4270//9452 4242//9452 4271//9452
f 4271//9453 4242//9453 4258//9453
f 4270//9454 4267//9454 4259//9454
f 4246//9455 4239//9455 4272//9455
f 4273//9456 4246//9456 4272//9456
f 4246//9457 4273//9457 4253//9457
f 4240//9458 4255//9458 4274//9458
f 4254//9459 4275//9459 4241//9459
f 4250//9460 4248//9460 4276//9460
f 4250//9461 4277//9461 4258//9461
f 4270//9462 4278//9462 4267//9462
f 4278//9463 4279//9463 4267//9463
f 4280//9464 4278//9464 4270//9464
f 4270//9465 4271//9465 4280//9465
f 4279//9466 4281//9466 4267//9466
f 4265//9467 4260//9467 4282//9467
f 4267//9468 4281//9468 4266//9468
f 4260//9469 4261//9469 4282//9469
f 4281//9470 4282//9470 4268//9470
f 4268//9471 4282//9471 4261//9471
f 4266//9472 4281//9472 4268//9472
f 4252//9473 4262//9473 4283//9473
f 4274//9474 4262//9474 4240//9474
f 4254//9475 4253//9475 4273//9475
f 4255//9476 4284//9476 4274//9476
f 4284//9477 4255//9477 4263//9477
f 4248//9478 4285//9478 4276//9478
f 4279//9479 4286//9479 4281//9479
f 4258//9480 4277//9480 4271//9480
f 4239//9481 4252//9481 4287//9481
f 4252//9482 4283//9482 4287//9482
f 4239//9483 4287//9483 4288//9483
f 4272//9484 4239//9484 4289//9484
f 4254//9485 4290//9485 4275//9485
f 4241//9486 4291//9486 4256//9486
f 4256//9487 4291//9487 4264//9487
f 4263//9488 4257//9488 4292//9488
f 4264//9489 4285//9489 4248//9489
f 4257//9490 4249//9490 4292//9490
f 4293//9491 4292//9491 4249//9491
f 4249//9492 4269//9492 4293//9492
f 4286//9493 4279//9493 4294//9493
f 4279//9494 4278//9494 4294//9494
f 4286//9495 4295//9495 4296//9495
f 4269//9496 4265//9496 4293//9496
f 4265//9497 4282//9497 4297//9497
f 4265//9498 4297//9498 4293//9498
f 4286//9499 4296//9499 4281//9499
f 4296//9500 4297//9500 4282//9500
f 4281//9501 4296//9501 4282//9501
f 4283//9502 4262//9502 4298//9502
f 4262//9503 4274//9503 4298//9503
f 4273//9504 4272//9504 4299//9504
f 4300//9505 4241//9505 4275//9505
f 4291//9506 4241//9506 4300//9506
f 4284//9507 4263//9507 4292//9507
f 4296//9508 4295//9508 4301//9508
f 4295//9509 4286//9509 4301//9509
f 4302//9510 4294//9510 4278//9510
f 4278//9511 4280//9511 4302//9511
f 4280//9512 4271//9512 4303//9512
f 4283//9513 4298//9513 4287//9513
f 4239//9514 4288//9514 4289//9514
f 4254//9515 4273//9515 4304//9515
f 4254//9516 4304//9516 4290//9516
f 4274//9517 4284//9517 4305//9517
f 4284//9518 4292//9518 4306//9518
f 4307//9519 4264//9519 4291//9519
f 4250//9520 4276//9520 4277//9520
f 4296//9521 4308//9521 4309//9521
f 4308//9522 4296//9522 4301//9522
f 4296//9523 4309//9523 4297//9523
f 4280//9524 4303//9525 4302//9526
f 4303//9527 4271//9527 4310//9527
f 4271//9528 4277//9529 4310//9530
f 4274//9531 4311//9531 4298//9531
f 4272//9532 4289//9532 4312//9532
f 4305//9533 4311//9533 4274//9533
f 4299//9534 4304//9534 4273//9534
f 4305//9535 4284//9535 4306//9535
f 4285//9536 4264//9536 4307//9536
f 4292//9537 4293//9537 4313//9537
f 4293//9538 4297//9538 4314//9538
f 4309//9539 4314//9539 4297//9539
f 4277//9540 4276//9540 4315//9540
f 4301//9541 4286//9541 4316//9541
f 4294//9542 4316//9543 4286//9544
f 4302//9545 4317//9545 4294//9545
f 4287//9546 4298//9546 4318//9546
f 4287//9547 4318//9547 4288//9547
f 4272//9548 4312//9548 4299//9548
f 4300//9549 4319//9549 4291//9549
f 4306//9550 4292//9550 4320//9550
f 4292//9551 4313//9551 4320//9551
f 4293//9552 4314//9552 4313//9552
f 4309//9553 4321//9553 4314//9553
f 4308//9554 4321//9554 4309//9554
f 4301//9555 4322//9555 4308//9555
f 4301//9556 4316//9556 4322//9556
f 4317//9557 4302//9557 4323//9557
f 4323//9558 4302//9526 4303//9525
f 4298//9559 4311//9559 4324//9559
f 4300//9560 4275//9561 4319//9562
f 4307//9563 4291//9563 4319//9563
f 4307//9564 4325//9565 4285//9566
f 4313//9567 4314//9567 4326//9567
f 4285//9566 4325//9565 4276//9568
f 4294//9542 4327//9569 4316//9543
f 4327//9570 4294//9571 4317//9572
f 4303//9573 4310//9573 4328//9573
f 4277//9529 4315//9574 4310//9530
f 4298//9575 4324//9575 4318//9575
f 4289//9576 4288//9576 4312//9576
f 4329//9577 4275//9577 4290//9577
f 4275//9561 4329//9578 4319//9562
f 4314//9579 4330//9579 4326//9579
f 4314//9580 4321//9580 4330//9580
f 4276//9581 4325//9581 4315//9581
f 4322//9582 4331//9582 4308//9582
f 4308//9583 4331//9583 4321//9583
f 4317//9584 4323//9584 4332//9584
f 4303//9585 4328//9585 4323//9585
f 4310//9586 4315//9586 4328//9586
f 4299//9587 4312//9587 4333//9587
f 4304//9588 4299//9588 4333//9588
f 4290//9589 4304//9589 4334//9589
f 4290//9590 4334//9590 4329//9590
f 4321//9591 4331//9591 4330//9591
f 4288//9592 4318//9592 4335//9592
f 4288//9593 4335//9593 4312//9593
f 4311//9594 4305//9594 4336//9594
f 4305//9595 4306//9595 4320//9595
f 4320//9596 4336//9596 4305//9596
f 4319//9597 4329//9597 4337//9597
f 4337//9598 4338//9598 4319//9598
f 4307//9599 4319//9599 4338//9599
f 4320//9600 4313//9600 4339//9600
f 4313//9601 4326//9601 4339//9601
f 4326//9602 4330//9602 4340//9602
f 4331//9603 4341//9603 4330//9603
f 4317//9572 4332//9604 4327//9570
f 4342//9605 4315//9605 4325//9605
f 4328//9606 4315//9606 4343//9606
f 4344//9607 4324//9607 4311//9607
f 4318//9608 4324//9608 4345//9608
f 4324//9609 4344//9609 4345//9609
f 4304//9610 4333//9610 4346//9610
f 4304//9611 4346//9611 4334//9611
f 4326//9612 4340//9612 4339//9612
f 4330//9613 4341//9613 4340//9613
f 4332//9614 4347//9615 4327//9616
f 4327//9616 4347//9615 4348//9617
f 4332//9618 4323//9618 4349//9618
f 4349//9619 4323//9620 4328//9621
f 4342//9622 4343//9622 4315//9622
f 4335//9623 4318//9623 4345//9623
f 4335//9624 4345//9624 4350//9624
f 4335//9625 4350//9625 4312//9625
f 4312//9626 4350//9626 4333//9626
f 4344//9627 4311//9627 4336//9627
f 4333//9628 4350//9628 4346//9628
f 4336//9629 4320//9629 4351//9629
f 4338//9630 4352//9630 4307//9630
f 4325//9631 4307//9631 4352//9631
f 4342//9632 4325//9632 4352//9632
f 4332//9633 4349//9633 4347//9633
f 4322//9634 4341//9634 4331//9634
f 4327//9635 4348//9635 4316//9635
f 4349//9619 4328//9621 4353//9636
f 4328//9637 4343//9637 4353//9637
f 4350//9638 4345//9638 4354//9638
f 4346//9639 4350//9639 4354//9639
f 4344//9640 4336//9640 4351//9640
f 4329//9641 4334//9641 4337//9641
f 4320//9642 4355//9642 4351//9642
f 4339//9643 4355//9643 4320//9643
f 4342//9644 4352//9644 4356//9644
f 4339//9645 4340//9645 4357//9645
f 4343//9646 4356//9646 4353//9646
f 4342//9647 4356//9647 4343//9647
f 4322//9648 4348//9648 4341//9648
f 4316//9649 4348//9649 4322//9649
f 4352//9650 4338//9650 4337//9650
f 4357//9651 4355//9651 4339//9651
f 4340//9652 4358//9652 4357//9652
f 4359//9653 4347//9653 4349//9653
f 4340//9654 4341//9654 4358//9654
f 4341//9655 4348//9655 4358//9655
f 4348//9656 4347//9656 4359//9656
f 4360//9657 4345//9657 4344//9657
f 4354//9658 4345//9658 4360//9658
f 4354//9659 4360//9659 4361//9659
f 4354//9660 4361//9660 4334//9660
f 4346//9661 4354//9661 4334//9661
f 4362//9662 4344//9662 4351//9662
f 4360//9663 4344//9663 4362//9663
f 4337//9664 4334//9664 4363//9664
f 4355//9665 4362//9665 4351//9665
f 4364//9666 4337//9666 4363//9666
f 4337//9667 4364//9667 4352//9667
f 4352//9668 4364//9668 4356//9668
f 4356//9669 4364//9669 4353//9669
f 4349//9670 4365//9670 4366//9670
f 4349//9671 4353//9671 4365//9671
f 4353//9672 4364//9672 4365//9672
f 4366//9673 4359//9673 4349//9673
f 4358//9674 4348//9674 4367//9674
f 4367//9675 4359//9675 4366//9675
f 4367//9676 4348//9676 4359//9676
f 4361//9677 4360//9677 4362//9677
f 4363//9678 4334//9678 4361//9678
f 4368//9679 4362//9679 4355//9679
f 4368//9680 4355//9680 4369//9680
f 4369//9681 4355//9681 4357//9681
f 4358//9682 4369//9682 4357//9682
f 4358//9683 4367//9683 4369//9683
f 4362//9684 4370//9684 4361//9684
f 4361//9685 4370//9685 4363//9685
f 4370//9686 4362//9686 4368//9686
f 4363//9687 4365//9687 4364//9687
f 4370//9688 4365//9688 4363//9688
f 4367//9689 4368//9690 4369//9691
f 4370//9692 4368//9690 4367//9689
f 4366//9693 4370//9693 4367//9693
f 4365//9694 4370//9694 4366//9694
